0  0.000000  1.464346  0.000000  1.332646  1.332630  0.006548
1  0.000000  1.464346  0.000000  1.332646  1.332630  0.006548
2  0.000000  1.464345  0.000000  1.332646  1.332630  0.006548
3  0.000000  1.464345  0.000000  1.332646  1.332630  0.006548
4  0.000000  1.464345  0.000000  1.332646  1.332630  0.006548
5  0.000000  1.464345  0.000000  1.332645  1.332629  0.006548
6  0.000000  1.464345  0.000000  1.332645  1.332629  0.006548
7  0.000000  1.464344  0.000000  1.332644  1.332628  0.006548
8  0.000000  1.464344  0.000000  1.332644  1.332628  0.006548
9  0.000000  1.464343  0.000000  1.332643  1.332627  0.006548
10  0.000000  1.464343  0.000000  1.332642  1.332626  0.006548
11  0.000000  1.464342  0.000000  1.332642  1.332625  0.006548
12  0.000000  1.464341  0.000000  1.332641  1.332625  0.006548
13  0.000000  1.464341  0.000000  1.332640  1.332623  0.006548
14  0.000000  1.464340  0.000000  1.332638  1.332622  0.006548
15  0.000000  1.464339  0.000000  1.332637  1.332621  0.006548
16  0.000000  1.464338  0.000000  1.332636  1.332620  0.006548
17  0.000000  1.464337  0.000000  1.332635  1.332618  0.006548
18  0.000000  1.464336  0.000000  1.332633  1.332617  0.006548
19  0.000000  1.464335  0.000000  1.332632  1.332615  0.006548
20  0.000000  1.464334  0.000000  1.332630  1.332614  0.006548
21  0.000000  1.464333  0.000000  1.332628  1.332612  0.006549
22  0.000000  1.464331  0.000000  1.332626  1.332610  0.006549
23  0.000000  1.464330  0.000000  1.332624  1.332608  0.006549
24  0.000000  1.464328  0.000000  1.332622  1.332606  0.006549
25  0.000000  1.464327  0.000000  1.332620  1.332604  0.006549
26  0.000000  1.464325  0.000000  1.332618  1.332602  0.006549
27  0.000000  1.464324  0.000000  1.332616  1.332600  0.006549
28  0.000000  1.464322  0.000000  1.332614  1.332598  0.006549
29  0.000000  1.464320  0.000000  1.332611  1.332595  0.006549
30  0.000000  1.464319  0.000000  1.332609  1.332593  0.006549
31  0.000000  1.464317  0.000000  1.332606  1.332590  0.006550
32  0.000000  1.464315  0.000000  1.332603  1.332587  0.006550
33  0.000000  1.464313  0.000000  1.332601  1.332585  0.006550
34  0.000000  1.464311  0.000000  1.332598  1.332582  0.006550
35  0.000000  1.464309  0.000000  1.332595  1.332579  0.006550
36  0.000000  1.464306  0.000000  1.332592  1.332576  0.006550
37  0.000000  1.464304  0.000000  1.332589  1.332573  0.006550
38  0.000000  1.464302  0.000000  1.332586  1.332569  0.006551
39  0.000000  1.464300  0.000000  1.332582  1.332566  0.006551
40  0.000000  1.464297  0.000000  1.332579  1.332563  0.006551
41  0.000000  1.464295  0.000000  1.332575  1.332559  0.006551
42  0.000000  1.464292  0.000000  1.332572  1.332556  0.006551
43  0.000000  1.464290  0.000000  1.332568  1.332552  0.006551
44  0.000000  1.464287  0.000000  1.332565  1.332549  0.006552
45  0.000000  1.464284  0.000000  1.332561  1.332545  0.006552
46  0.000000  1.464281  0.000000  1.332557  1.332541  0.006552
47  0.000000  1.464279  0.000000  1.332553  1.332537  0.006552
48  0.000000  1.464276  0.000000  1.332549  1.332533  0.006552
49  0.000000  1.464273  0.000000  1.332545  1.332529  0.006553
50  0.000000  1.464270  0.000000  1.332541  1.332524  0.006553
51  0.000000  1.464266  0.000000  1.332536  1.332520  0.006553
52  0.000000  1.464263  0.000000  1.332532  1.332516  0.006553
53  0.000000  1.464260  0.000000  1.332527  1.332511  0.006553
54  0.000000  1.464257  0.000000  1.332523  1.332507  0.006554
55  0.000000  1.464253  0.000000  1.332518  1.332502  0.006554
56  0.000000  1.464250  0.000000  1.332513  1.332497  0.006554
57  0.000000  1.464247  0.000000  1.332508  1.332492  0.006554
58  0.000000  1.464243  0.000000  1.332504  1.332487  0.006554
59  0.000000  1.464239  0.000000  1.332499  1.332482  0.006555
60  0.000000  1.464236  0.000000  1.332493  1.332477  0.006555
61  0.000000  1.464232  0.000000  1.332488  1.332472  0.006555
62  0.000000  1.464228  0.000000  1.332483  1.332467  0.006555
63  0.000000  1.464224  0.000000  1.332478  1.332462  0.006556
64  0.000000  1.464221  0.000000  1.332472  1.332456  0.006556
65  0.000000  1.464217  0.000000  1.332467  1.332451  0.006556
66  0.000000  1.464213  0.000000  1.332461  1.332445  0.006557
67  0.000000  1.464208  0.000000  1.332455  1.332439  0.006557
68  0.000000  1.464204  0.000000  1.332450  1.332433  0.006557
69  0.000000  1.464200  0.000000  1.332444  1.332428  0.006557
70  0.000000  1.464196  0.000000  1.332438  1.332422  0.006558
71  0.000000  1.464191  0.000000  1.332432  1.332416  0.006558
72  0.000000  1.464187  0.000000  1.332426  1.332409  0.006558
73  0.000000  1.464183  0.000000  1.332419  1.332403  0.006559
74  0.000000  1.464178  0.000000  1.332413  1.332397  0.006559
75  0.000000  1.464173  0.000000  1.332407  1.332391  0.006559
76  0.000000  1.464169  0.000000  1.332400  1.332384  0.006559
77  0.000000  1.464164  0.000000  1.332394  1.332377  0.006560
78  0.000000  1.464159  0.000000  1.332387  1.332371  0.006560
79  0.000000  1.464154  0.000000  1.332380  1.332364  0.006560
80  0.000000  1.464150  0.000000  1.332373  1.332357  0.006561
81  0.000000  1.464145  0.000000  1.332367  1.332350  0.006561
82  0.000000  1.464140  0.000000  1.332360  1.332343  0.006561
83  0.000000  1.464134  0.000000  1.332352  1.332336  0.006562
84  0.000000  1.464129  0.000000  1.332345  1.332329  0.006562
85  0.000000  1.464124  0.000000  1.332338  1.332322  0.006562
86  0.000000  1.464119  0.000000  1.332331  1.332315  0.006563
87  0.000000  1.464113  0.000000  1.332323  1.332307  0.006563
88  0.000000  1.464108  0.000000  1.332316  1.332300  0.006563
89  0.000000  1.464103  0.000000  1.332308  1.332292  0.006564
90  0.000000  1.464097  0.000000  1.332300  1.332284  0.006564
91  0.000000  1.464092  0.000000  1.332293  1.332276  0.006565
92  0.000000  1.464086  0.000000  1.332285  1.332269  0.006565
93  0.000000  1.464080  0.000000  1.332277  1.332261  0.006565
94  0.000000  1.464074  0.000000  1.332269  1.332253  0.006566
95  0.000000  1.464069  0.000000  1.332261  1.332245  0.006566
96  0.000000  1.464063  0.000000  1.332253  1.332236  0.006566
97  0.000000  1.464057  0.000000  1.332244  1.332228  0.006567
98  0.000000  1.464051  0.000000  1.332236  1.332220  0.006567
99  0.000000  1.464045  0.000000  1.332227  1.332211  0.006568
100  0.000000  1.464038  0.000000  1.332219  1.332203  0.006568
101  0.000000  1.464032  0.000000  1.332210  1.332194  0.006568
102  0.000000  1.464026  0.000000  1.332201  1.332185  0.006569
103  0.000000  1.464020  0.000000  1.332193  1.332176  0.006569
104  0.000000  1.464013  0.000000  1.332184  1.332168  0.006570
105  0.000000  1.464007  0.000000  1.332175  1.332159  0.006570
106  0.000000  1.464000  0.000000  1.332166  1.332150  0.006571
107  0.000000  1.463994  0.000000  1.332157  1.332140  0.006571
108  0.000000  1.463987  0.000000  1.332147  1.332131  0.006571
109  0.000000  1.463980  0.000000  1.332138  1.332122  0.006572
110  0.000000  1.463974  0.000000  1.332129  1.332112  0.006572
111  0.000000  1.463967  0.000000  1.332119  1.332103  0.006573
112  0.000000  1.463960  0.000000  1.332110  1.332093  0.006573
113  0.000000  1.463953  0.000000  1.332100  1.332084  0.006574
114  0.000000  1.463946  0.000000  1.332090  1.332074  0.006574
115  0.000000  1.463939  0.000000  1.332080  1.332064  0.006575
116  0.000000  1.463932  0.000000  1.332070  1.332054  0.006575
117  0.000000  1.463925  0.000000  1.332060  1.332044  0.006576
118  0.000000  1.463917  0.000000  1.332050  1.332034  0.006576
119  0.000000  1.463910  0.000000  1.332040  1.332024  0.006577
120  0.000000  1.463903  0.000000  1.332030  1.332013  0.006577
121  0.000000  1.463895  0.000000  1.332019  1.332003  0.006578
122  0.000000  1.463888  0.000000  1.332009  1.331993  0.006578
123  0.000000  1.463880  0.000000  1.331998  1.331982  0.006579
124  0.000000  1.463872  0.000000  1.331988  1.331971  0.006579
125  0.000000  1.463865  0.000000  1.331977  1.331961  0.006580
126  0.000000  1.463857  0.000000  1.331966  1.331950  0.006580
127  0.000000  1.463849  0.000000  1.331955  1.331939  0.006581
128  0.000000  1.463841  0.000000  1.331944  1.331928  0.006581
129  0.000000  1.463833  0.000000  1.331933  1.331917  0.006582
130  0.000000  1.463825  0.000000  1.331922  1.331906  0.006582
131  0.000000  1.463817  0.000000  1.331911  1.331895  0.006583
132  0.000000  1.463809  0.000000  1.331900  1.331883  0.006583
133  0.000000  1.463801  0.000000  1.331888  1.331872  0.006584
134  0.000000  1.463793  0.000000  1.331877  1.331860  0.006584
135  0.000000  1.463784  0.000000  1.331865  1.331849  0.006585
136  0.000000  1.463776  0.000000  1.331854  1.331837  0.006585
137  0.000000  1.463768  0.000000  1.331842  1.331825  0.006586
138  0.000000  1.463759  0.000000  1.331830  1.331814  0.006587
139  0.000000  1.463750  0.000000  1.331818  1.331802  0.006587
140  0.000000  1.463742  0.000000  1.331806  1.331790  0.006588
141  0.000000  1.463733  0.000000  1.331794  1.331778  0.006588
142  0.000000  1.463724  0.000000  1.331782  1.331765  0.006589
143  0.000000  1.463716  0.000000  1.331769  1.331753  0.006590
144  0.000000  1.463707  0.000000  1.331757  1.331741  0.006590
145  0.000000  1.463698  0.000000  1.331745  1.331728  0.006591
146  0.000000  1.463689  0.000000  1.331732  1.331716  0.006591
147  0.000000  1.463680  0.000000  1.331720  1.331703  0.006592
148  0.000000  1.463671  0.000000  1.331707  1.331691  0.006592
149  0.000000  1.463661  0.000000  1.331694  1.331678  0.006593
150  0.000000  1.463652  0.000000  1.331681  1.331665  0.006594
151  0.000000  1.463643  0.000000  1.331668  1.331652  0.006594
152  0.000000  1.463633  0.000000  1.331655  1.331639  0.006595
153  0.000000  1.463624  0.000000  1.331642  1.331626  0.006596
154  0.000000  1.463615  0.000000  1.331629  1.331613  0.006596
155  0.000000  1.463605  0.000000  1.331616  1.331599  0.006597
156  0.000000  1.463595  0.000000  1.331602  1.331586  0.006597
157  0.000000  1.463586  0.000000  1.331589  1.331572  0.006598
158  0.000000  1.463576  0.000000  1.331575  1.331559  0.006599
159  0.000000  1.463566  0.000000  1.331562  1.331545  0.006599
160  0.000000  1.463556  0.000000  1.331548  1.331531  0.006600
161  0.000000  1.463546  0.000000  1.331534  1.331518  0.006601
162  0.000000  1.463536  0.000000  1.331520  1.331504  0.006601
163  0.000000  1.463526  0.000000  1.331506  1.331490  0.006602
164  0.000000  1.463516  0.000000  1.331492  1.331476  0.006603
165  0.000000  1.463506  0.000000  1.331478  1.331461  0.006603
166  0.000000  1.463496  0.000000  1.331464  1.331447  0.006604
167  0.000000  1.463485  0.000000  1.331449  1.331433  0.006605
168  0.000000  1.463475  0.000000  1.331435  1.331418  0.006605
169  0.000000  1.463465  0.000000  1.331420  1.331404  0.006606
170  0.000000  1.463454  0.000000  1.331406  1.331389  0.006607
171  0.000000  1.463444  0.000000  1.331391  1.331375  0.006608
172  0.000000  1.463433  0.000000  1.331376  1.331360  0.006608
173  0.000000  1.463422  0.000000  1.331361  1.331345  0.006609
174  0.000000  1.463412  0.000000  1.331346  1.331330  0.006610
175  0.000000  1.463401  0.000000  1.331331  1.331315  0.006610
176  0.000000  1.463390  0.000000  1.331316  1.331300  0.006611
177  0.000000  1.463379  0.000000  1.331301  1.331285  0.006612
178  0.000000  1.463368  0.000000  1.331286  1.331269  0.006613
179  0.000000  1.463357  0.000000  1.331270  1.331254  0.006613
180  0.000000  1.463346  0.000000  1.331255  1.331239  0.006614
181  0.000000  1.463335  0.000000  1.331239  1.331223  0.006615
182  0.000000  1.463323  0.000000  1.331224  1.331207  0.006616
183  0.000000  1.463312  0.000000  1.331208  1.331192  0.006616
184  0.000000  1.463301  0.000000  1.331192  1.331176  0.006617
185  0.000000  1.463289  0.000000  1.331176  1.331160  0.006618
186  0.000000  1.463278  0.000000  1.331160  1.331144  0.006619
187  0.000000  1.463266  0.000000  1.331144  1.331128  0.006619
188  0.000000  1.463255  0.000000  1.331128  1.331112  0.006620
189  0.000000  1.463243  0.000000  1.331112  1.331095  0.006621
190  0.000000  1.463231  0.000000  1.331096  1.331079  0.006622
191  0.000000  1.463219  0.000000  1.331079  1.331063  0.006622
192  0.000000  1.463208  0.000000  1.331063  1.331046  0.006623
193  0.000000  1.463196  0.000000  1.331046  1.331030  0.006624
194  0.000000  1.463184  0.000000  1.331029  1.331013  0.006625
195  0.000000  1.463172  0.000000  1.331013  1.330996  0.006626
196  0.000000  1.463159  0.000000  1.330996  1.330979  0.006626
197  0.000000  1.463147  0.000000  1.330979  1.330962  0.006627
198  0.000000  1.463135  0.000000  1.330962  1.330945  0.006628
199  0.000000  1.463123  0.000000  1.330945  1.330928  0.006629
200  0.000000  1.463110  0.000000  1.330928  1.330911  0.006630
201  0.000000  1.463098  0.000000  1.330910  1.330894  0.006631
202  0.000000  1.463085  0.000000  1.330893  1.330876  0.006631
203  0.000000  1.463073  0.000000  1.330876  1.330859  0.006632
204  0.000000  1.463060  0.000000  1.330858  1.330841  0.006633
205  0.000000  1.463048  0.000000  1.330840  1.330824  0.006634
206  0.000000  1.463035  0.000000  1.330823  1.330806  0.006635
207  0.000000  1.463022  0.000000  1.330805  1.330788  0.006636
208  0.000000  1.463009  0.000000  1.330787  1.330770  0.006636
209  0.000000  1.462996  0.000000  1.330769  1.330752  0.006637
210  0.000000  1.462983  0.000000  1.330751  1.330734  0.006638
211  0.000000  1.462970  0.000000  1.330733  1.330716  0.006639
212  0.000000  1.462957  0.000000  1.330715  1.330698  0.006640
213  0.000000  1.462944  0.000000  1.330696  1.330680  0.006641
214  0.000000  1.462931  0.000000  1.330678  1.330661  0.006642
215  0.000000  1.462917  0.000000  1.330659  1.330643  0.006643
216  0.000000  1.462904  0.000000  1.330641  1.330624  0.006643
217  0.000000  1.462891  0.000000  1.330622  1.330606  0.006644
218  0.000000  1.462877  0.000000  1.330603  1.330587  0.006645
219  0.000000  1.462864  0.000000  1.330585  1.330568  0.006646
220  0.000000  1.462850  0.000000  1.330566  1.330549  0.006647
221  0.000000  1.462836  0.000000  1.330547  1.330530  0.006648
222  0.000000  1.462823  0.000000  1.330528  1.330511  0.006649
223  0.000000  1.462809  0.000000  1.330508  1.330492  0.006650
224  0.000000  1.462795  0.000000  1.330489  1.330472  0.006651
225  0.000000  1.462781  0.000000  1.330470  1.330453  0.006652
226  0.000000  1.462767  0.000000  1.330450  1.330434  0.006653
227  0.000000  1.462753  0.000000  1.330431  1.330414  0.006653
228  0.000000  1.462739  0.000000  1.330411  1.330395  0.006654
229  0.000000  1.462725  0.000000  1.330391  1.330375  0.006655
230  0.000000  1.462711  0.000000  1.330372  1.330355  0.006656
231  0.000000  1.462696  0.000000  1.330352  1.330335  0.006657
232  0.000000  1.462682  0.000000  1.330332  1.330315  0.006658
233  0.000000  1.462667  0.000000  1.330312  1.330295  0.006659
234  0.000000  1.462653  0.000000  1.330292  1.330275  0.006660
235  0.000000  1.462638  0.000000  1.330272  1.330255  0.006661
236  0.000000  1.462624  0.000000  1.330251  1.330235  0.006662
237  0.000000  1.462609  0.000000  1.330231  1.330214  0.006663
238  0.000000  1.462594  0.000000  1.330210  1.330194  0.006664
239  0.000000  1.462580  0.000000  1.330190  1.330173  0.006665
240  0.000000  1.462565  0.000000  1.330169  1.330152  0.006666
241  0.000000  1.462550  0.000000  1.330148  1.330132  0.006667
242  0.000000  1.462535  0.000000  1.330128  1.330111  0.006668
243  0.000000  1.462520  0.000000  1.330107  1.330090  0.006669
244  0.000000  1.462505  0.000000  1.330086  1.330069  0.006670
245  0.000000  1.462490  0.000000  1.330065  1.330048  0.006671
246  0.000000  1.462474  0.000000  1.330043  1.330027  0.006672
247  0.000000  1.462459  0.000000  1.330022  1.330005  0.006673
248  0.000000  1.462444  0.000000  1.330001  1.329984  0.006674
249  0.000000  1.462428  0.000000  1.329979  1.329963  0.006675
250  0.000000  1.462413  0.000000  1.329958  1.329941  0.006676
251  0.000000  1.462397  0.000000  1.329936  1.329920  0.006677
252  0.000000  1.462382  0.000000  1.329915  1.329898  0.006678
253  0.000000  1.462366  0.000000  1.329893  1.329876  0.006679
254  0.000000  1.462350  0.000000  1.329871  1.329854  0.006680
255  0.000000  1.462334  0.000000  1.329849  1.329832  0.006681
256  0.000000  1.462319  0.000000  1.329827  1.329810  0.006682
257  0.000000  1.462303  0.000000  1.329805  1.329788  0.006683
258  0.000000  1.462287  0.000000  1.329783  1.329766  0.006684
259  0.000000  1.462271  0.000000  1.329760  1.329744  0.006685
260  0.000000  1.462254  0.000000  1.329738  1.329721  0.006687
261  0.000000  1.462238  0.000000  1.329716  1.329699  0.006688
262  0.000000  1.462222  0.000000  1.329693  1.329676  0.006689
263  0.000000  1.462206  0.000000  1.329670  1.329654  0.006690
264  0.000000  1.462189  0.000000  1.329648  1.329631  0.006691
265  0.000000  1.462173  0.000000  1.329625  1.329608  0.006692
266  0.000000  1.462157  0.000000  1.329602  1.329585  0.006693
267  0.000000  1.462140  0.000000  1.329579  1.329562  0.006694
268  0.000000  1.462123  0.000000  1.329556  1.329539  0.006695
269  0.000000  1.462107  0.000000  1.329533  1.329516  0.006696
270  0.000000  1.462090  0.000000  1.329509  1.329493  0.006697
271  0.000000  1.462073  0.000000  1.329486  1.329469  0.006699
272  0.000000  1.462056  0.000000  1.329463  1.329446  0.006700
273  0.000000  1.462039  0.000000  1.329439  1.329422  0.006701
274  0.000000  1.462022  0.000000  1.329416  1.329399  0.006702
275  0.000000  1.462005  0.000000  1.329392  1.329375  0.006703
276  0.000000  1.461988  0.000000  1.329368  1.329351  0.006704
277  0.000000  1.461971  0.000000  1.329344  1.329327  0.006705
278  0.000000  1.461954  0.000000  1.329320  1.329304  0.006707
279  0.000000  1.461937  0.000000  1.329296  1.329279  0.006708
280  0.000000  1.461919  0.000000  1.329272  1.329255  0.006709
281  0.000000  1.461902  0.000000  1.329248  1.329231  0.006710
282  0.000000  1.461884  0.000000  1.329224  1.329207  0.006711
283  0.000000  1.461867  0.000000  1.329199  1.329183  0.006712
284  0.000000  1.461849  0.000000  1.329175  1.329158  0.006714
285  0.000000  1.461831  0.000000  1.329150  1.329134  0.006715
286  0.000000  1.461814  0.000000  1.329126  1.329109  0.006716
287  0.000000  1.461796  0.000000  1.329101  1.329084  0.006717
288  0.000000  1.461778  0.000000  1.329076  1.329059  0.006718
289  0.000000  1.461760  0.000000  1.329051  1.329034  0.006719
290  0.000000  1.461742  0.000000  1.329026  1.329009  0.006721
291  0.000000  1.461724  0.000000  1.329001  1.328984  0.006722
292  0.000000  1.461706  0.000000  1.328976  1.328959  0.006723
293  0.000000  1.461688  0.000000  1.328951  1.328934  0.006724
294  0.000000  1.461670  0.000000  1.328926  1.328909  0.006725
295  0.000000  1.461651  0.000000  1.328900  1.328883  0.006727
296  0.000000  1.461633  0.000000  1.328875  1.328858  0.006728
297  0.000000  1.461615  0.000000  1.328849  1.328832  0.006729
298  0.000000  1.461596  0.000000  1.328824  1.328807  0.006730
299  0.000000  1.461578  0.000000  1.328798  1.328781  0.006732
300  0.000000  1.461559  0.000000  1.328772  1.328755  0.006733
301  0.000000  1.461540  0.000000  1.328746  1.328729  0.006734
302  0.000000  1.461521  0.000000  1.328720  1.328703  0.006735
303  0.000000  1.461503  0.000000  1.328694  1.328677  0.006737
304  0.000000  1.461484  0.000000  1.328668  1.328651  0.006738
305  0.000000  1.461465  0.000000  1.328641  1.328624  0.006739
306  0.000000  1.461446  0.000000  1.328615  1.328598  0.006740
307  0.000000  1.461427  0.000000  1.328589  1.328572  0.006742
308  0.000000  1.461408  0.000000  1.328562  1.328545  0.006743
309  0.000000  1.461389  0.000000  1.328536  1.328518  0.006744
310  0.000000  1.461369  0.000000  1.328509  1.328492  0.006745
311  0.000000  1.461350  0.000000  1.328482  1.328465  0.006747
312  0.000000  1.461331  0.000000  1.328455  1.328438  0.006748
313  0.000000  1.461311  0.000000  1.328428  1.328411  0.006749
314  0.000000  1.461292  0.000000  1.328401  1.328384  0.006751
315  0.000000  1.461272  0.000000  1.328374  1.328357  0.006752
316  0.000000  1.461253  0.000000  1.328347  1.328330  0.006753
317  0.000000  1.461233  0.000000  1.328319  1.328302  0.006754
318  0.000000  1.461213  0.000000  1.328292  1.328275  0.006756
319  0.000000  1.461193  0.000000  1.328265  1.328247  0.006757
320  0.000000  1.461174  0.000000  1.328237  1.328220  0.006758
321  0.000000  1.461154  0.000000  1.328209  1.328192  0.006760
322  0.000000  1.461134  0.000000  1.328182  1.328164  0.006761
323  0.000000  1.461114  0.000000  1.328154  1.328137  0.006762
324  0.000000  1.461093  0.000000  1.328126  1.328109  0.006764
325  0.000000  1.461073  0.000000  1.328098  1.328081  0.006765
326  0.000000  1.461053  0.000000  1.328070  1.328053  0.006766
327  0.000000  1.461033  0.000000  1.328042  1.328024  0.006768
328  0.000000  1.461012  0.000000  1.328013  1.327996  0.006769
329  0.000000  1.460992  0.000000  1.327985  1.327968  0.006771
330  0.000000  1.460971  0.000000  1.327957  1.327939  0.006772
331  0.000000  1.460951  0.000000  1.327928  1.327911  0.006773
332  0.000000  1.460930  0.000000  1.327899  1.327882  0.006775
333  0.000000  1.460910  0.000000  1.327871  1.327853  0.006776
334  0.000000  1.460889  0.000000  1.327842  1.327825  0.006777
335  0.000000  1.460868  0.000000  1.327813  1.327796  0.006779
336  0.000000  1.460847  0.000000  1.327784  1.327767  0.006780
337  0.000000  1.460826  0.000000  1.327755  1.327738  0.006782
338  0.000000  1.460805  0.000000  1.327726  1.327709  0.006783
339  0.000000  1.460784  0.000000  1.327697  1.327679  0.006784
340  0.000000  1.460763  0.000000  1.327667  1.327650  0.006786
341  0.000000  1.460742  0.000000  1.327638  1.327621  0.006787
342  0.000000  1.460721  0.000000  1.327609  1.327591  0.006789
343  0.000000  1.460699  0.000000  1.327579  1.327562  0.006790
344  0.000000  1.460678  0.000000  1.327549  1.327532  0.006791
345  0.000000  1.460656  0.000000  1.327520  1.327502  0.006793
346  0.000000  1.460635  0.000000  1.327490  1.327472  0.006794
347  0.000000  1.460613  0.000000  1.327460  1.327443  0.006796
348  0.000000  1.460592  0.000000  1.327430  1.327413  0.006797
349  0.000000  1.460570  0.000000  1.327400  1.327382  0.006799
350  0.000000  1.460548  0.000000  1.327370  1.327352  0.006800
351  0.000000  1.460526  0.000000  1.327339  1.327322  0.006801
352  0.000000  1.460505  0.000000  1.327309  1.327292  0.006803
353  0.000000  1.460483  0.000000  1.327279  1.327261  0.006804
354  0.000000  1.460461  0.000000  1.327248  1.327231  0.006806
355  0.000000  1.460439  0.000000  1.327218  1.327200  0.006807
356  0.000000  1.460416  0.000000  1.327187  1.327169  0.006809
357  0.000000  1.460394  0.000000  1.327156  1.327139  0.006810
358  0.000000  1.460372  0.000000  1.327125  1.327108  0.006812
359  0.000000  1.460350  0.000000  1.327094  1.327077  0.006813
360  0.000000  1.460327  0.000000  1.327063  1.327046  0.006815
361  0.000000  1.460305  0.000000  1.327032  1.327015  0.006816
362  0.000000  1.460282  0.000000  1.327001  1.326983  0.006818
363  0.000000  1.460260  0.000000  1.326970  1.326952  0.006819
364  0.000000  1.460237  0.000000  1.326938  1.326921  0.006821
365  0.000000  1.460214  0.000000  1.326907  1.326889  0.006822
366  0.000000  1.460192  0.000000  1.326875  1.326858  0.006824
367  0.000000  1.460169  0.000000  1.326844  1.326826  0.006825
368  0.000000  1.460146  0.000000  1.326812  1.326794  0.006827
369  0.000000  1.460123  0.000000  1.326780  1.326763  0.006828
370  0.000000  1.460100  0.000000  1.326748  1.326731  0.006830
371  0.000000  1.460077  0.000000  1.326716  1.326699  0.006831
372  0.000000  1.460054  0.000000  1.326684  1.326667  0.006833
373  0.000000  1.460031  0.000000  1.326652  1.326634  0.006834
374  0.000000  1.460007  0.000000  1.326620  1.326602  0.006836
375  0.000000  1.459984  0.000000  1.326587  1.326570  0.006838
376  0.000000  1.459961  0.000000  1.326555  1.326537  0.006839
377  0.000000  1.459937  0.000000  1.326522  1.326505  0.006841
378  0.000000  1.459914  0.000000  1.326490  1.326472  0.006842
379  0.000000  1.459890  0.000000  1.326457  1.326440  0.006844
380  0.000000  1.459866  0.000000  1.326424  1.326407  0.006845
381  0.000000  1.459843  0.000000  1.326392  1.326374  0.006847
382  0.000000  1.459819  0.000000  1.326359  1.326341  0.006849
383  0.000000  1.459795  0.000000  1.326326  1.326308  0.006850
384  0.000000  1.459771  0.000000  1.326293  1.326275  0.006852
385  0.000000  1.459747  0.000000  1.326259  1.326242  0.006853
386  0.000000  1.459723  0.000000  1.326226  1.326208  0.006855
387  0.000000  1.459699  0.000000  1.326193  1.326175  0.006857
388  0.000000  1.459675  0.000000  1.326159  1.326141  0.006858
389  0.000000  1.459651  0.000000  1.326126  1.326108  0.006860
390  0.000000  1.459627  0.000000  1.326092  1.326074  0.006861
391  0.000000  1.459602  0.000000  1.326058  1.326041  0.006863
392  0.000000  1.459578  0.000000  1.326025  1.326007  0.006865
393  0.000000  1.459553  0.000000  1.325991  1.325973  0.006866
394  0.000000  1.459529  0.000000  1.325957  1.325939  0.006868
395  0.000000  1.459504  0.000000  1.325923  1.325905  0.006870
396  0.000000  1.459480  0.000000  1.325888  1.325871  0.006871
397  0.000000  1.459455  0.000000  1.325854  1.325836  0.006873
398  0.000000  1.459430  0.000000  1.325820  1.325802  0.006874
399  0.000000  1.459405  0.000000  1.325785  1.325768  0.006876
400  0.000000  1.459380  0.000000  1.325751  1.325733  0.006878
401  0.000000  1.459355  0.000000  1.325716  1.325699  0.006879
402  0.000000  1.459330  0.000000  1.325682  1.325664  0.006881
403  0.000000  1.459305  0.000000  1.325647  1.325629  0.006883
404  0.000000  1.459280  0.000000  1.325612  1.325594  0.006884
405  0.000000  1.459255  0.000000  1.325577  1.325559  0.006886
406  0.000000  1.459230  0.000000  1.325542  1.325524  0.006888
407  0.000000  1.459204  0.000000  1.325507  1.325489  0.006890
408  0.000000  1.459179  0.000000  1.325472  1.325454  0.006891
409  0.000000  1.459153  0.000000  1.325437  1.325419  0.006893
410  0.000000  1.459128  0.000000  1.325401  1.325383  0.006895
411  0.000000  1.459102  0.000000  1.325366  1.325348  0.006896
412  0.000000  1.459077  0.000000  1.325330  1.325312  0.006898
413  0.000000  1.459051  0.000000  1.325295  1.325277  0.006900
414  0.000000  1.459025  0.000000  1.325259  1.325241  0.006901
415  0.000000  1.458999  0.000000  1.325223  1.325205  0.006903
416  0.000000  1.458973  0.000000  1.325187  1.325169  0.006905
417  0.000000  1.458947  0.000000  1.325151  1.325133  0.006907
418  0.000000  1.458921  0.000000  1.325115  1.325097  0.006908
419  0.000000  1.458895  0.000000  1.325079  1.325061  0.006910
420  0.000000  1.458869  0.000000  1.325043  1.325025  0.006912
421  0.000000  1.458843  0.000000  1.325006  1.324988  0.006914
422  0.000000  1.458816  0.000000  1.324970  1.324952  0.006915
423  0.000000  1.458790  0.000000  1.324934  1.324915  0.006917
424  0.000000  1.458764  0.000000  1.324897  1.324879  0.006919
425  0.000000  1.458737  0.000000  1.324860  1.324842  0.006921
426  0.000000  1.458711  0.000000  1.324824  1.324805  0.006922
427  0.000000  1.458684  0.000000  1.324787  1.324769  0.006924
428  0.000000  1.458657  0.000000  1.324750  1.324732  0.006926
429  0.000000  1.458631  0.000000  1.324713  1.324695  0.006928
430  0.000000  1.458604  0.000000  1.324676  1.324658  0.006930
431  0.000000  1.458577  0.000000  1.324638  1.324620  0.006931
432  0.000000  1.458550  0.000000  1.324601  1.324583  0.006933
433  0.000000  1.458523  0.000000  1.324564  1.324546  0.006935
434  0.000000  1.458496  0.000000  1.324526  1.324508  0.006937
435  0.000000  1.458469  0.000000  1.324489  1.324471  0.006939
436  0.000000  1.458442  0.000000  1.324451  1.324433  0.006940
437  0.000000  1.458414  0.000000  1.324414  1.324395  0.006942
438  0.000000  1.458387  0.000000  1.324376  1.324358  0.006944
439  0.000000  1.458360  0.000000  1.324338  1.324320  0.006946
440  0.000000  1.458332  0.000000  1.324300  1.324282  0.006948
441  0.000000  1.458305  0.000000  1.324262  1.324244  0.006949
442  0.000000  1.458277  0.000000  1.324224  1.324205  0.006951
443  0.000000  1.458249  0.000000  1.324185  1.324167  0.006953
444  0.000000  1.458222  0.000000  1.324147  1.324129  0.006955
445  0.000000  1.458194  0.000000  1.324109  1.324090  0.006957
446  0.000000  1.458166  0.000000  1.324070  1.324052  0.006959
447  0.000000  1.458138  0.000000  1.324032  1.324013  0.006961
448  0.000000  1.458110  0.000000  1.323993  1.323975  0.006962
449  0.000000  1.458082  0.000000  1.323954  1.323936  0.006964
450  0.000000  1.458054  0.000000  1.323915  1.323897  0.006966
451  0.000000  1.458026  0.000000  1.323877  1.323858  0.006968
452  0.000000  1.457998  0.000000  1.323838  1.323819  0.006970
453  0.000000  1.457970  0.000000  1.323798  1.323780  0.006972
454  0.000000  1.457941  0.000000  1.323759  1.323741  0.006974
455  0.000000  1.457913  0.000000  1.323720  1.323702  0.006976
456  0.000000  1.457885  0.000000  1.323681  1.323662  0.006977
457  0.000000  1.457856  0.000000  1.323641  1.323623  0.006979
458  0.000000  1.457827  0.000000  1.323602  1.323583  0.006981
459  0.000000  1.457799  0.000000  1.323562  1.323544  0.006983
460  0.000000  1.457770  0.000000  1.323522  1.323504  0.006985
461  0.000000  1.457741  0.000000  1.323483  1.323464  0.006987
462  0.000000  1.457712  0.000000  1.323443  1.323424  0.006989
463  0.000000  1.457684  0.000000  1.323403  1.323384  0.006991
464  0.000000  1.457655  0.000000  1.323363  1.323344  0.006993
465  0.000000  1.457626  0.000000  1.323323  1.323304  0.006995
466  0.000000  1.457596  0.000000  1.323282  1.323264  0.006997
467  0.000000  1.457567  0.000000  1.323242  1.323223  0.006999
468  0.000000  1.457538  0.000000  1.323202  1.323183  0.007001
469  0.000000  1.457509  0.000000  1.323161  1.323143  0.007002
470  0.000000  1.457479  0.000000  1.323121  1.323102  0.007004
471  0.000000  1.457450  0.000000  1.323080  1.323061  0.007006
472  0.000000  1.457421  0.000000  1.323039  1.323021  0.007008
473  0.000000  1.457391  0.000000  1.322998  1.322980  0.007010
474  0.000000  1.457361  0.000000  1.322957  1.322939  0.007012
475  0.000000  1.457332  0.000000  1.322916  1.322898  0.007014
476  0.000000  1.457302  0.000000  1.322875  1.322857  0.007016
477  0.000000  1.457272  0.000000  1.322834  1.322816  0.007018
478  0.000000  1.457242  0.000000  1.322793  1.322774  0.007020
479  0.000000  1.457212  0.000000  1.322752  1.322733  0.007022
480  0.000000  1.457182  0.000000  1.322710  1.322691  0.007024
481  0.000000  1.457152  0.000000  1.322669  1.322650  0.007026
482  0.000000  1.457122  0.000000  1.322627  1.322608  0.007028
483  0.000000  1.457092  0.000000  1.322585  1.322567  0.007030
484  0.000000  1.457062  0.000000  1.322543  1.322525  0.007032
485  0.000000  1.457032  0.000000  1.322502  1.322483  0.007034
486  0.000000  1.457001  0.000000  1.322460  1.322441  0.007036
487  0.000000  1.456971  0.000000  1.322418  1.322399  0.007038
488  0.000000  1.456940  0.000000  1.322375  1.322357  0.007040
489  0.000000  1.456910  0.000000  1.322333  1.322314  0.007042
490  0.000000  1.456879  0.000000  1.322291  1.322272  0.007044
491  0.000000  1.456848  0.000000  1.322249  1.322230  0.007047
492  0.000000  1.456818  0.000000  1.322206  1.322187  0.007049
493  0.000000  1.456787  0.000000  1.322163  1.322145  0.007051
494  0.000000  1.456756  0.000000  1.322121  1.322102  0.007053
495  0.000000  1.456725  0.000000  1.322078  1.322059  0.007055
496  0.000000  1.456694  0.000000  1.322035  1.322016  0.007057
497  0.000000  1.456663  0.000000  1.321992  1.321974  0.007059
498  0.000000  1.456632  0.000000  1.321949  1.321930  0.007061
499  0.000000  1.456601  0.000000  1.321906  1.321887  0.007063
500  0.000000  1.456569  0.000000  1.321863  1.321844  0.007065
501  0.000000  1.456538  0.000000  1.321820  1.321801  0.007067
502  0.000000  1.456507  0.000000  1.321776  1.321758  0.007069
503  0.000000  1.456475  0.000000  1.321733  1.321714  0.007071
504  0.000000  1.456444  0.000000  1.321690  1.321671  0.007074
505  0.000000  1.456412  0.000000  1.321646  1.321627  0.007076
506  0.000000  1.456380  0.000000  1.321602  1.321583  0.007078
507  0.000000  1.456349  0.000000  1.321558  1.321539  0.007080
508  0.000000  1.456317  0.000000  1.321515  1.321496  0.007082
509  0.000000  1.456285  0.000000  1.321471  1.321452  0.007084
510  0.000000  1.456253  0.000000  1.321427  1.321408  0.007086
511  0.000000  1.456221  0.000000  1.321382  1.321363  0.007088
512  0.000000  1.456189  0.000000  1.321338  1.321319  0.007091
513  0.000000  1.456157  0.000000  1.321294  1.321275  0.007093
514  0.000000  1.456125  0.000000  1.321250  1.321230  0.007095
515  0.000000  1.456093  0.000000  1.321205  1.321186  0.007097
516  0.000000  1.456061  0.000000  1.321160  1.321141  0.007099
517  0.000000  1.456028  0.000000  1.321116  1.321097  0.007101
518  0.000000  1.455996  0.000000  1.321071  1.321052  0.007103
519  0.000000  1.455963  0.000000  1.321026  1.321007  0.007106
520  0.000000  1.455931  0.000000  1.320981  1.320962  0.007108
521  0.000000  1.455898  0.000000  1.320936  1.320917  0.007110
522  0.000000  1.455865  0.000000  1.320891  1.320872  0.007112
523  0.000000  1.455833  0.000000  1.320846  1.320827  0.007114
524  0.000000  1.455800  0.000000  1.320801  1.320782  0.007117
525  0.000000  1.455767  0.000000  1.320755  1.320736  0.007119
526  0.000000  1.455734  0.000000  1.320710  1.320691  0.007121
527  0.000000  1.455701  0.000000  1.320665  1.320645  0.007123
528  0.000000  1.455668  0.000000  1.320619  1.320600  0.007125
529  0.000000  1.455635  0.000000  1.320573  1.320554  0.007128
530  0.000000  1.455602  0.000000  1.320527  1.320508  0.007130
531  0.000000  1.455569  0.000000  1.320482  1.320462  0.007132
532  0.000000  1.455535  0.000000  1.320436  1.320416  0.007134
533  0.000000  1.455502  0.000000  1.320390  1.320370  0.007136
534  0.000000  1.455468  0.000000  1.320343  1.320324  0.007139
535  0.000000  1.455435  0.000000  1.320297  1.320278  0.007141
536  0.000000  1.455401  0.000000  1.320251  1.320232  0.007143
537  0.000000  1.455368  0.000000  1.320205  1.320185  0.007145
538  0.000000  1.455334  0.000000  1.320158  1.320139  0.007148
539  0.000000  1.455300  0.000000  1.320112  1.320092  0.007150
540  0.000000  1.455266  0.000000  1.320065  1.320045  0.007152
541  0.000000  1.455233  0.000000  1.320018  1.319999  0.007154
542  0.000000  1.455199  0.000000  1.319971  1.319952  0.007157
543  0.000000  1.455165  0.000000  1.319924  1.319905  0.007159
544  0.000000  1.455131  0.000000  1.319877  1.319858  0.007161
545  0.000000  1.455096  0.000000  1.319830  1.319811  0.007164
546  0.000000  1.455062  0.000000  1.319783  1.319764  0.007166
547  0.000000  1.455028  0.000000  1.319736  1.319716  0.007168
548  0.000000  1.454994  0.000000  1.319689  1.319669  0.007170
549  0.000000  1.454959  0.000000  1.319641  1.319622  0.007173
550  0.000000  1.454925  0.000000  1.319594  1.319574  0.007175
551  0.000000  1.454890  0.000000  1.319546  1.319526  0.007177
552  0.000000  1.454856  0.000000  1.319498  1.319479  0.007180
553  0.000000  1.454821  0.000000  1.319450  1.319431  0.007182
554  0.000000  1.454786  0.000000  1.319403  1.319383  0.007184
555  0.000000  1.454751  0.000000  1.319355  1.319335  0.007187
556  0.000000  1.454717  0.000000  1.319307  1.319287  0.007189
557  0.000000  1.454682  0.000000  1.319259  1.319239  0.007191
558  0.000000  1.454647  0.000000  1.319210  1.319191  0.007194
559  0.000000  1.454612  0.000000  1.319162  1.319142  0.007196
560  0.000000  1.454577  0.000000  1.319114  1.319094  0.007198
561  0.000000  1.454541  0.000000  1.319065  1.319045  0.007201
562  0.000000  1.454506  0.000000  1.319017  1.318997  0.007203
563  0.000000  1.454471  0.000000  1.318968  1.318948  0.007205
564  0.000000  1.454435  0.000000  1.318919  1.318899  0.007208
565  0.000000  1.454400  0.000000  1.318870  1.318851  0.007210
566  0.000000  1.454365  0.000000  1.318821  1.318802  0.007212
567  0.000000  1.454329  0.000000  1.318772  1.318753  0.007215
568  0.000000  1.454293  0.000000  1.318723  1.318704  0.007217
569  0.000000  1.454258  0.000000  1.318674  1.318654  0.007220
570  0.000000  1.454222  0.000000  1.318625  1.318605  0.007222
571  0.000000  1.454186  0.000000  1.318576  1.318556  0.007224
572  0.000000  1.454150  0.000000  1.318526  1.318506  0.007227
573  0.000000  1.454114  0.000000  1.318477  1.318457  0.007229
574  0.000000  1.454078  0.000000  1.318427  1.318407  0.007232
575  0.000000  1.454042  0.000000  1.318377  1.318357  0.007234
576  0.000000  1.454006  0.000000  1.318328  1.318308  0.007236
577  0.000000  1.453970  0.000000  1.318278  1.318258  0.007239
578  0.000000  1.453934  0.000000  1.318228  1.318208  0.007241
579  0.000000  1.453897  0.000000  1.318178  1.318158  0.007244
580  0.000000  1.453861  0.000000  1.318128  1.318108  0.007246
581  0.000000  1.453824  0.000000  1.318077  1.318057  0.007249
582  0.000000  1.453788  0.000000  1.318027  1.318007  0.007251
583  0.000000  1.453751  0.000000  1.317977  1.317957  0.007253
584  0.000000  1.453715  0.000000  1.317926  1.317906  0.007256
585  0.000000  1.453678  0.000000  1.317876  1.317856  0.007258
586  0.000000  1.453641  0.000000  1.317825  1.317805  0.007261
587  0.000000  1.453604  0.000000  1.317774  1.317754  0.007263
588  0.000000  1.453567  0.000000  1.317723  1.317703  0.007266
589  0.000000  1.453530  0.000000  1.317672  1.317652  0.007268
590  0.000000  1.453493  0.000000  1.317621  1.317601  0.007271
591  0.000000  1.453456  0.000000  1.317570  1.317550  0.007273
592  0.000000  1.453419  0.000000  1.317519  1.317499  0.007276
593  0.000000  1.453382  0.000000  1.317468  1.317448  0.007278
594  0.000000  1.453344  0.000000  1.317417  1.317396  0.007281
595  0.000000  1.453307  0.000000  1.317365  1.317345  0.007283
596  0.000000  1.453270  0.000000  1.317314  1.317293  0.007286
597  0.000000  1.453232  0.000000  1.317262  1.317242  0.007288
598  0.000000  1.453195  0.000000  1.317210  1.317190  0.007291
599  0.000000  1.453157  0.000000  1.317159  1.317138  0.007293
600  0.000000  1.453119  0.000000  1.317107  1.317086  0.007296
601  0.000000  1.453082  0.000000  1.317055  1.317035  0.007298
602  0.000000  1.453044  0.000000  1.317003  1.316982  0.007301
603  0.000000  1.453006  0.000000  1.316951  1.316930  0.007303
604  0.000000  1.452968  0.000000  1.316898  1.316878  0.007306
605  0.000000  1.452930  0.000000  1.316846  1.316826  0.007308
606  0.000000  1.452892  0.000000  1.316794  1.316773  0.007311
607  0.000000  1.452854  0.000000  1.316741  1.316721  0.007313
608  0.000000  1.452815  0.000000  1.316689  1.316668  0.007316
609  0.000000  1.452777  0.000000  1.316636  1.316616  0.007319
610  0.000000  1.452739  0.000000  1.316583  1.316563  0.007321
611  0.000000  1.452700  0.000000  1.316530  1.316510  0.007324
612  0.000000  1.452662  0.000000  1.316477  1.316457  0.007326
613  0.000000  1.452623  0.000000  1.316424  1.316404  0.007329
614  0.000000  1.452585  0.000000  1.316371  1.316351  0.007331
615  0.000000  1.452546  0.000000  1.316318  1.316298  0.007334
616  0.000000  1.452507  0.000000  1.316265  1.316244  0.007337
617  0.000000  1.452469  0.000000  1.316212  1.316191  0.007339
618  0.000000  1.452430  0.000000  1.316158  1.316138  0.007342
619  0.000000  1.452391  0.000000  1.316105  1.316084  0.007344
620  0.000000  1.452352  0.000000  1.316051  1.316031  0.007347
621  0.000000  1.452313  0.000000  1.315997  1.315977  0.007350
622  0.000000  1.452274  0.000000  1.315944  1.315923  0.007352
623  0.000000  1.452235  0.000000  1.315890  1.315869  0.007355
624  0.000000  1.452195  0.000000  1.315836  1.315815  0.007357
625  0.000000  1.452156  0.000000  1.315782  1.315761  0.007360
626  0.000000  1.452117  0.000000  1.315728  1.315707  0.007363
627  0.000000  1.452077  0.000000  1.315673  1.315653  0.007365
628  0.000000  1.452038  0.000000  1.315619  1.315598  0.007368
629  0.000000  1.451998  0.000000  1.315565  1.315544  0.007371
630  0.000000  1.451958  0.000000  1.315510  1.315489  0.007373
631  0.000000  1.451919  0.000000  1.315456  1.315435  0.007376
632  0.000000  1.451879  0.000000  1.315401  1.315380  0.007379
633  0.000000  1.451839  0.000000  1.315346  1.315325  0.007381
634  0.000000  1.451799  0.000000  1.315291  1.315271  0.007384
635  0.000000  1.451759  0.000000  1.315236  1.315216  0.007387
636  0.000000  1.451719  0.000000  1.315181  1.315161  0.007389
637  0.000000  1.451679  0.000000  1.315126  1.315106  0.007392
638  0.000000  1.451639  0.000000  1.315071  1.315050  0.007395
639  0.000000  1.451599  0.000000  1.315016  1.314995  0.007397
640  0.000000  1.451558  0.000000  1.314960  1.314940  0.007400
641  0.000000  1.451518  0.000000  1.314905  1.314884  0.007403
642  0.000000  1.451478  0.000000  1.314850  1.314829  0.007406
643  0.000000  1.451437  0.000000  1.314794  1.314773  0.007408
644  0.000000  1.451397  0.000000  1.314738  1.314717  0.007411
645  0.000000  1.451356  0.000000  1.314682  1.314662  0.007414
646  0.000000  1.451315  0.000000  1.314627  1.314606  0.007416
647  0.000000  1.451275  0.000000  1.314571  1.314550  0.007419
648  0.000000  1.451234  0.000000  1.314515  1.314494  0.007422
649  0.000000  1.451193  0.000000  1.314458  1.314437  0.007425
650  0.000000  1.451152  0.000000  1.314402  1.314381  0.007427
651  0.000000  1.451111  0.000000  1.314346  1.314325  0.007430
652  0.000000  1.451070  0.000000  1.314289  1.314268  0.007433
653  0.000000  1.451029  0.000000  1.314233  1.314212  0.007436
654  0.000000  1.450988  0.000000  1.314176  1.314155  0.007438
655  0.000000  1.450946  0.000000  1.314120  1.314099  0.007441
656  0.000000  1.450905  0.000000  1.314063  1.314042  0.007444
657  0.000000  1.450864  0.000000  1.314006  1.313985  0.007447
658  0.000000  1.450822  0.000000  1.313949  1.313928  0.007449
659  0.000000  1.450781  0.000000  1.313892  1.313871  0.007452
660  0.000000  1.450739  0.000000  1.313835  1.313814  0.007455
661  0.000000  1.450697  0.000000  1.313778  1.313757  0.007458
662  0.000000  1.450656  0.000000  1.313721  1.313699  0.007461
663  0.000000  1.450614  0.000000  1.313663  1.313642  0.007463
664  0.000000  1.450572  0.000000  1.313606  1.313585  0.007466
665  0.000000  1.450530  0.000000  1.313548  1.313527  0.007469
666  0.000000  1.450488  0.000000  1.313491  1.313469  0.007472
667  0.000000  1.450446  0.000000  1.313433  1.313412  0.007475
668  0.000000  1.450404  0.000000  1.313375  1.313354  0.007477
669  0.000000  1.450362  0.000000  1.313317  1.313296  0.007480
670  0.000000  1.450320  0.000000  1.313259  1.313238  0.007483
671  0.000000  1.450277  0.000000  1.313201  1.313180  0.007486
672  0.000000  1.450235  0.000000  1.313143  1.313122  0.007489
673  0.000000  1.450192  0.000000  1.313085  1.313064  0.007492
674  0.000000  1.450150  0.000000  1.313027  1.313005  0.007494
675  0.000000  1.450107  0.000000  1.312968  1.312947  0.007497
676  0.000000  1.450065  0.000000  1.312910  1.312888  0.007500
677  0.000000  1.450022  0.000000  1.312851  1.312830  0.007503
678  0.000000  1.449979  0.000000  1.312792  1.312771  0.007506
679  0.000000  1.449936  0.000000  1.312734  1.312712  0.007509
680  0.000000  1.449894  0.000000  1.312675  1.312653  0.007512
681  0.000000  1.449851  0.000000  1.312616  1.312594  0.007515
682  0.000000  1.449808  0.000000  1.312557  1.312535  0.007517
683  0.000000  1.449764  0.000000  1.312498  1.312476  0.007520
684  0.000000  1.449721  0.000000  1.312439  1.312417  0.007523
685  0.000000  1.449678  0.000000  1.312379  1.312358  0.007526
686  0.000000  1.449635  0.000000  1.312320  1.312298  0.007529
687  0.000000  1.449591  0.000000  1.312261  1.312239  0.007532
688  0.000000  1.449548  0.000000  1.312201  1.312179  0.007535
689  0.000000  1.449504  0.000000  1.312141  1.312120  0.007538
690  0.000000  1.449461  0.000000  1.312082  1.312060  0.007541
691  0.000000  1.449417  0.000000  1.312022  1.312000  0.007544
692  0.000000  1.449374  0.000000  1.311962  1.311940  0.007547
693  0.000000  1.449330  0.000000  1.311902  1.311880  0.007549
694  0.000000  1.449286  0.000000  1.311842  1.311820  0.007552
695  0.000000  1.449242  0.000000  1.311782  1.311760  0.007555
696  0.000000  1.449198  0.000000  1.311722  1.311700  0.007558
697  0.000000  1.449154  0.000000  1.311661  1.311639  0.007561
698  0.000000  1.449110  0.000000  1.311601  1.311579  0.007564
699  0.000000  1.449066  0.000000  1.311540  1.311518  0.007567
700  0.000000  1.449022  0.000000  1.311480  1.311458  0.007570
701  0.000000  1.448977  0.000000  1.311419  1.311397  0.007573
702  0.000000  1.448933  0.000000  1.311358  1.311336  0.007576
703  0.000000  1.448889  0.000000  1.311297  1.311276  0.007579
704  0.000000  1.448844  0.000000  1.311237  1.311215  0.007582
705  0.000000  1.448800  0.000000  1.311175  1.311154  0.007585
706  0.000000  1.448755  0.000000  1.311114  1.311092  0.007588
707  0.000000  1.448710  0.000000  1.311053  1.311031  0.007591
708  0.000000  1.448666  0.000000  1.310992  1.310970  0.007594
709  0.000000  1.448621  0.000000  1.310931  1.310909  0.007597
710  0.000000  1.448576  0.000000  1.310869  1.310847  0.007600
711  0.000000  1.448531  0.000000  1.310808  1.310785  0.007603
712  0.000000  1.448486  0.000000  1.310746  1.310724  0.007606
713  0.000000  1.448441  0.000000  1.310684  1.310662  0.007609
714  0.000000  1.448396  0.000000  1.310622  1.310600  0.007612
715  0.000000  1.448351  0.000000  1.310560  1.310538  0.007615
716  0.000000  1.448305  0.000000  1.310498  1.310476  0.007618
717  0.000000  1.448260  0.000000  1.310436  1.310414  0.007621
718  0.000000  1.448215  0.000000  1.310374  1.310352  0.007624
719  0.000000  1.448169  0.000000  1.310312  1.310290  0.007627
720  0.000000  1.448124  0.000000  1.310250  1.310227  0.007630
721  0.000000  1.448078  0.000000  1.310187  1.310165  0.007633
722  0.000000  1.448032  0.000000  1.310125  1.310102  0.007636
723  0.000000  1.447987  0.000000  1.310062  1.310040  0.007640
724  0.000000  1.447941  0.000000  1.309999  1.309977  0.007643
725  0.000000  1.447895  0.000000  1.309937  1.309914  0.007646
726  0.000000  1.447849  0.000000  1.309874  1.309852  0.007649
727  0.000000  1.447803  0.000000  1.309811  1.309789  0.007652
728  0.000000  1.447757  0.000000  1.309748  1.309725  0.007655
729  0.000000  1.447711  0.000000  1.309685  1.309662  0.007658
730  0.000000  1.447665  0.000000  1.309622  1.309599  0.007661
731  0.000000  1.447619  0.000000  1.309558  1.309536  0.007664
732  0.000000  1.447572  0.000000  1.309495  1.309472  0.007667
733  0.000000  1.447526  0.000000  1.309431  1.309409  0.007670
734  0.000000  1.447479  0.000000  1.309368  1.309345  0.007674
735  0.000000  1.447433  0.000000  1.309304  1.309282  0.007677
736  0.000000  1.447386  0.000000  1.309240  1.309218  0.007680
737  0.000000  1.447340  0.000000  1.309177  1.309154  0.007683
738  0.000000  1.447293  0.000000  1.309113  1.309090  0.007686
739  0.000000  1.447246  0.000000  1.309049  1.309026  0.007689
740  0.000000  1.447199  0.000000  1.308985  1.308962  0.007692
741  0.000000  1.447152  0.000000  1.308921  1.308898  0.007696
742  0.000000  1.447105  0.000000  1.308856  1.308834  0.007699
743  0.000000  1.447058  0.000000  1.308792  1.308769  0.007702
744  0.000000  1.447011  0.000000  1.308727  1.308705  0.007705
745  0.000000  1.446964  0.000000  1.308663  1.308640  0.007708
746  0.000000  1.446917  0.000000  1.308598  1.308576  0.007711
747  0.000000  1.446870  0.000000  1.308534  1.308511  0.007715
748  0.000000  1.446822  0.000000  1.308469  1.308446  0.007718
749  0.000000  1.446775  0.000000  1.308404  1.308381  0.007721
750  0.000000  1.446727  0.000000  1.308339  1.308316  0.007724
751  0.000000  1.446680  0.000000  1.308274  1.308251  0.007727
752  0.000000  1.446632  0.000000  1.308209  1.308186  0.007731
753  0.000000  1.446584  0.000000  1.308144  1.308121  0.007734
754  0.000000  1.446537  0.000000  1.308078  1.308056  0.007737
755  0.000000  1.446489  0.000000  1.308013  1.307990  0.007740
756  0.000000  1.446441  0.000000  1.307948  1.307925  0.007743
757  0.000000  1.446393  0.000000  1.307882  1.307859  0.007747
758  0.000000  1.446345  0.000000  1.307816  1.307793  0.007750
759  0.000000  1.446297  0.000000  1.307751  1.307728  0.007753
760  0.000000  1.446248  0.000000  1.307685  1.307662  0.007756
761  0.000000  1.446200  0.000000  1.307619  1.307596  0.007760
762  0.000000  1.446152  0.000000  1.307553  1.307530  0.007763
763  0.000000  1.446104  0.000000  1.307487  1.307464  0.007766
764  0.000000  1.446055  0.000000  1.307421  1.307397  0.007769
765  0.000000  1.446007  0.000000  1.307354  1.307331  0.007773
766  0.000000  1.445958  0.000000  1.307288  1.307265  0.007776
767  0.000000  1.445909  0.000000  1.307222  1.307198  0.007779
768  0.000000  1.445861  0.000000  1.307155  1.307132  0.007782
769  0.000000  1.445812  0.000000  1.307088  1.307065  0.007786
770  0.000000  1.445763  0.000000  1.307022  1.306998  0.007789
771  0.000000  1.445714  0.000000  1.306955  1.306932  0.007792
772  0.000000  1.445665  0.000000  1.306888  1.306865  0.007796
773  0.000000  1.445616  0.000000  1.306821  1.306798  0.007799
774  0.000000  1.445567  0.000000  1.306754  1.306731  0.007802
775  0.000000  1.445518  0.000000  1.306687  1.306664  0.007805
776  0.000000  1.445469  0.000000  1.306620  1.306596  0.007809
777  0.000000  1.445419  0.000000  1.306552  1.306529  0.007812
778  0.000000  1.445370  0.000000  1.306485  1.306462  0.007815
779  0.000000  1.445321  0.000000  1.306417  1.306394  0.007819
780  0.000000  1.445271  0.000000  1.306350  1.306326  0.007822
781  0.000000  1.445222  0.000000  1.306282  1.306259  0.007825
782  0.000000  1.445172  0.000000  1.306214  1.306191  0.007829
783  0.000000  1.445122  0.000000  1.306147  1.306123  0.007832
784  0.000000  1.445072  0.000000  1.306079  1.306055  0.007835
785  0.000000  1.445023  0.000000  1.306011  1.305987  0.007839
786  0.000000  1.444973  0.000000  1.305943  1.305919  0.007842
787  0.000000  1.444923  0.000000  1.305874  1.305851  0.007845
788  0.000000  1.444873  0.000000  1.305806  1.305782  0.007849
789  0.000000  1.444823  0.000000  1.305738  1.305714  0.007852
790  0.000000  1.444772  0.000000  1.305669  1.305646  0.007856
791  0.000000  1.444722  0.000000  1.305601  1.305577  0.007859
792  0.000000  1.444672  0.000000  1.305532  1.305508  0.007862
793  0.000000  1.444622  0.000000  1.305463  1.305440  0.007866
794  0.000000  1.444571  0.000000  1.305395  1.305371  0.007869
795  0.000000  1.444521  0.000000  1.305326  1.305302  0.007872
796  0.000000  1.444470  0.000000  1.305257  1.305233  0.007876
797  0.000000  1.444419  0.000000  1.305188  1.305164  0.007879
798  0.000000  1.444369  0.000000  1.305119  1.305095  0.007883
799  0.000000  1.444318  0.000000  1.305049  1.305025  0.007886
800  0.000000  1.444267  0.000000  1.304980  1.304956  0.007890
801  0.000000  1.444216  0.000000  1.304911  1.304887  0.007893
802  0.000000  1.444165  0.000000  1.304841  1.304817  0.007896
803  0.000000  1.444114  0.000000  1.304771  1.304748  0.007900
804  0.000000  1.444063  0.000000  1.304702  1.304678  0.007903
805  0.000000  1.444012  0.000000  1.304632  1.304608  0.007907
806  0.000000  1.443961  0.000000  1.304562  1.304538  0.007910
807  0.000000  1.443909  0.000000  1.304492  1.304468  0.007914
808  0.000000  1.443858  0.000000  1.304422  1.304398  0.007917
809  0.000000  1.443807  0.000000  1.304352  1.304328  0.007921
810  0.000000  1.443755  0.000000  1.304282  1.304258  0.007924
811  0.000000  1.443703  0.000000  1.304212  1.304187  0.007927
812  0.000000  1.443652  0.000000  1.304141  1.304117  0.007931
813  0.000000  1.443600  0.000000  1.304071  1.304047  0.007934
814  0.000000  1.443548  0.000000  1.304000  1.303976  0.007938
815  0.000000  1.443497  0.000000  1.303930  1.303905  0.007941
816  0.000000  1.443445  0.000000  1.303859  1.303835  0.007945
817  0.000000  1.443393  0.000000  1.303788  1.303764  0.007948
818  0.000000  1.443341  0.000000  1.303717  1.303693  0.007952
819  0.000000  1.443288  0.000000  1.303646  1.303622  0.007955
820  0.000000  1.443236  0.000000  1.303575  1.303551  0.007959
821  0.000000  1.443184  0.000000  1.303504  1.303480  0.007962
822  0.000000  1.443132  0.000000  1.303433  1.303408  0.007966
823  0.000000  1.443079  0.000000  1.303361  1.303337  0.007969
824  0.000000  1.443027  0.000000  1.303290  1.303265  0.007973
825  0.000000  1.442974  0.000000  1.303218  1.303194  0.007977
826  0.000000  1.442922  0.000000  1.303147  1.303122  0.007980
827  0.000000  1.442869  0.000000  1.303075  1.303051  0.007984
828  0.000000  1.442817  0.000000  1.303003  1.302979  0.007987
829  0.000000  1.442764  0.000000  1.302931  1.302907  0.007991
830  0.000000  1.442711  0.000000  1.302859  1.302835  0.007994
831  0.000000  1.442658  0.000000  1.302787  1.302763  0.007998
832  0.000000  1.442605  0.000000  1.302715  1.302691  0.008001
833  0.000000  1.442552  0.000000  1.302643  1.302618  0.008005
834  0.000000  1.442499  0.000000  1.302571  1.302546  0.008009
835  0.000000  1.442446  0.000000  1.302498  1.302474  0.008012
836  0.000000  1.442392  0.000000  1.302426  1.302401  0.008016
837  0.000000  1.442339  0.000000  1.302353  1.302329  0.008019
838  0.000000  1.442286  0.000000  1.302281  1.302256  0.008023
839  0.000000  1.442232  0.000000  1.302208  1.302183  0.008027
840  0.000000  1.442179  0.000000  1.302135  1.302110  0.008030
841  0.000000  1.442125  0.000000  1.302062  1.302037  0.008034
842  0.000000  1.442071  0.000000  1.301989  1.301964  0.008037
843  0.000000  1.442018  0.000000  1.301916  1.301891  0.008041
844  0.000000  1.441964  0.000000  1.301843  1.301818  0.008045
845  0.000000  1.441910  0.000000  1.301770  1.301745  0.008048
846  0.000000  1.441856  0.000000  1.301696  1.301671  0.008052
847  0.000000  1.441802  0.000000  1.301623  1.301598  0.008056
848  0.000000  1.441748  0.000000  1.301549  1.301524  0.008059
849  0.000000  1.441694  0.000000  1.301476  1.301451  0.008063
850  0.000000  1.441640  0.000000  1.301402  1.301377  0.008066
851  0.000000  1.441586  0.000000  1.301328  1.301303  0.008070
852  0.000000  1.441531  0.000000  1.301254  1.301229  0.008074
853  0.000000  1.441477  0.000000  1.301180  1.301155  0.008077
854  0.000000  1.441422  0.000000  1.301106  1.301081  0.008081
855  0.000000  1.441368  0.000000  1.301032  1.301007  0.008085
856  0.000000  1.441313  0.000000  1.300958  1.300933  0.008088
857  0.000000  1.441259  0.000000  1.300884  1.300858  0.008092
858  0.000000  1.441204  0.000000  1.300809  1.300784  0.008096
859  0.000000  1.441149  0.000000  1.300735  1.300709  0.008100
860  0.000000  1.441094  0.000000  1.300660  1.300635  0.008103
861  0.000000  1.441039  0.000000  1.300585  1.300560  0.008107
862  0.000000  1.440984  0.000000  1.300511  1.300485  0.008111
863  0.000000  1.440929  0.000000  1.300436  1.300411  0.008114
864  0.000000  1.440874  0.000000  1.300361  1.300336  0.008118
865  0.000000  1.440819  0.000000  1.300286  1.300261  0.008122
866  0.000000  1.440764  0.000000  1.300211  1.300185  0.008126
867  0.000000  1.440708  0.000000  1.300136  1.300110  0.008129
868  0.000000  1.440653  0.000000  1.300060  1.300035  0.008133
869  0.000000  1.440597  0.000000  1.299985  1.299959  0.008137
870  0.000000  1.440542  0.000000  1.299909  1.299884  0.008140
871  0.000000  1.440486  0.000000  1.299834  1.299808  0.008144
872  0.000000  1.440431  0.000000  1.299758  1.299733  0.008148
873  0.000000  1.440375  0.000000  1.299683  1.299657  0.008152
874  0.000000  1.440319  0.000000  1.299607  1.299581  0.008156
875  0.000000  1.440263  0.000000  1.299531  1.299505  0.008159
876  0.000000  1.440207  0.000000  1.299455  1.299429  0.008163
877  0.000000  1.440151  0.000000  1.299379  1.299353  0.008167
878  0.000000  1.440095  0.000000  1.299303  1.299277  0.008171
879  0.000000  1.440039  0.000000  1.299226  1.299201  0.008174
880  0.000000  1.439983  0.000000  1.299150  1.299124  0.008178
881  0.000000  1.439926  0.000000  1.299074  1.299048  0.008182
882  0.000000  1.439870  0.000000  1.298997  1.298971  0.008186
883  0.000000  1.439814  0.000000  1.298921  1.298895  0.008190
884  0.000000  1.439757  0.000000  1.298844  1.298818  0.008193
885  0.000000  1.439701  0.000000  1.298767  1.298741  0.008197
886  0.000000  1.439644  0.000000  1.298690  1.298664  0.008201
887  0.000000  1.439587  0.000000  1.298613  1.298587  0.008205
888  0.000000  1.439530  0.000000  1.298536  1.298510  0.008209
889  0.000000  1.439474  0.000000  1.298459  1.298433  0.008213
890  0.000000  1.439417  0.000000  1.298382  1.298356  0.008216
891  0.000000  1.439360  0.000000  1.298305  1.298279  0.008220
892  0.000000  1.439303  0.000000  1.298227  1.298201  0.008224
893  0.000000  1.439246  0.000000  1.298150  1.298124  0.008228
894  0.000000  1.439188  0.000000  1.298072  1.298046  0.008232
895  0.000000  1.439131  0.000000  1.297995  1.297968  0.008236
896  0.000000  1.439074  0.000000  1.297917  1.297891  0.008240
897  0.000000  1.439017  0.000000  1.297839  1.297813  0.008243
898  0.000000  1.438959  0.000000  1.297761  1.297735  0.008247
899  0.000000  1.438902  0.000000  1.297683  1.297657  0.008251
900  0.000000  1.438844  0.000000  1.297605  1.297579  0.008255
901  0.000000  1.438786  0.000000  1.297527  1.297500  0.008259
902  0.000000  1.438729  0.000000  1.297449  1.297422  0.008263
903  0.000000  1.438671  0.000000  1.297370  1.297344  0.008267
904  0.000000  1.438613  0.000000  1.297292  1.297265  0.008271
905  0.000000  1.438555  0.000000  1.297213  1.297187  0.008275
906  0.000000  1.438497  0.000000  1.297135  1.297108  0.008279
907  0.000000  1.438439  0.000000  1.297056  1.297029  0.008282
908  0.000000  1.438381  0.000000  1.296977  1.296951  0.008286
909  0.000000  1.438323  0.000000  1.296898  1.296872  0.008290
910  0.000000  1.438264  0.000000  1.296819  1.296793  0.008294
911  0.000000  1.438206  0.000000  1.296740  1.296714  0.008298
912  0.000000  1.438148  0.000000  1.296661  1.296634  0.008302
913  0.000000  1.438089  0.000000  1.296582  1.296555  0.008306
914  0.000000  1.438031  0.000000  1.296502  1.296476  0.008310
915  0.000000  1.437972  0.000000  1.296423  1.296396  0.008314
916  0.000000  1.437913  0.000000  1.296344  1.296317  0.008318
917  0.000000  1.437855  0.000000  1.296264  1.296237  0.008322
918  0.000000  1.437796  0.000000  1.296184  1.296158  0.008326
919  0.000000  1.437737  0.000000  1.296105  1.296078  0.008330
920  0.000000  1.437678  0.000000  1.296025  1.295998  0.008334
921  0.000000  1.437619  0.000000  1.295945  1.295918  0.008338
922  0.000000  1.437560  0.000000  1.295865  1.295838  0.008342
923  0.000000  1.437501  0.000000  1.295785  1.295758  0.008346
924  0.000000  1.437442  0.000000  1.295704  1.295678  0.008350
925  0.000000  1.437382  0.000000  1.295624  1.295597  0.008354
926  0.000000  1.437323  0.000000  1.295544  1.295517  0.008358
927  0.000000  1.437264  0.000000  1.295463  1.295436  0.008362
928  0.000000  1.437204  0.000000  1.295383  1.295356  0.008366
929  0.000000  1.437145  0.000000  1.295302  1.295275  0.008370
930  0.000000  1.437085  0.000000  1.295221  1.295194  0.008374
931  0.000000  1.437025  0.000000  1.295141  1.295114  0.008378
932  0.000000  1.436965  0.000000  1.295060  1.295033  0.008382
933  0.000000  1.436906  0.000000  1.294979  1.294952  0.008386
934  0.000000  1.436846  0.000000  1.294898  1.294870  0.008390
935  0.000000  1.436786  0.000000  1.294816  1.294789  0.008394
936  0.000000  1.436726  0.000000  1.294735  1.294708  0.008398
937  0.000000  1.436666  0.000000  1.294654  1.294627  0.008402
938  0.000000  1.436605  0.000000  1.294572  1.294545  0.008406
939  0.000000  1.436545  0.000000  1.294491  1.294464  0.008410
940  0.000000  1.436485  0.000000  1.294409  1.294382  0.008414
941  0.000000  1.436424  0.000000  1.294328  1.294300  0.008419
942  0.000000  1.436364  0.000000  1.294246  1.294218  0.008423
943  0.000000  1.436303  0.000000  1.294164  1.294137  0.008427
944  0.000000  1.436243  0.000000  1.294082  1.294055  0.008431
945  0.000000  1.436182  0.000000  1.294000  1.293973  0.008435
946  0.000000  1.436121  0.000000  1.293918  1.293890  0.008439
947  0.000000  1.436061  0.000000  1.293836  1.293808  0.008443
948  0.000000  1.436000  0.000000  1.293753  1.293726  0.008447
949  0.000000  1.435939  0.000000  1.293671  1.293643  0.008451
950  0.000000  1.435878  0.000000  1.293588  1.293561  0.008456
951  0.000000  1.435817  0.000000  1.293506  1.293478  0.008460
952  0.000000  1.435756  0.000000  1.293423  1.293396  0.008464
953  0.000000  1.435694  0.000000  1.293340  1.293313  0.008468
954  0.000000  1.435633  0.000000  1.293258  1.293230  0.008472
955  0.000000  1.435572  0.000000  1.293175  1.293147  0.008476
956  0.000000  1.435510  0.000000  1.293092  1.293064  0.008480
957  0.000000  1.435449  0.000000  1.293009  1.292981  0.008485
958  0.000000  1.435387  0.000000  1.292925  1.292898  0.008489
959  0.000000  1.435326  0.000000  1.292842  1.292814  0.008493
960  0.000000  1.435264  0.000000  1.292759  1.292731  0.008497
961  0.000000  1.435202  0.000000  1.292675  1.292647  0.008501
962  0.000000  1.435141  0.000000  1.292592  1.292564  0.008505
963  0.000000  1.435079  0.000000  1.292508  1.292480  0.008510
964  0.000000  1.435017  0.000000  1.292424  1.292396  0.008514
965  0.000000  1.434955  0.000000  1.292341  1.292313  0.008518
966  0.000000  1.434893  0.000000  1.292257  1.292229  0.008522
967  0.000000  1.434830  0.000000  1.292173  1.292145  0.008526
968  0.000000  1.434768  0.000000  1.292089  1.292061  0.008531
969  0.000000  1.434706  0.000000  1.292005  1.291976  0.008535
970  0.000000  1.434643  0.000000  1.291920  1.291892  0.008539
971  0.000000  1.434581  0.000000  1.291836  1.291808  0.008543
972  0.000000  1.434518  0.000000  1.291752  1.291723  0.008548
973  0.000000  1.434456  0.000000  1.291667  1.291639  0.008552
974  0.000000  1.434393  0.000000  1.291583  1.291554  0.008556
975  0.000000  1.434330  0.000000  1.291498  1.291469  0.008560
976  0.000000  1.434268  0.000000  1.291413  1.291385  0.008565
977  0.000000  1.434205  0.000000  1.291328  1.291300  0.008569
978  0.000000  1.434142  0.000000  1.291243  1.291215  0.008573
979  0.000000  1.434079  0.000000  1.291158  1.291130  0.008577
980  0.000000  1.434016  0.000000  1.291073  1.291045  0.008582
981  0.000000  1.433953  0.000000  1.290988  1.290959  0.008586
982  0.000000  1.433889  0.000000  1.290903  1.290874  0.008590
983  0.000000  1.433826  0.000000  1.290817  1.290789  0.008594
984  0.000000  1.433763  0.000000  1.290732  1.290703  0.008599
985  0.000000  1.433699  0.000000  1.290646  1.290618  0.008603
986  0.000000  1.433636  0.000000  1.290561  1.290532  0.008607
987  0.000000  1.433572  0.000000  1.290475  1.290446  0.008612
988  0.000000  1.433509  0.000000  1.290389  1.290360  0.008616
989  0.000000  1.433445  0.000000  1.290303  1.290274  0.008620
990  0.000000  1.433381  0.000000  1.290217  1.290188  0.008625
991  0.000000  1.433317  0.000000  1.290131  1.290102  0.008629
992  0.000000  1.433254  0.000000  1.290045  1.290016  0.008633
993  0.000000  1.433190  0.000000  1.289959  1.289930  0.008638
994  0.000000  1.433126  0.000000  1.289872  1.289843  0.008642
995  0.000000  1.433061  0.000000  1.289786  1.289757  0.008646
996  0.000000  1.432997  0.000000  1.289699  1.289670  0.008651
997  0.000000  1.432933  0.000000  1.289613  1.289584  0.008655
998  0.000000  1.432869  0.000000  1.289526  1.289497  0.008659
999  0.000000  1.432804  0.000000  1.289439  1.289410  0.008664
1000  0.000000  1.432740  0.000000  1.289352  1.289323  0.008668
1001  0.000000  1.432675  0.000000  1.289265  1.289236  0.008672
1002  0.000000  1.432611  0.000000  1.289178  1.289149  0.008677
1003  0.000000  1.432546  0.000000  1.289091  1.289062  0.008681
1004  0.000000  1.432481  0.000000  1.289004  1.288975  0.008686
1005  0.000000  1.432417  0.000000  1.288917  1.288887  0.008690
1006  0.000000  1.432352  0.000000  1.288829  1.288800  0.008694
1007  0.000000  1.432287  0.000000  1.288742  1.288712  0.008699
1008  0.000000  1.432222  0.000000  1.288654  1.288625  0.008703
1009  0.000000  1.432157  0.000000  1.288566  1.288537  0.008708
1010  0.000000  1.432091  0.000000  1.288479  1.288449  0.008712
1011  0.000000  1.432026  0.000000  1.288391  1.288361  0.008716
1012  0.000000  1.431961  0.000000  1.288303  1.288273  0.008721
1013  0.000000  1.431896  0.000000  1.288215  1.288185  0.008725
1014  0.000000  1.431830  0.000000  1.288127  1.288097  0.008730
1015  0.000000  1.431765  0.000000  1.288038  1.288009  0.008734
1016  0.000000  1.431699  0.000000  1.287950  1.287921  0.008739
1017  0.000000  1.431633  0.000000  1.287862  1.287832  0.008743
1018  0.000000  1.431568  0.000000  1.287773  1.287744  0.008748
1019  0.000000  1.431502  0.000000  1.287685  1.287655  0.008752
1020  0.000000  1.431436  0.000000  1.287596  1.287566  0.008756
1021  0.000000  1.431370  0.000000  1.287507  1.287478  0.008761
1022  0.000000  1.431304  0.000000  1.287419  1.287389  0.008765
1023  0.000000  1.431238  0.000000  1.287330  1.287300  0.008770
1024  0.000000  1.431172  0.000000  1.287241  1.287211  0.008774
1025  0.000000  1.431106  0.000000  1.287152  1.287122  0.008779
1026  0.000000  1.431040  0.000000  1.287062  1.287032  0.008783
1027  0.000000  1.430973  0.000000  1.286973  1.286943  0.008788
1028  0.000000  1.430907  0.000000  1.286884  1.286854  0.008792
1029  0.000000  1.430840  0.000000  1.286794  1.286764  0.008797
1030  0.000000  1.430774  0.000000  1.286705  1.286675  0.008801
1031  0.000000  1.430707  0.000000  1.286615  1.286585  0.008806
1032  0.000000  1.430640  0.000000  1.286526  1.286495  0.008810
1033  0.000000  1.430574  0.000000  1.286436  1.286406  0.008815
1034  0.000000  1.430507  0.000000  1.286346  1.286316  0.008820
1035  0.000000  1.430440  0.000000  1.286256  1.286226  0.008824
1036  0.000000  1.430373  0.000000  1.286166  1.286136  0.008829
1037  0.000000  1.430306  0.000000  1.286076  1.286045  0.008833
1038  0.000000  1.430239  0.000000  1.285986  1.285955  0.008838
1039  0.000000  1.430172  0.000000  1.285895  1.285865  0.008842
1040  0.000000  1.430104  0.000000  1.285805  1.285774  0.008847
1041  0.000000  1.430037  0.000000  1.285714  1.285684  0.008851
1042  0.000000  1.429970  0.000000  1.285624  1.285593  0.008856
1043  0.000000  1.429902  0.000000  1.285533  1.285503  0.008861
1044  0.000000  1.429835  0.000000  1.285442  1.285412  0.008865
1045  0.000000  1.429767  0.000000  1.285351  1.285321  0.008870
1046  0.000000  1.429699  0.000000  1.285261  1.285230  0.008874
1047  0.000000  1.429632  0.000000  1.285170  1.285139  0.008879
1048  0.000000  1.429564  0.000000  1.285078  1.285048  0.008884
1049  0.000000  1.429496  0.000000  1.284987  1.284957  0.008888
1050  0.000000  1.429428  0.000000  1.284896  1.284865  0.008893
1051  0.000000  1.429360  0.000000  1.284805  1.284774  0.008897
1052  0.000000  1.429292  0.000000  1.284713  1.284682  0.008902
1053  0.000000  1.429224  0.000000  1.284622  1.284591  0.008907
1054  0.000000  1.429156  0.000000  1.284530  1.284499  0.008911
1055  0.000000  1.429087  0.000000  1.284438  1.284407  0.008916
1056  0.000000  1.429019  0.000000  1.284346  1.284315  0.008921
1057  0.000000  1.428950  0.000000  1.284255  1.284223  0.008925
1058  0.000000  1.428882  0.000000  1.284163  1.284131  0.008930
1059  0.000000  1.428813  0.000000  1.284070  1.284039  0.008935
1060  0.000000  1.428745  0.000000  1.283978  1.283947  0.008939
1061  0.000000  1.428676  0.000000  1.283886  1.283855  0.008944
1062  0.000000  1.428607  0.000000  1.283794  1.283762  0.008949
1063  0.000000  1.428538  0.000000  1.283701  1.283670  0.008953
1064  0.000000  1.428469  0.000000  1.283609  1.283577  0.008958
1065  0.000000  1.428400  0.000000  1.283516  1.283485  0.008963
1066  0.000000  1.428331  0.000000  1.283423  1.283392  0.008967
1067  0.000000  1.428262  0.000000  1.283331  1.283299  0.008972
1068  0.000000  1.428193  0.000000  1.283238  1.283206  0.008977
1069  0.000000  1.428124  0.000000  1.283145  1.283113  0.008981
1070  0.000000  1.428054  0.000000  1.283052  1.283020  0.008986
1071  0.000000  1.427985  0.000000  1.282959  1.282927  0.008991
1072  0.000000  1.427915  0.000000  1.282865  1.282834  0.008996
1073  0.000000  1.427846  0.000000  1.282772  1.282741  0.009000
1074  0.000000  1.427776  0.000000  1.282679  1.282647  0.009005
1075  0.000000  1.427706  0.000000  1.282585  1.282554  0.009010
1076  0.000000  1.427637  0.000000  1.282492  1.282460  0.009015
1077  0.000000  1.427567  0.000000  1.282398  1.282366  0.009019
1078  0.000000  1.427497  0.000000  1.282304  1.282272  0.009024
1079  0.000000  1.427427  0.000000  1.282210  1.282179  0.009029
1080  0.000000  1.427357  0.000000  1.282116  1.282085  0.009034
1081  0.000000  1.427287  0.000000  1.282022  1.281991  0.009038
1082  0.000000  1.427216  0.000000  1.281928  1.281896  0.009043
1083  0.000000  1.427146  0.000000  1.281834  1.281802  0.009048
1084  0.000000  1.427076  0.000000  1.281740  1.281708  0.009053
1085  0.000000  1.427005  0.000000  1.281645  1.281613  0.009057
1086  0.000000  1.426935  0.000000  1.281551  1.281519  0.009062
1087  0.000000  1.426864  0.000000  1.281456  1.281424  0.009067
1088  0.000000  1.426794  0.000000  1.281362  1.281330  0.009072
1089  0.000000  1.426723  0.000000  1.281267  1.281235  0.009077
1090  0.000000  1.426652  0.000000  1.281172  1.281140  0.009081
1091  0.000000  1.426581  0.000000  1.281077  1.281045  0.009086
1092  0.000000  1.426510  0.000000  1.280982  1.280950  0.009091
1093  0.000000  1.426439  0.000000  1.280887  1.280855  0.009096
1094  0.000000  1.426368  0.000000  1.280792  1.280760  0.009101
1095  0.000000  1.426297  0.000000  1.280697  1.280665  0.009106
1096  0.000000  1.426226  0.000000  1.280602  1.280569  0.009110
1097  0.000000  1.426155  0.000000  1.280506  1.280474  0.009115
1098  0.000000  1.426083  0.000000  1.280411  1.280378  0.009120
1099  0.000000  1.426012  0.000000  1.280315  1.280282  0.009125
1100  0.000000  1.425941  0.000000  1.280219  1.280187  0.009130
1101  0.000000  1.425869  0.000000  1.280124  1.280091  0.009135
1102  0.000000  1.425797  0.000000  1.280028  1.279995  0.009140
1103  0.000000  1.425726  0.000000  1.279932  1.279899  0.009145
1104  0.000000  1.425654  0.000000  1.279836  1.279803  0.009149
1105  0.000000  1.425582  0.000000  1.279740  1.279707  0.009154
1106  0.000000  1.425510  0.000000  1.279643  1.279611  0.009159
1107  0.000000  1.425438  0.000000  1.279547  1.279514  0.009164
1108  0.000000  1.425366  0.000000  1.279451  1.279418  0.009169
1109  0.000000  1.425294  0.000000  1.279354  1.279321  0.009174
1110  0.000000  1.425222  0.000000  1.279258  1.279225  0.009179
1111  0.000000  1.425150  0.000000  1.279161  1.279128  0.009184
1112  0.000000  1.425077  0.000000  1.279064  1.279031  0.009189
1113  0.000000  1.425005  0.000000  1.278967  1.278934  0.009194
1114  0.000000  1.424932  0.000000  1.278870  1.278837  0.009199
1115  0.000000  1.424860  0.000000  1.278773  1.278740  0.009204
1116  0.000000  1.424787  0.000000  1.278676  1.278643  0.009208
1117  0.000000  1.424714  0.000000  1.278579  1.278546  0.009213
1118  0.000000  1.424642  0.000000  1.278482  1.278448  0.009218
1119  0.000000  1.424569  0.000000  1.278384  1.278351  0.009223
1120  0.000000  1.424496  0.000000  1.278287  1.278254  0.009228
1121  0.000000  1.424423  0.000000  1.278189  1.278156  0.009233
1122  0.000000  1.424350  0.000000  1.278092  1.278058  0.009238
1123  0.000000  1.424277  0.000000  1.277994  1.277961  0.009243
1124  0.000000  1.424204  0.000000  1.277896  1.277863  0.009248
1125  0.000000  1.424130  0.000000  1.277798  1.277765  0.009253
1126  0.000000  1.424057  0.000000  1.277700  1.277667  0.009258
1127  0.000000  1.423984  0.000000  1.277602  1.277569  0.009263
1128  0.000000  1.423910  0.000000  1.277504  1.277470  0.009268
1129  0.000000  1.423837  0.000000  1.277406  1.277372  0.009273
1130  0.000000  1.423763  0.000000  1.277307  1.277274  0.009278
1131  0.000000  1.423689  0.000000  1.277209  1.277175  0.009283
1132  0.000000  1.423615  0.000000  1.277110  1.277077  0.009288
1133  0.000000  1.423542  0.000000  1.277012  1.276978  0.009293
1134  0.000000  1.423468  0.000000  1.276913  1.276879  0.009298
1135  0.000000  1.423394  0.000000  1.276814  1.276781  0.009303
1136  0.000000  1.423320  0.000000  1.276716  1.276682  0.009308
1137  0.000000  1.423246  0.000000  1.276617  1.276583  0.009314
1138  0.000000  1.423171  0.000000  1.276518  1.276484  0.009319
1139  0.000000  1.423097  0.000000  1.276418  1.276384  0.009324
1140  0.000000  1.423023  0.000000  1.276319  1.276285  0.009329
1141  0.000000  1.422948  0.000000  1.276220  1.276186  0.009334
1142  0.000000  1.422874  0.000000  1.276120  1.276086  0.009339
1143  0.000000  1.422799  0.000000  1.276021  1.275987  0.009344
1144  0.000000  1.422725  0.000000  1.275921  1.275887  0.009349
1145  0.000000  1.422650  0.000000  1.275822  1.275787  0.009354
1146  0.000000  1.422575  0.000000  1.275722  1.275688  0.009359
1147  0.000000  1.422500  0.000000  1.275622  1.275588  0.009364
1148  0.000000  1.422425  0.000000  1.275522  1.275488  0.009369
1149  0.000000  1.422350  0.000000  1.275422  1.275388  0.009375
1150  0.000000  1.422275  0.000000  1.275322  1.275288  0.009380
1151  0.000000  1.422200  0.000000  1.275222  1.275187  0.009385
1152  0.000000  1.422125  0.000000  1.275122  1.275087  0.009390
1153  0.000000  1.422050  0.000000  1.275021  1.274987  0.009395
1154  0.000000  1.421974  0.000000  1.274921  1.274886  0.009400
1155  0.000000  1.421899  0.000000  1.274820  1.274785  0.009405
1156  0.000000  1.421824  0.000000  1.274720  1.274685  0.009410
1157  0.000000  1.421748  0.000000  1.274619  1.274584  0.009416
1158  0.000000  1.421672  0.000000  1.274518  1.274483  0.009421
1159  0.000000  1.421597  0.000000  1.274417  1.274382  0.009426
1160  0.000000  1.421521  0.000000  1.274316  1.274281  0.009431
1161  0.000000  1.421445  0.000000  1.274215  1.274180  0.009436
1162  0.000000  1.421369  0.000000  1.274114  1.274079  0.009442
1163  0.000000  1.421293  0.000000  1.274013  1.273978  0.009447
1164  0.000000  1.421217  0.000000  1.273911  1.273876  0.009452
1165  0.000000  1.421141  0.000000  1.273810  1.273775  0.009457
1166  0.000000  1.421065  0.000000  1.273708  1.273673  0.009462
1167  0.000000  1.420988  0.000000  1.273607  1.273571  0.009467
1168  0.000000  1.420912  0.000000  1.273505  1.273470  0.009473
1169  0.000000  1.420836  0.000000  1.273403  1.273368  0.009478
1170  0.000000  1.420759  0.000000  1.273301  1.273266  0.009483
1171  0.000000  1.420683  0.000000  1.273199  1.273164  0.009488
1172  0.000000  1.420606  0.000000  1.273097  1.273062  0.009494
1173  0.000000  1.420529  0.000000  1.272995  1.272960  0.009499
1174  0.000000  1.420452  0.000000  1.272893  1.272857  0.009504
1175  0.000000  1.420376  0.000000  1.272791  1.272755  0.009509
1176  0.000000  1.420299  0.000000  1.272688  1.272653  0.009515
1177  0.000000  1.420222  0.000000  1.272586  1.272550  0.009520
1178  0.000000  1.420145  0.000000  1.272483  1.272447  0.009525
1179  0.000000  1.420067  0.000000  1.272380  1.272345  0.009530
1180  0.000000  1.419990  0.000000  1.272278  1.272242  0.009536
1181  0.000000  1.419913  0.000000  1.272175  1.272139  0.009541
1182  0.000000  1.419836  0.000000  1.272072  1.272036  0.009546
1183  0.000000  1.419758  0.000000  1.271969  1.271933  0.009552
1184  0.000000  1.419681  0.000000  1.271866  1.271830  0.009557
1185  0.000000  1.419603  0.000000  1.271762  1.271727  0.009562
1186  0.000000  1.419525  0.000000  1.271659  1.271623  0.009567
1187  0.000000  1.419448  0.000000  1.271556  1.271520  0.009573
1188  0.000000  1.419370  0.000000  1.271452  1.271416  0.009578
1189  0.000000  1.419292  0.000000  1.271349  1.271313  0.009583
1190  0.000000  1.419214  0.000000  1.271245  1.271209  0.009589
1191  0.000000  1.419136  0.000000  1.271141  1.271105  0.009594
1192  0.000000  1.419058  0.000000  1.271038  1.271001  0.009599
1193  0.000000  1.418980  0.000000  1.270934  1.270897  0.009605
1194  0.000000  1.418902  0.000000  1.270830  1.270793  0.009610
1195  0.000000  1.418823  0.000000  1.270726  1.270689  0.009615
1196  0.000000  1.418745  0.000000  1.270621  1.270585  0.009621
1197  0.000000  1.418666  0.000000  1.270517  1.270481  0.009626
1198  0.000000  1.418588  0.000000  1.270413  1.270376  0.009632
1199  0.000000  1.418509  0.000000  1.270308  1.270272  0.009637
1200  0.000000  1.418431  0.000000  1.270204  1.270167  0.009642
1201  0.000000  1.418352  0.000000  1.270099  1.270063  0.009648
1202  0.000000  1.418273  0.000000  1.269994  1.269958  0.009653
1203  0.000000  1.418194  0.000000  1.269890  1.269853  0.009658
1204  0.000000  1.418115  0.000000  1.269785  1.269748  0.009664
1205  0.000000  1.418036  0.000000  1.269680  1.269643  0.009669
1206  0.000000  1.417957  0.000000  1.269575  1.269538  0.009675
1207  0.000000  1.417878  0.000000  1.269470  1.269433  0.009680
1208  0.000000  1.417799  0.000000  1.269364  1.269327  0.009685
1209  0.000000  1.417719  0.000000  1.269259  1.269222  0.009691
1210  0.000000  1.417640  0.000000  1.269154  1.269117  0.009696
1211  0.000000  1.417560  0.000000  1.269048  1.269011  0.009702
1212  0.000000  1.417481  0.000000  1.268943  1.268905  0.009707
1213  0.000000  1.417401  0.000000  1.268837  1.268800  0.009713
1214  0.000000  1.417322  0.000000  1.268731  1.268694  0.009718
1215  0.000000  1.417242  0.000000  1.268625  1.268588  0.009724
1216  0.000000  1.417162  0.000000  1.268519  1.268482  0.009729
1217  0.000000  1.417082  0.000000  1.268413  1.268376  0.009735
1218  0.000000  1.417002  0.000000  1.268307  1.268270  0.009740
1219  0.000000  1.416922  0.000000  1.268201  1.268163  0.009745
1220  0.000000  1.416842  0.000000  1.268095  1.268057  0.009751
1221  0.000000  1.416762  0.000000  1.267988  1.267951  0.009756
1222  0.000000  1.416681  0.000000  1.267882  1.267844  0.009762
1223  0.000000  1.416601  0.000000  1.267775  1.267738  0.009767
1224  0.000000  1.416521  0.000000  1.267668  1.267631  0.009773
1225  0.000000  1.416440  0.000000  1.267562  1.267524  0.009778
1226  0.000000  1.416360  0.000000  1.267455  1.267417  0.009784
1227  0.000000  1.416279  0.000000  1.267348  1.267310  0.009789
1228  0.000000  1.416198  0.000000  1.267241  1.267203  0.009795
1229  0.000000  1.416117  0.000000  1.267134  1.267096  0.009801
1230  0.000000  1.416037  0.000000  1.267027  1.266989  0.009806
1231  0.000000  1.415956  0.000000  1.266919  1.266881  0.009812
1232  0.000000  1.415875  0.000000  1.266812  1.266774  0.009817
1233  0.000000  1.415794  0.000000  1.266705  1.266667  0.009823
1234  0.000000  1.415712  0.000000  1.266597  1.266559  0.009828
1235  0.000000  1.415631  0.000000  1.266489  1.266451  0.009834
1236  0.000000  1.415550  0.000000  1.266382  1.266343  0.009839
1237  0.000000  1.415468  0.000000  1.266274  1.266236  0.009845
1238  0.000000  1.415387  0.000000  1.266166  1.266128  0.009851
1239  0.000000  1.415305  0.000000  1.266058  1.266020  0.009856
1240  0.000000  1.415224  0.000000  1.265950  1.265912  0.009862
1241  0.000000  1.415142  0.000000  1.265842  1.265803  0.009867
1242  0.000000  1.415060  0.000000  1.265734  1.265695  0.009873
1243  0.000000  1.414979  0.000000  1.265625  1.265587  0.009879
1244  0.000000  1.414897  0.000000  1.265517  1.265478  0.009884
1245  0.000000  1.414815  0.000000  1.265408  1.265370  0.009890
1246  0.000000  1.414733  0.000000  1.265300  1.265261  0.009895
1247  0.000000  1.414651  0.000000  1.265191  1.265152  0.009901
1248  0.000000  1.414568  0.000000  1.265082  1.265043  0.009907
1249  0.000000  1.414486  0.000000  1.264973  1.264934  0.009912
1250  0.000000  1.414404  0.000000  1.264864  1.264825  0.009918
1251  0.000000  1.414322  0.000000  1.264755  1.264716  0.009924
1252  0.000000  1.414239  0.000000  1.264646  1.264607  0.009929
1253  0.000000  1.414156  0.000000  1.264537  1.264498  0.009935
1254  0.000000  1.414074  0.000000  1.264428  1.264389  0.009941
1255  0.000000  1.413991  0.000000  1.264318  1.264279  0.009946
1256  0.000000  1.413908  0.000000  1.264209  1.264170  0.009952
1257  0.000000  1.413826  0.000000  1.264099  1.264060  0.009958
1258  0.000000  1.413743  0.000000  1.263989  1.263950  0.009963
1259  0.000000  1.413660  0.000000  1.263880  1.263840  0.009969
1260  0.000000  1.413577  0.000000  1.263770  1.263731  0.009975
1261  0.000000  1.413493  0.000000  1.263660  1.263621  0.009980
1262  0.000000  1.413410  0.000000  1.263550  1.263510  0.009986
1263  0.000000  1.413327  0.000000  1.263440  1.263400  0.009992
1264  0.000000  1.413244  0.000000  1.263330  1.263290  0.009997
1265  0.000000  1.413160  0.000000  1.263219  1.263180  0.010003
1266  0.000000  1.413077  0.000000  1.263109  1.263069  0.010009
1267  0.000000  1.412993  0.000000  1.262999  1.262959  0.010015
1268  0.000000  1.412909  0.000000  1.262888  1.262848  0.010020
1269  0.000000  1.412826  0.000000  1.262777  1.262738  0.010026
1270  0.000000  1.412742  0.000000  1.262667  1.262627  0.010032
1271  0.000000  1.412658  0.000000  1.262556  1.262516  0.010038
1272  0.000000  1.412574  0.000000  1.262445  1.262405  0.010043
1273  0.000000  1.412490  0.000000  1.262334  1.262294  0.010049
1274  0.000000  1.412406  0.000000  1.262223  1.262183  0.010055
1275  0.000000  1.412322  0.000000  1.262112  1.262071  0.010061
1276  0.000000  1.412237  0.000000  1.262000  1.261960  0.010066
1277  0.000000  1.412153  0.000000  1.261889  1.261849  0.010072
1278  0.000000  1.412069  0.000000  1.261778  1.261737  0.010078
1279  0.000000  1.411984  0.000000  1.261666  1.261626  0.010084
1280  0.000000  1.411900  0.000000  1.261554  1.261514  0.010090
1281  0.000000  1.411815  0.000000  1.261443  1.261402  0.010095
1282  0.000000  1.411730  0.000000  1.261331  1.261290  0.010101
1283  0.000000  1.411646  0.000000  1.261219  1.261179  0.010107
1284  0.000000  1.411561  0.000000  1.261107  1.261066  0.010113
1285  0.000000  1.411476  0.000000  1.260995  1.260954  0.010119
1286  0.000000  1.411391  0.000000  1.260883  1.260842  0.010125
1287  0.000000  1.411306  0.000000  1.260771  1.260730  0.010130
1288  0.000000  1.411221  0.000000  1.260658  1.260618  0.010136
1289  0.000000  1.411135  0.000000  1.260546  1.260505  0.010142
1290  0.000000  1.411050  0.000000  1.260433  1.260393  0.010148
1291  0.000000  1.410965  0.000000  1.260321  1.260280  0.010154
1292  0.000000  1.410879  0.000000  1.260208  1.260167  0.010160
1293  0.000000  1.410794  0.000000  1.260095  1.260054  0.010166
1294  0.000000  1.410708  0.000000  1.259982  1.259941  0.010171
1295  0.000000  1.410623  0.000000  1.259870  1.259828  0.010177
1296  0.000000  1.410537  0.000000  1.259756  1.259715  0.010183
1297  0.000000  1.410451  0.000000  1.259643  1.259602  0.010189
1298  0.000000  1.410365  0.000000  1.259530  1.259489  0.010195
1299  0.000000  1.410279  0.000000  1.259417  1.259376  0.010201
1300  0.000000  1.410193  0.000000  1.259303  1.259262  0.010207
1301  0.000000  1.410107  0.000000  1.259190  1.259149  0.010213
1302  0.000000  1.410021  0.000000  1.259076  1.259035  0.010219
1303  0.000000  1.409935  0.000000  1.258963  1.258921  0.010225
1304  0.000000  1.409848  0.000000  1.258849  1.258807  0.010231
1305  0.000000  1.409762  0.000000  1.258735  1.258694  0.010236
1306  0.000000  1.409675  0.000000  1.258621  1.258580  0.010242
1307  0.000000  1.409589  0.000000  1.258507  1.258466  0.010248
1308  0.000000  1.409502  0.000000  1.258393  1.258351  0.010254
1309  0.000000  1.409415  0.000000  1.258279  1.258237  0.010260
1310  0.000000  1.409329  0.000000  1.258165  1.258123  0.010266
1311  0.000000  1.409242  0.000000  1.258050  1.258008  0.010272
1312  0.000000  1.409155  0.000000  1.257936  1.257894  0.010278
1313  0.000000  1.409068  0.000000  1.257821  1.257779  0.010284
1314  0.000000  1.408981  0.000000  1.257707  1.257665  0.010290
1315  0.000000  1.408894  0.000000  1.257592  1.257550  0.010296
1316  0.000000  1.408806  0.000000  1.257477  1.257435  0.010302
1317  0.000000  1.408719  0.000000  1.257362  1.257320  0.010308
1318  0.000000  1.408632  0.000000  1.257247  1.257205  0.010314
1319  0.000000  1.408544  0.000000  1.257132  1.257090  0.010320
1320  0.000000  1.408457  0.000000  1.257017  1.256975  0.010326
1321  0.000000  1.408369  0.000000  1.256902  1.256859  0.010332
1322  0.000000  1.408281  0.000000  1.256786  1.256744  0.010338
1323  0.000000  1.408194  0.000000  1.256671  1.256628  0.010344
1324  0.000000  1.408106  0.000000  1.256555  1.256513  0.010350
1325  0.000000  1.408018  0.000000  1.256440  1.256397  0.010356
1326  0.000000  1.407930  0.000000  1.256324  1.256281  0.010362
1327  0.000000  1.407842  0.000000  1.256208  1.256166  0.010369
1328  0.000000  1.407754  0.000000  1.256093  1.256050  0.010375
1329  0.000000  1.407666  0.000000  1.255977  1.255934  0.010381
1330  0.000000  1.407577  0.000000  1.255861  1.255818  0.010387
1331  0.000000  1.407489  0.000000  1.255744  1.255701  0.010393
1332  0.000000  1.407401  0.000000  1.255628  1.255585  0.010399
1333  0.000000  1.407312  0.000000  1.255512  1.255469  0.010405
1334  0.000000  1.407223  0.000000  1.255395  1.255352  0.010411
1335  0.000000  1.407135  0.000000  1.255279  1.255236  0.010417
1336  0.000000  1.407046  0.000000  1.255162  1.255119  0.010423
1337  0.000000  1.406957  0.000000  1.255046  1.255002  0.010429
1338  0.000000  1.406868  0.000000  1.254929  1.254886  0.010436
1339  0.000000  1.406779  0.000000  1.254812  1.254769  0.010442
1340  0.000000  1.406690  0.000000  1.254695  1.254652  0.010448
1341  0.000000  1.406601  0.000000  1.254578  1.254535  0.010454
1342  0.000000  1.406512  0.000000  1.254461  1.254417  0.010460
1343  0.000000  1.406423  0.000000  1.254344  1.254300  0.010466
1344  0.000000  1.406333  0.000000  1.254226  1.254183  0.010472
1345  0.000000  1.406244  0.000000  1.254109  1.254065  0.010478
1346  0.000000  1.406155  0.000000  1.253992  1.253948  0.010485
1347  0.000000  1.406065  0.000000  1.253874  1.253830  0.010491
1348  0.000000  1.405975  0.000000  1.253756  1.253712  0.010497
1349  0.000000  1.405886  0.000000  1.253639  1.253595  0.010503
1350  0.000000  1.405796  0.000000  1.253521  1.253477  0.010509
1351  0.000000  1.405706  0.000000  1.253403  1.253359  0.010516
1352  0.000000  1.405616  0.000000  1.253285  1.253241  0.010522
1353  0.000000  1.405526  0.000000  1.253167  1.253123  0.010528
1354  0.000000  1.405436  0.000000  1.253049  1.253004  0.010534
1355  0.000000  1.405346  0.000000  1.252930  1.252886  0.010540
1356  0.000000  1.405256  0.000000  1.252812  1.252768  0.010547
1357  0.000000  1.405165  0.000000  1.252694  1.252649  0.010553
1358  0.000000  1.405075  0.000000  1.252575  1.252531  0.010559
1359  0.000000  1.404984  0.000000  1.252456  1.252412  0.010565
1360  0.000000  1.404894  0.000000  1.252338  1.252293  0.010571
1361  0.000000  1.404803  0.000000  1.252219  1.252174  0.010578
1362  0.000000  1.404713  0.000000  1.252100  1.252055  0.010584
1363  0.000000  1.404622  0.000000  1.251981  1.251936  0.010590
1364  0.000000  1.404531  0.000000  1.251862  1.251817  0.010597
1365  0.000000  1.404440  0.000000  1.251743  1.251698  0.010603
1366  0.000000  1.404349  0.000000  1.251624  1.251579  0.010609
1367  0.000000  1.404258  0.000000  1.251504  1.251459  0.010615
1368  0.000000  1.404167  0.000000  1.251385  1.251340  0.010622
1369  0.000000  1.404076  0.000000  1.251265  1.251220  0.010628
1370  0.000000  1.403984  0.000000  1.251146  1.251101  0.010634
1371  0.000000  1.403893  0.000000  1.251026  1.250981  0.010640
1372  0.000000  1.403801  0.000000  1.250906  1.250861  0.010647
1373  0.000000  1.403710  0.000000  1.250786  1.250741  0.010653
1374  0.000000  1.403618  0.000000  1.250666  1.250621  0.010659
1375  0.000000  1.403527  0.000000  1.250546  1.250501  0.010666
1376  0.000000  1.403435  0.000000  1.250426  1.250381  0.010672
1377  0.000000  1.403343  0.000000  1.250306  1.250260  0.010678
1378  0.000000  1.403251  0.000000  1.250186  1.250140  0.010685
1379  0.000000  1.403159  0.000000  1.250065  1.250020  0.010691
1380  0.000000  1.403067  0.000000  1.249945  1.249899  0.010697
1381  0.000000  1.402975  0.000000  1.249824  1.249778  0.010704
1382  0.000000  1.402883  0.000000  1.249704  1.249658  0.010710
1383  0.000000  1.402790  0.000000  1.249583  1.249537  0.010717
1384  0.000000  1.402698  0.000000  1.249462  1.249416  0.010723
1385  0.000000  1.402606  0.000000  1.249341  1.249295  0.010729
1386  0.000000  1.402513  0.000000  1.249220  1.249174  0.010736
1387  0.000000  1.402421  0.000000  1.249099  1.249053  0.010742
1388  0.000000  1.402328  0.000000  1.248978  1.248931  0.010748
1389  0.000000  1.402235  0.000000  1.248856  1.248810  0.010755
1390  0.000000  1.402142  0.000000  1.248735  1.248689  0.010761
1391  0.000000  1.402049  0.000000  1.248614  1.248567  0.010768
1392  0.000000  1.401956  0.000000  1.248492  1.248446  0.010774
1393  0.000000  1.401863  0.000000  1.248370  1.248324  0.010780
1394  0.000000  1.401770  0.000000  1.248249  1.248202  0.010787
1395  0.000000  1.401677  0.000000  1.248127  1.248080  0.010793
1396  0.000000  1.401584  0.000000  1.248005  1.247958  0.010800
1397  0.000000  1.401490  0.000000  1.247883  1.247836  0.010806
1398  0.000000  1.401397  0.000000  1.247761  1.247714  0.010813
1399  0.000000  1.401303  0.000000  1.247639  1.247592  0.010819
1400  0.000000  1.401210  0.000000  1.247516  1.247469  0.010826
1401  0.000000  1.401116  0.000000  1.247394  1.247347  0.010832
1402  0.000000  1.401022  0.000000  1.247272  1.247224  0.010839
1403  0.000000  1.400929  0.000000  1.247149  1.247102  0.010845
1404  0.000000  1.400835  0.000000  1.247026  1.246979  0.010852
1405  0.000000  1.400741  0.000000  1.246904  1.246856  0.010858
1406  0.000000  1.400647  0.000000  1.246781  1.246734  0.010865
1407  0.000000  1.400553  0.000000  1.246658  1.246611  0.010871
1408  0.000000  1.400458  0.000000  1.246535  1.246488  0.010878
1409  0.000000  1.400364  0.000000  1.246412  1.246364  0.010884
1410  0.000000  1.400270  0.000000  1.246289  1.246241  0.010891
1411  0.000000  1.400175  0.000000  1.246166  1.246118  0.010897
1412  0.000000  1.400081  0.000000  1.246042  1.245995  0.010904
1413  0.000000  1.399986  0.000000  1.245919  1.245871  0.010910
1414  0.000000  1.399892  0.000000  1.245795  1.245748  0.010917
1415  0.000000  1.399797  0.000000  1.245672  1.245624  0.010923
1416  0.000000  1.399702  0.000000  1.245548  1.245500  0.010930
1417  0.000000  1.399607  0.000000  1.245424  1.245376  0.010936
1418  0.000000  1.399512  0.000000  1.245300  1.245252  0.010943
1419  0.000000  1.399417  0.000000  1.245176  1.245128  0.010949
1420  0.000000  1.399322  0.000000  1.245052  1.245004  0.010956
1421  0.000000  1.399227  0.000000  1.244928  1.244880  0.010963
1422  0.000000  1.399132  0.000000  1.244804  1.244756  0.010969
1423  0.000000  1.399036  0.000000  1.244680  1.244631  0.010976
1424  0.000000  1.398941  0.000000  1.244555  1.244507  0.010982
1425  0.000000  1.398845  0.000000  1.244431  1.244382  0.010989
1426  0.000000  1.398750  0.000000  1.244306  1.244258  0.010996
1427  0.000000  1.398654  0.000000  1.244182  1.244133  0.011002
1428  0.000000  1.398558  0.000000  1.244057  1.244008  0.011009
1429  0.000000  1.398463  0.000000  1.243932  1.243883  0.011015
1430  0.000000  1.398367  0.000000  1.243807  1.243758  0.011022
1431  0.000000  1.398271  0.000000  1.243682  1.243633  0.011029
1432  0.000000  1.398175  0.000000  1.243557  1.243508  0.011035
1433  0.000000  1.398078  0.000000  1.243432  1.243383  0.011042
1434  0.000000  1.397982  0.000000  1.243307  1.243257  0.011049
1435  0.000000  1.397886  0.000000  1.243181  1.243132  0.011055
1436  0.000000  1.397790  0.000000  1.243056  1.243006  0.011062
1437  0.000000  1.397693  0.000000  1.242930  1.242881  0.011069
1438  0.000000  1.397597  0.000000  1.242804  1.242755  0.011075
1439  0.000000  1.397500  0.000000  1.242679  1.242629  0.011082
1440  0.000000  1.397403  0.000000  1.242553  1.242503  0.011089
1441  0.000000  1.397307  0.000000  1.242427  1.242377  0.011095
1442  0.000000  1.397210  0.000000  1.242301  1.242251  0.011102
1443  0.000000  1.397113  0.000000  1.242175  1.242125  0.011109
1444  0.000000  1.397016  0.000000  1.242049  1.241999  0.011116
1445  0.000000  1.396919  0.000000  1.241923  1.241873  0.011122
1446  0.000000  1.396822  0.000000  1.241796  1.241746  0.011129
1447  0.000000  1.396725  0.000000  1.241670  1.241620  0.011136
1448  0.000000  1.396627  0.000000  1.241543  1.241493  0.011142
1449  0.000000  1.396530  0.000000  1.241417  1.241366  0.011149
1450  0.000000  1.396433  0.000000  1.241290  1.241240  0.011156
1451  0.000000  1.396335  0.000000  1.241163  1.241113  0.011163
1452  0.000000  1.396237  0.000000  1.241036  1.240986  0.011169
1453  0.000000  1.396140  0.000000  1.240909  1.240859  0.011176
1454  0.000000  1.396042  0.000000  1.240782  1.240732  0.011183
1455  0.000000  1.395944  0.000000  1.240655  1.240605  0.011190
1456  0.000000  1.395846  0.000000  1.240528  1.240477  0.011197
1457  0.000000  1.395748  0.000000  1.240400  1.240350  0.011203
1458  0.000000  1.395650  0.000000  1.240273  1.240222  0.011210
1459  0.000000  1.395552  0.000000  1.240145  1.240095  0.011217
1460  0.000000  1.395454  0.000000  1.240018  1.239967  0.011224
1461  0.000000  1.395356  0.000000  1.239890  1.239839  0.011231
1462  0.000000  1.395257  0.000000  1.239762  1.239711  0.011237
1463  0.000000  1.395159  0.000000  1.239635  1.239584  0.011244
1464  0.000000  1.395060  0.000000  1.239507  1.239456  0.011251
1465  0.000000  1.394962  0.000000  1.239379  1.239327  0.011258
1466  0.000000  1.394863  0.000000  1.239250  1.239199  0.011265
1467  0.000000  1.394764  0.000000  1.239122  1.239071  0.011271
1468  0.000000  1.394665  0.000000  1.238994  1.238943  0.011278
1469  0.000000  1.394567  0.000000  1.238866  1.238814  0.011285
1470  0.000000  1.394468  0.000000  1.238737  1.238686  0.011292
1471  0.000000  1.394368  0.000000  1.238608  1.238557  0.011299
1472  0.000000  1.394269  0.000000  1.238480  1.238428  0.011306
1473  0.000000  1.394170  0.000000  1.238351  1.238299  0.011313
1474  0.000000  1.394071  0.000000  1.238222  1.238170  0.011320
1475  0.000000  1.393971  0.000000  1.238093  1.238041  0.011326
1476  0.000000  1.393872  0.000000  1.237964  1.237912  0.011333
1477  0.000000  1.393772  0.000000  1.237835  1.237783  0.011340
1478  0.000000  1.393673  0.000000  1.237706  1.237654  0.011347
1479  0.000000  1.393573  0.000000  1.237577  1.237525  0.011354
1480  0.000000  1.393473  0.000000  1.237447  1.237395  0.011361
1481  0.000000  1.393373  0.000000  1.237318  1.237266  0.011368
1482  0.000000  1.393274  0.000000  1.237188  1.237136  0.011375
1483  0.000000  1.393174  0.000000  1.237059  1.237006  0.011382
1484  0.000000  1.393073  0.000000  1.236929  1.236876  0.011389
1485  0.000000  1.392973  0.000000  1.236799  1.236747  0.011396
1486  0.000000  1.392873  0.000000  1.236669  1.236617  0.011403
1487  0.000000  1.392773  0.000000  1.236539  1.236487  0.011410
1488  0.000000  1.392672  0.000000  1.236409  1.236356  0.011417
1489  0.000000  1.392572  0.000000  1.236279  1.236226  0.011424
1490  0.000000  1.392471  0.000000  1.236149  1.236096  0.011430
1491  0.000000  1.392371  0.000000  1.236018  1.235965  0.011437
1492  0.000000  1.392270  0.000000  1.235888  1.235835  0.011444
1493  0.000000  1.392169  0.000000  1.235757  1.235704  0.011451
1494  0.000000  1.392068  0.000000  1.235627  1.235574  0.011458
1495  0.000000  1.391967  0.000000  1.235496  1.235443  0.011465
1496  0.000000  1.391866  0.000000  1.235365  1.235312  0.011472
1497  0.000000  1.391765  0.000000  1.235234  1.235181  0.011479
1498  0.000000  1.391664  0.000000  1.235103  1.235050  0.011487
1499  0.000000  1.391563  0.000000  1.234972  1.234919  0.011494
1500  0.000000  1.391461  0.000000  1.234841  1.234788  0.011501
1501  0.000000  1.391360  0.000000  1.234710  1.234656  0.011508
1502  0.000000  1.391258  0.000000  1.234579  1.234525  0.011515
1503  0.000000  1.391157  0.000000  1.234447  1.234393  0.011522
1504  0.000000  1.391055  0.000000  1.234316  1.234262  0.011529
1505  0.000000  1.390954  0.000000  1.234184  1.234130  0.011536
1506  0.000000  1.390852  0.000000  1.234052  1.233998  0.011543
1507  0.000000  1.390750  0.000000  1.233921  1.233866  0.011550
1508  0.000000  1.390648  0.000000  1.233789  1.233735  0.011557
1509  0.000000  1.390546  0.000000  1.233657  1.233603  0.011564
1510  0.000000  1.390444  0.000000  1.233525  1.233470  0.011571
1511  0.000000  1.390341  0.000000  1.233393  1.233338  0.011578
1512  0.000000  1.390239  0.000000  1.233260  1.233206  0.011585
1513  0.000000  1.390137  0.000000  1.233128  1.233074  0.011593
1514  0.000000  1.390034  0.000000  1.232996  1.232941  0.011600
1515  0.000000  1.389932  0.000000  1.232863  1.232809  0.011607
1516  0.000000  1.389829  0.000000  1.232731  1.232676  0.011614
1517  0.000000  1.389727  0.000000  1.232598  1.232543  0.011621
1518  0.000000  1.389624  0.000000  1.232465  1.232410  0.011628
1519  0.000000  1.389521  0.000000  1.232332  1.232277  0.011635
1520  0.000000  1.389418  0.000000  1.232199  1.232144  0.011643
1521  0.000000  1.389315  0.000000  1.232066  1.232011  0.011650
1522  0.000000  1.389212  0.000000  1.231933  1.231878  0.011657
1523  0.000000  1.389109  0.000000  1.231800  1.231745  0.011664
1524  0.000000  1.389006  0.000000  1.231667  1.231611  0.011671
1525  0.000000  1.388902  0.000000  1.231533  1.231478  0.011678
1526  0.000000  1.388799  0.000000  1.231400  1.231344  0.011686
1527  0.000000  1.388695  0.000000  1.231266  1.231211  0.011693
1528  0.000000  1.388592  0.000000  1.231133  1.231077  0.011700
1529  0.000000  1.388488  0.000000  1.230999  1.230943  0.011707
1530  0.000000  1.388385  0.000000  1.230865  1.230809  0.011714
1531  0.000000  1.388281  0.000000  1.230731  1.230675  0.011722
1532  0.000000  1.388177  0.000000  1.230597  1.230541  0.011729
1533  0.000000  1.388073  0.000000  1.230463  1.230407  0.011736
1534  0.000000  1.387969  0.000000  1.230329  1.230273  0.011743
1535  0.000000  1.387865  0.000000  1.230195  1.230139  0.011751
1536  0.000000  1.387761  0.000000  1.230060  1.230004  0.011758
1537  0.000000  1.387656  0.000000  1.229926  1.229870  0.011765
1538  0.000000  1.387552  0.000000  1.229791  1.229735  0.011772
1539  0.000000  1.387448  0.000000  1.229657  1.229600  0.011780
1540  0.000000  1.387343  0.000000  1.229522  1.229466  0.011787
1541  0.000000  1.387239  0.000000  1.229387  1.229331  0.011794
1542  0.000000  1.387134  0.000000  1.229252  1.229196  0.011801
1543  0.000000  1.387029  0.000000  1.229117  1.229061  0.011809
1544  0.000000  1.386924  0.000000  1.228982  1.228926  0.011816
1545  0.000000  1.386819  0.000000  1.228847  1.228790  0.011823
1546  0.000000  1.386714  0.000000  1.228712  1.228655  0.011831
1547  0.000000  1.386609  0.000000  1.228577  1.228520  0.011838
1548  0.000000  1.386504  0.000000  1.228441  1.228384  0.011845
1549  0.000000  1.386399  0.000000  1.228306  1.228248  0.011852
1550  0.000000  1.386294  0.000000  1.228170  1.228113  0.011860
1551  0.000000  1.386188  0.000000  1.228034  1.227977  0.011867
1552  0.000000  1.386083  0.000000  1.227899  1.227841  0.011875
1553  0.000000  1.385977  0.000000  1.227763  1.227705  0.011882
1554  0.000000  1.385872  0.000000  1.227627  1.227569  0.011889
1555  0.000000  1.385766  0.000000  1.227491  1.227433  0.011897
1556  0.000000  1.385660  0.000000  1.227355  1.227297  0.011904
1557  0.000000  1.385554  0.000000  1.227218  1.227161  0.011911
1558  0.000000  1.385449  0.000000  1.227082  1.227024  0.011919
1559  0.000000  1.385343  0.000000  1.226946  1.226888  0.011926
1560  0.000000  1.385236  0.000000  1.226809  1.226751  0.011933
1561  0.000000  1.385130  0.000000  1.226673  1.226614  0.011941
1562  0.000000  1.385024  0.000000  1.226536  1.226478  0.011948
1563  0.000000  1.384918  0.000000  1.226399  1.226341  0.011956
1564  0.000000  1.384811  0.000000  1.226262  1.226204  0.011963
1565  0.000000  1.384705  0.000000  1.226125  1.226067  0.011970
1566  0.000000  1.384598  0.000000  1.225988  1.225930  0.011978
1567  0.000000  1.384492  0.000000  1.225851  1.225793  0.011985
1568  0.000000  1.384385  0.000000  1.225714  1.225655  0.011993
1569  0.000000  1.384278  0.000000  1.225577  1.225518  0.012000
1570  0.000000  1.384171  0.000000  1.225439  1.225381  0.012008
1571  0.000000  1.384064  0.000000  1.225302  1.225243  0.012015
1572  0.000000  1.383957  0.000000  1.225164  1.225105  0.012023
1573  0.000000  1.383850  0.000000  1.225027  1.224968  0.012030
1574  0.000000  1.383743  0.000000  1.224889  1.224830  0.012038
1575  0.000000  1.383635  0.000000  1.224751  1.224692  0.012045
1576  0.000000  1.383528  0.000000  1.224613  1.224554  0.012052
1577  0.000000  1.383421  0.000000  1.224475  1.224416  0.012060
1578  0.000000  1.383313  0.000000  1.224337  1.224278  0.012067
1579  0.000000  1.383205  0.000000  1.224199  1.224139  0.012075
1580  0.000000  1.383098  0.000000  1.224061  1.224001  0.012082
1581  0.000000  1.382990  0.000000  1.223922  1.223863  0.012090
1582  0.000000  1.382882  0.000000  1.223784  1.223724  0.012098
1583  0.000000  1.382774  0.000000  1.223645  1.223586  0.012105
1584  0.000000  1.382666  0.000000  1.223507  1.223447  0.012113
1585  0.000000  1.382558  0.000000  1.223368  1.223308  0.012120
1586  0.000000  1.382450  0.000000  1.223229  1.223169  0.012128
1587  0.000000  1.382342  0.000000  1.223090  1.223030  0.012135
1588  0.000000  1.382233  0.000000  1.222951  1.222891  0.012143
1589  0.000000  1.382125  0.000000  1.222812  1.222752  0.012150
1590  0.000000  1.382016  0.000000  1.222673  1.222613  0.012158
1591  0.000000  1.381908  0.000000  1.222534  1.222473  0.012166
1592  0.000000  1.381799  0.000000  1.222395  1.222334  0.012173
1593  0.000000  1.381690  0.000000  1.222255  1.222194  0.012181
1594  0.000000  1.381582  0.000000  1.222116  1.222055  0.012188
1595  0.000000  1.381473  0.000000  1.221976  1.221915  0.012196
1596  0.000000  1.381364  0.000000  1.221836  1.221775  0.012203
1597  0.000000  1.381255  0.000000  1.221697  1.221636  0.012211
1598  0.000000  1.381145  0.000000  1.221557  1.221496  0.012219
1599  0.000000  1.381036  0.000000  1.221417  1.221356  0.012226
1600  0.000000  1.380927  0.000000  1.221277  1.221215  0.012234
1601  0.000000  1.380818  0.000000  1.221137  1.221075  0.012242
1602  0.000000  1.380708  0.000000  1.220996  1.220935  0.012249
1603  0.000000  1.380599  0.000000  1.220856  1.220794  0.012257
1604  0.000000  1.380489  0.000000  1.220716  1.220654  0.012265
1605  0.000000  1.380379  0.000000  1.220575  1.220513  0.012272
1606  0.000000  1.380269  0.000000  1.220435  1.220373  0.012280
1607  0.000000  1.380160  0.000000  1.220294  1.220232  0.012288
1608  0.000000  1.380050  0.000000  1.220153  1.220091  0.012295
1609  0.000000  1.379940  0.000000  1.220012  1.219950  0.012303
1610  0.000000  1.379829  0.000000  1.219871  1.219809  0.012311
1611  0.000000  1.379719  0.000000  1.219730  1.219668  0.012318
1612  0.000000  1.379609  0.000000  1.219589  1.219527  0.012326
1613  0.000000  1.379499  0.000000  1.219448  1.219386  0.012334
1614  0.000000  1.379388  0.000000  1.219307  1.219244  0.012341
1615  0.000000  1.379278  0.000000  1.219165  1.219103  0.012349
1616  0.000000  1.379167  0.000000  1.219024  1.218961  0.012357
1617  0.000000  1.379056  0.000000  1.218882  1.218820  0.012365
1618  0.000000  1.378946  0.000000  1.218741  1.218678  0.012372
1619  0.000000  1.378835  0.000000  1.218599  1.218536  0.012380
1620  0.000000  1.378724  0.000000  1.218457  1.218394  0.012388
1621  0.000000  1.378613  0.000000  1.218315  1.218252  0.012396
1622  0.000000  1.378502  0.000000  1.218173  1.218110  0.012403
1623  0.000000  1.378391  0.000000  1.218031  1.217968  0.012411
1624  0.000000  1.378279  0.000000  1.217889  1.217826  0.012419
1625  0.000000  1.378168  0.000000  1.217747  1.217683  0.012427
1626  0.000000  1.378057  0.000000  1.217604  1.217541  0.012434
1627  0.000000  1.377945  0.000000  1.217462  1.217398  0.012442
1628  0.000000  1.377833  0.000000  1.217319  1.217256  0.012450
1629  0.000000  1.377722  0.000000  1.217177  1.217113  0.012458
1630  0.000000  1.377610  0.000000  1.217034  1.216970  0.012466
1631  0.000000  1.377498  0.000000  1.216891  1.216827  0.012474
1632  0.000000  1.377386  0.000000  1.216748  1.216684  0.012481
1633  0.000000  1.377274  0.000000  1.216605  1.216541  0.012489
1634  0.000000  1.377162  0.000000  1.216462  1.216398  0.012497
1635  0.000000  1.377050  0.000000  1.216319  1.216255  0.012505
1636  0.000000  1.376938  0.000000  1.216176  1.216111  0.012513
1637  0.000000  1.376826  0.000000  1.216032  1.215968  0.012521
1638  0.000000  1.376713  0.000000  1.215889  1.215824  0.012528
1639  0.000000  1.376601  0.000000  1.215745  1.215681  0.012536
1640  0.000000  1.376488  0.000000  1.215602  1.215537  0.012544
1641  0.000000  1.376376  0.000000  1.215458  1.215393  0.012552
1642  0.000000  1.376263  0.000000  1.215314  1.215249  0.012560
1643  0.000000  1.376150  0.000000  1.215170  1.215105  0.012568
1644  0.000000  1.376037  0.000000  1.215027  1.214961  0.012576
1645  0.000000  1.375924  0.000000  1.214882  1.214817  0.012584
1646  0.000000  1.375811  0.000000  1.214738  1.214673  0.012592
1647  0.000000  1.375698  0.000000  1.214594  1.214529  0.012599
1648  0.000000  1.375585  0.000000  1.214450  1.214384  0.012607
1649  0.000000  1.375471  0.000000  1.214305  1.214240  0.012615
1650  0.000000  1.375358  0.000000  1.214161  1.214095  0.012623
1651  0.000000  1.375245  0.000000  1.214016  1.213951  0.012631
1652  0.000000  1.375131  0.000000  1.213872  1.213806  0.012639
1653  0.000000  1.375018  0.000000  1.213727  1.213661  0.012647
1654  0.000000  1.374904  0.000000  1.213582  1.213516  0.012655
1655  0.000000  1.374790  0.000000  1.213437  1.213371  0.012663
1656  0.000000  1.374676  0.000000  1.213292  1.213226  0.012671
1657  0.000000  1.374562  0.000000  1.213147  1.213081  0.012679
1658  0.000000  1.374448  0.000000  1.213002  1.212935  0.012687
1659  0.000000  1.374334  0.000000  1.212856  1.212790  0.012695
1660  0.000000  1.374220  0.000000  1.212711  1.212645  0.012703
1661  0.000000  1.374106  0.000000  1.212566  1.212499  0.012711
1662  0.000000  1.373991  0.000000  1.212420  1.212353  0.012719
1663  0.000000  1.373877  0.000000  1.212274  1.212208  0.012727
1664  0.000000  1.373762  0.000000  1.212129  1.212062  0.012735
1665  0.000000  1.373648  0.000000  1.211983  1.211916  0.012743
1666  0.000000  1.373533  0.000000  1.211837  1.211770  0.012751
1667  0.000000  1.373418  0.000000  1.211691  1.211624  0.012759
1668  0.000000  1.373303  0.000000  1.211545  1.211477  0.012767
1669  0.000000  1.373188  0.000000  1.211399  1.211331  0.012775
1670  0.000000  1.373073  0.000000  1.211252  1.211185  0.012783
1671  0.000000  1.372958  0.000000  1.211106  1.211038  0.012791
1672  0.000000  1.372843  0.000000  1.210959  1.210892  0.012799
1673  0.000000  1.372728  0.000000  1.210813  1.210745  0.012808
1674  0.000000  1.372613  0.000000  1.210666  1.210598  0.012816
1675  0.000000  1.372497  0.000000  1.210520  1.210452  0.012824
1676  0.000000  1.372382  0.000000  1.210373  1.210305  0.012832
1677  0.000000  1.372266  0.000000  1.210226  1.210158  0.012840
1678  0.000000  1.372150  0.000000  1.210079  1.210011  0.012848
1679  0.000000  1.372035  0.000000  1.209932  1.209864  0.012856
1680  0.000000  1.371919  0.000000  1.209785  1.209716  0.012864
1681  0.000000  1.371803  0.000000  1.209637  1.209569  0.012872
1682  0.000000  1.371687  0.000000  1.209490  1.209422  0.012881
1683  0.000000  1.371571  0.000000  1.209343  1.209274  0.012889
1684  0.000000  1.371455  0.000000  1.209195  1.209126  0.012897
1685  0.000000  1.371338  0.000000  1.209048  1.208979  0.012905
1686  0.000000  1.371222  0.000000  1.208900  1.208831  0.012913
1687  0.000000  1.371106  0.000000  1.208752  1.208683  0.012921
1688  0.000000  1.370989  0.000000  1.208604  1.208535  0.012930
1689  0.000000  1.370872  0.000000  1.208456  1.208387  0.012938
1690  0.000000  1.370756  0.000000  1.208308  1.208239  0.012946
1691  0.000000  1.370639  0.000000  1.208160  1.208091  0.012954
1692  0.000000  1.370522  0.000000  1.208012  1.207942  0.012962
1693  0.000000  1.370405  0.000000  1.207863  1.207794  0.012970
1694  0.000000  1.370288  0.000000  1.207715  1.207645  0.012979
1695  0.000000  1.370171  0.000000  1.207567  1.207497  0.012987
1696  0.000000  1.370054  0.000000  1.207418  1.207348  0.012995
1697  0.000000  1.369937  0.000000  1.207269  1.207199  0.013003
1698  0.000000  1.369819  0.000000  1.207121  1.207050  0.013012
1699  0.000000  1.369702  0.000000  1.206972  1.206901  0.013020
1700  0.000000  1.369585  0.000000  1.206823  1.206752  0.013028
1701  0.000000  1.369467  0.000000  1.206674  1.206603  0.013036
1702  0.000000  1.369349  0.000000  1.206525  1.206454  0.013045
1703  0.000000  1.369232  0.000000  1.206375  1.206305  0.013053
1704  0.000000  1.369114  0.000000  1.206226  1.206155  0.013061
1705  0.000000  1.368996  0.000000  1.206077  1.206006  0.013069
1706  0.000000  1.368878  0.000000  1.205927  1.205856  0.013078
1707  0.000000  1.368760  0.000000  1.205778  1.205707  0.013086
1708  0.000000  1.368642  0.000000  1.205628  1.205557  0.013094
1709  0.000000  1.368523  0.000000  1.205478  1.205407  0.013103
1710  0.000000  1.368405  0.000000  1.205328  1.205257  0.013111
1711  0.000000  1.368287  0.000000  1.205179  1.205107  0.013119
1712  0.000000  1.368168  0.000000  1.205029  1.204957  0.013128
1713  0.000000  1.368049  0.000000  1.204878  1.204807  0.013136
1714  0.000000  1.367931  0.000000  1.204728  1.204657  0.013144
1715  0.000000  1.367812  0.000000  1.204578  1.204506  0.013153
1716  0.000000  1.367693  0.000000  1.204428  1.204356  0.013161
1717  0.000000  1.367574  0.000000  1.204277  1.204205  0.013169
1718  0.000000  1.367455  0.000000  1.204127  1.204054  0.013178
1719  0.000000  1.367336  0.000000  1.203976  1.203904  0.013186
1720  0.000000  1.367217  0.000000  1.203825  1.203753  0.013194
1721  0.000000  1.367098  0.000000  1.203674  1.203602  0.013203
1722  0.000000  1.366978  0.000000  1.203524  1.203451  0.013211
1723  0.000000  1.366859  0.000000  1.203373  1.203300  0.013220
1724  0.000000  1.366740  0.000000  1.203221  1.203149  0.013228
1725  0.000000  1.366620  0.000000  1.203070  1.202998  0.013236
1726  0.000000  1.366500  0.000000  1.202919  1.202846  0.013245
1727  0.000000  1.366381  0.000000  1.202768  1.202695  0.013253
1728  0.000000  1.366261  0.000000  1.202616  1.202543  0.013262
1729  0.000000  1.366141  0.000000  1.202465  1.202392  0.013270
1730  0.000000  1.366021  0.000000  1.202313  1.202240  0.013279
1731  0.000000  1.365901  0.000000  1.202161  1.202088  0.013287
1732  0.000000  1.365781  0.000000  1.202010  1.201936  0.013295
1733  0.000000  1.365660  0.000000  1.201858  1.201784  0.013304
1734  0.000000  1.365540  0.000000  1.201706  1.201632  0.013312
1735  0.000000  1.365420  0.000000  1.201554  1.201480  0.013321
1736  0.000000  1.365299  0.000000  1.201402  1.201328  0.013329
1737  0.000000  1.365178  0.000000  1.201249  1.201175  0.013338
1738  0.000000  1.365058  0.000000  1.201097  1.201023  0.013346
1739  0.000000  1.364937  0.000000  1.200945  1.200870  0.013355
1740  0.000000  1.364816  0.000000  1.200792  1.200718  0.013363
1741  0.000000  1.364695  0.000000  1.200640  1.200565  0.013372
1742  0.000000  1.364574  0.000000  1.200487  1.200412  0.013380
1743  0.000000  1.364453  0.000000  1.200334  1.200259  0.013389
1744  0.000000  1.364332  0.000000  1.200181  1.200107  0.013397
1745  0.000000  1.364211  0.000000  1.200028  1.199953  0.013406
1746  0.000000  1.364089  0.000000  1.199875  1.199800  0.013415
1747  0.000000  1.363968  0.000000  1.199722  1.199647  0.013423
1748  0.000000  1.363846  0.000000  1.199569  1.199494  0.013432
1749  0.000000  1.363725  0.000000  1.199416  1.199340  0.013440
1750  0.000000  1.363603  0.000000  1.199262  1.199187  0.013449
1751  0.000000  1.363481  0.000000  1.199109  1.199033  0.013457
1752  0.000000  1.363360  0.000000  1.198955  1.198880  0.013466
1753  0.000000  1.363238  0.000000  1.198802  1.198726  0.013474
1754  0.000000  1.363116  0.000000  1.198648  1.198572  0.013483
1755  0.000000  1.362993  0.000000  1.198494  1.198418  0.013492
1756  0.000000  1.362871  0.000000  1.198340  1.198264  0.013500
1757  0.000000  1.362749  0.000000  1.198186  1.198110  0.013509
1758  0.000000  1.362627  0.000000  1.198032  1.197956  0.013518
1759  0.000000  1.362504  0.000000  1.197878  1.197801  0.013526
1760  0.000000  1.362382  0.000000  1.197724  1.197647  0.013535
1761  0.000000  1.362259  0.000000  1.197569  1.197493  0.013543
1762  0.000000  1.362136  0.000000  1.197415  1.197338  0.013552
1763  0.000000  1.362014  0.000000  1.197260  1.197183  0.013561
1764  0.000000  1.361891  0.000000  1.197106  1.197029  0.013569
1765  0.000000  1.361768  0.000000  1.196951  1.196874  0.013578
1766  0.000000  1.361645  0.000000  1.196796  1.196719  0.013587
1767  0.000000  1.361522  0.000000  1.196641  1.196564  0.013595
1768  0.000000  1.361398  0.000000  1.196486  1.196409  0.013604
1769  0.000000  1.361275  0.000000  1.196331  1.196254  0.013613
1770  0.000000  1.361152  0.000000  1.196176  1.196098  0.013622
1771  0.000000  1.361028  0.000000  1.196021  1.195943  0.013630
1772  0.000000  1.360905  0.000000  1.195865  1.195788  0.013639
1773  0.000000  1.360781  0.000000  1.195710  1.195632  0.013648
1774  0.000000  1.360657  0.000000  1.195554  1.195476  0.013656
1775  0.000000  1.360534  0.000000  1.195399  1.195321  0.013665
1776  0.000000  1.360410  0.000000  1.195243  1.195165  0.013674
1777  0.000000  1.360286  0.000000  1.195087  1.195009  0.013683
1778  0.000000  1.360162  0.000000  1.194931  1.194853  0.013691
1779  0.000000  1.360038  0.000000  1.194776  1.194697  0.013700
1780  0.000000  1.359913  0.000000  1.194619  1.194541  0.013709
1781  0.000000  1.359789  0.000000  1.194463  1.194385  0.013718
1782  0.000000  1.359665  0.000000  1.194307  1.194228  0.013726
1783  0.000000  1.359540  0.000000  1.194151  1.194072  0.013735
1784  0.000000  1.359416  0.000000  1.193994  1.193915  0.013744
1785  0.000000  1.359291  0.000000  1.193838  1.193759  0.013753
1786  0.000000  1.359166  0.000000  1.193681  1.193602  0.013762
1787  0.000000  1.359041  0.000000  1.193525  1.193445  0.013770
1788  0.000000  1.358917  0.000000  1.193368  1.193288  0.013779
1789  0.000000  1.358792  0.000000  1.193211  1.193131  0.013788
1790  0.000000  1.358667  0.000000  1.193054  1.192974  0.013797
1791  0.000000  1.358541  0.000000  1.192897  1.192817  0.013806
1792  0.000000  1.358416  0.000000  1.192740  1.192660  0.013815
1793  0.000000  1.358291  0.000000  1.192583  1.192503  0.013823
1794  0.000000  1.358165  0.000000  1.192425  1.192345  0.013832
1795  0.000000  1.358040  0.000000  1.192268  1.192188  0.013841
1796  0.000000  1.357914  0.000000  1.192111  1.192030  0.013850
1797  0.000000  1.357789  0.000000  1.191953  1.191872  0.013859
1798  0.000000  1.357663  0.000000  1.191795  1.191715  0.013868
1799  0.000000  1.357537  0.000000  1.191638  1.191557  0.013877
1800  0.000000  1.357411  0.000000  1.191480  1.191399  0.013886
1801  0.000000  1.357285  0.000000  1.191322  1.191241  0.013894
1802  0.000000  1.357159  0.000000  1.191164  1.191083  0.013903
1803  0.000000  1.357033  0.000000  1.191006  1.190925  0.013912
1804  0.000000  1.356907  0.000000  1.190848  1.190766  0.013921
1805  0.000000  1.356780  0.000000  1.190689  1.190608  0.013930
1806  0.000000  1.356654  0.000000  1.190531  1.190449  0.013939
1807  0.000000  1.356527  0.000000  1.190373  1.190291  0.013948
1808  0.000000  1.356401  0.000000  1.190214  1.190132  0.013957
1809  0.000000  1.356274  0.000000  1.190055  1.189973  0.013966
1810  0.000000  1.356147  0.000000  1.189897  1.189815  0.013975
1811  0.000000  1.356020  0.000000  1.189738  1.189656  0.013984
1812  0.000000  1.355893  0.000000  1.189579  1.189497  0.013993
1813  0.000000  1.355766  0.000000  1.189420  1.189338  0.014002
1814  0.000000  1.355639  0.000000  1.189261  1.189178  0.014011
1815  0.000000  1.355512  0.000000  1.189102  1.189019  0.014020
1816  0.000000  1.355385  0.000000  1.188942  1.188860  0.014029
1817  0.000000  1.355257  0.000000  1.188783  1.188700  0.014038
1818  0.000000  1.355130  0.000000  1.188624  1.188541  0.014047
1819  0.000000  1.355002  0.000000  1.188464  1.188381  0.014056
1820  0.000000  1.354875  0.000000  1.188305  1.188221  0.014065
1821  0.000000  1.354747  0.000000  1.188145  1.188062  0.014074
1822  0.000000  1.354619  0.000000  1.187985  1.187902  0.014083
1823  0.000000  1.354491  0.000000  1.187825  1.187742  0.014092
1824  0.000000  1.354363  0.000000  1.187665  1.187582  0.014101
1825  0.000000  1.354235  0.000000  1.187505  1.187421  0.014110
1826  0.000000  1.354107  0.000000  1.187345  1.187261  0.014119
1827  0.000000  1.353979  0.000000  1.187185  1.187101  0.014128
1828  0.000000  1.353850  0.000000  1.187025  1.186940  0.014137
1829  0.000000  1.353722  0.000000  1.186864  1.186780  0.014146
1830  0.000000  1.353593  0.000000  1.186704  1.186619  0.014155
1831  0.000000  1.353465  0.000000  1.186543  1.186459  0.014165
1832  0.000000  1.353336  0.000000  1.186382  1.186298  0.014174
1833  0.000000  1.353207  0.000000  1.186222  1.186137  0.014183
1834  0.000000  1.353079  0.000000  1.186061  1.185976  0.014192
1835  0.000000  1.352950  0.000000  1.185900  1.185815  0.014201
1836  0.000000  1.352821  0.000000  1.185739  1.185654  0.014210
1837  0.000000  1.352692  0.000000  1.185578  1.185493  0.014219
1838  0.000000  1.352562  0.000000  1.185417  1.185331  0.014228
1839  0.000000  1.352433  0.000000  1.185255  1.185170  0.014238
1840  0.000000  1.352304  0.000000  1.185094  1.185008  0.014247
1841  0.000000  1.352174  0.000000  1.184932  1.184847  0.014256
1842  0.000000  1.352045  0.000000  1.184771  1.184685  0.014265
1843  0.000000  1.351915  0.000000  1.184609  1.184523  0.014274
1844  0.000000  1.351785  0.000000  1.184448  1.184361  0.014284
1845  0.000000  1.351656  0.000000  1.184286  1.184199  0.014293
1846  0.000000  1.351526  0.000000  1.184124  1.184037  0.014302
1847  0.000000  1.351396  0.000000  1.183962  1.183875  0.014311
1848  0.000000  1.351266  0.000000  1.183800  1.183713  0.014320
1849  0.000000  1.351136  0.000000  1.183638  1.183551  0.014330
1850  0.000000  1.351005  0.000000  1.183475  1.183388  0.014339
1851  0.000000  1.350875  0.000000  1.183313  1.183226  0.014348
1852  0.000000  1.350745  0.000000  1.183151  1.183063  0.014357
1853  0.000000  1.350614  0.000000  1.182988  1.182901  0.014367
1854  0.000000  1.350484  0.000000  1.182825  1.182738  0.014376
1855  0.000000  1.350353  0.000000  1.182663  1.182575  0.014385
1856  0.000000  1.350222  0.000000  1.182500  1.182412  0.014394
1857  0.000000  1.350091  0.000000  1.182337  1.182249  0.014404
1858  0.000000  1.349960  0.000000  1.182174  1.182086  0.014413
1859  0.000000  1.349829  0.000000  1.182011  1.181923  0.014422
1860  0.000000  1.349698  0.000000  1.181848  1.181760  0.014431
1861  0.000000  1.349567  0.000000  1.181685  1.181596  0.014441
1862  0.000000  1.349436  0.000000  1.181521  1.181433  0.014450
1863  0.000000  1.349304  0.000000  1.181358  1.181269  0.014459
1864  0.000000  1.349173  0.000000  1.181194  1.181106  0.014469
1865  0.000000  1.349041  0.000000  1.181031  1.180942  0.014478
1866  0.000000  1.348910  0.000000  1.180867  1.180778  0.014487
1867  0.000000  1.348778  0.000000  1.180703  1.180614  0.014497
1868  0.000000  1.348646  0.000000  1.180539  1.180450  0.014506
1869  0.000000  1.348514  0.000000  1.180375  1.180286  0.014515
1870  0.000000  1.348382  0.000000  1.180211  1.180122  0.014525
1871  0.000000  1.348250  0.000000  1.180047  1.179958  0.014534
1872  0.000000  1.348118  0.000000  1.179883  1.179793  0.014544
1873  0.000000  1.347986  0.000000  1.179719  1.179629  0.014553
1874  0.000000  1.347854  0.000000  1.179554  1.179464  0.014562
1875  0.000000  1.347721  0.000000  1.179390  1.179300  0.014572
1876  0.000000  1.347589  0.000000  1.179225  1.179135  0.014581
1877  0.000000  1.347456  0.000000  1.179061  1.178970  0.014591
1878  0.000000  1.347324  0.000000  1.178896  1.178806  0.014600
1879  0.000000  1.347191  0.000000  1.178731  1.178641  0.014609
1880  0.000000  1.347058  0.000000  1.178566  1.178476  0.014619
1881  0.000000  1.346925  0.000000  1.178401  1.178310  0.014628
1882  0.000000  1.346792  0.000000  1.178236  1.178145  0.014638
1883  0.000000  1.346659  0.000000  1.178071  1.177980  0.014647
1884  0.000000  1.346526  0.000000  1.177906  1.177814  0.014657
1885  0.000000  1.346392  0.000000  1.177740  1.177649  0.014666
1886  0.000000  1.346259  0.000000  1.177575  1.177483  0.014676
1887  0.000000  1.346126  0.000000  1.177409  1.177318  0.014685
1888  0.000000  1.345992  0.000000  1.177244  1.177152  0.014695
1889  0.000000  1.345858  0.000000  1.177078  1.176986  0.014704
1890  0.000000  1.345725  0.000000  1.176912  1.176820  0.014714
1891  0.000000  1.345591  0.000000  1.176746  1.176654  0.014723
1892  0.000000  1.345457  0.000000  1.176580  1.176488  0.014733
1893  0.000000  1.345323  0.000000  1.176414  1.176322  0.014742
1894  0.000000  1.345189  0.000000  1.176248  1.176155  0.014752
1895  0.000000  1.345055  0.000000  1.176082  1.175989  0.014761
1896  0.000000  1.344921  0.000000  1.175915  1.175823  0.014771
1897  0.000000  1.344786  0.000000  1.175749  1.175656  0.014780
1898  0.000000  1.344652  0.000000  1.175582  1.175489  0.014790
1899  0.000000  1.344517  0.000000  1.175416  1.175323  0.014799
1900  0.000000  1.344383  0.000000  1.175249  1.175156  0.014809
1901  0.000000  1.344248  0.000000  1.175082  1.174989  0.014818
1902  0.000000  1.344113  0.000000  1.174915  1.174822  0.014828
1903  0.000000  1.343978  0.000000  1.174749  1.174655  0.014838
1904  0.000000  1.343843  0.000000  1.174581  1.174488  0.014847
1905  0.000000  1.343708  0.000000  1.174414  1.174320  0.014857
1906  0.000000  1.343573  0.000000  1.174247  1.174153  0.014866
1907  0.000000  1.343438  0.000000  1.174080  1.173986  0.014876
1908  0.000000  1.343303  0.000000  1.173912  1.173818  0.014886
1909  0.000000  1.343167  0.000000  1.173745  1.173650  0.014895
1910  0.000000  1.343032  0.000000  1.173577  1.173483  0.014905
1911  0.000000  1.342896  0.000000  1.173410  1.173315  0.014915
1912  0.000000  1.342761  0.000000  1.173242  1.173147  0.014924
1913  0.000000  1.342625  0.000000  1.173074  1.172979  0.014934
1914  0.000000  1.342489  0.000000  1.172906  1.172811  0.014944
1915  0.000000  1.342353  0.000000  1.172738  1.172643  0.014953
1916  0.000000  1.342217  0.000000  1.172570  1.172475  0.014963
1917  0.000000  1.342081  0.000000  1.172402  1.172306  0.014973
1918  0.000000  1.341945  0.000000  1.172234  1.172138  0.014982
1919  0.000000  1.341809  0.000000  1.172065  1.171969  0.014992
1920  0.000000  1.341672  0.000000  1.171897  1.171801  0.015002
1921  0.000000  1.341536  0.000000  1.171728  1.171632  0.015011
1922  0.000000  1.341399  0.000000  1.171559  1.171463  0.015021
1923  0.000000  1.341263  0.000000  1.171391  1.171294  0.015031
1924  0.000000  1.341126  0.000000  1.171222  1.171125  0.015041
1925  0.000000  1.340989  0.000000  1.171053  1.170956  0.015050
1926  0.000000  1.340852  0.000000  1.170884  1.170787  0.015060
1927  0.000000  1.340715  0.000000  1.170715  1.170618  0.015070
1928  0.000000  1.340578  0.000000  1.170546  1.170449  0.015080
1929  0.000000  1.340441  0.000000  1.170377  1.170279  0.015089
1930  0.000000  1.340304  0.000000  1.170207  1.170110  0.015099
1931  0.000000  1.340166  0.000000  1.170038  1.169940  0.015109
1932  0.000000  1.340029  0.000000  1.169868  1.169771  0.015119
1933  0.000000  1.339891  0.000000  1.169699  1.169601  0.015129
1934  0.000000  1.339754  0.000000  1.169529  1.169431  0.015138
1935  0.000000  1.339616  0.000000  1.169359  1.169261  0.015148
1936  0.000000  1.339478  0.000000  1.169189  1.169091  0.015158
1937  0.000000  1.339340  0.000000  1.169019  1.168921  0.015168
1938  0.000000  1.339202  0.000000  1.168849  1.168751  0.015178
1939  0.000000  1.339064  0.000000  1.168679  1.168580  0.015188
1940  0.000000  1.338926  0.000000  1.168509  1.168410  0.015197
1941  0.000000  1.338788  0.000000  1.168338  1.168240  0.015207
1942  0.000000  1.338650  0.000000  1.168168  1.168069  0.015217
1943  0.000000  1.338511  0.000000  1.167998  1.167898  0.015227
1944  0.000000  1.338373  0.000000  1.167827  1.167728  0.015237
1945  0.000000  1.338234  0.000000  1.167656  1.167557  0.015247
1946  0.000000  1.338096  0.000000  1.167486  1.167386  0.015257
1947  0.000000  1.337957  0.000000  1.167315  1.167215  0.015266
1948  0.000000  1.337818  0.000000  1.167144  1.167044  0.015276
1949  0.000000  1.337679  0.000000  1.166973  1.166873  0.015286
1950  0.000000  1.337540  0.000000  1.166802  1.166701  0.015296
1951  0.000000  1.337401  0.000000  1.166630  1.166530  0.015306
1952  0.000000  1.337262  0.000000  1.166459  1.166359  0.015316
1953  0.000000  1.337122  0.000000  1.166288  1.166187  0.015326
1954  0.000000  1.336983  0.000000  1.166116  1.166015  0.015336
1955  0.000000  1.336844  0.000000  1.165945  1.165844  0.015346
1956  0.000000  1.336704  0.000000  1.165773  1.165672  0.015356
1957  0.000000  1.336564  0.000000  1.165601  1.165500  0.015366
1958  0.000000  1.336425  0.000000  1.165429  1.165328  0.015376
1959  0.000000  1.336285  0.000000  1.165258  1.165156  0.015386
1960  0.000000  1.336145  0.000000  1.165086  1.164984  0.015396
1961  0.000000  1.336005  0.000000  1.164913  1.164812  0.015406
1962  0.000000  1.335865  0.000000  1.164741  1.164639  0.015416
1963  0.000000  1.335725  0.000000  1.164569  1.164467  0.015426
1964  0.000000  1.335584  0.000000  1.164397  1.164294  0.015436
1965  0.000000  1.335444  0.000000  1.164224  1.164122  0.015446
1966  0.000000  1.335303  0.000000  1.164052  1.163949  0.015456
1967  0.000000  1.335163  0.000000  1.163879  1.163776  0.015466
1968  0.000000  1.335022  0.000000  1.163706  1.163603  0.015476
1969  0.000000  1.334881  0.000000  1.163534  1.163431  0.015486
1970  0.000000  1.334741  0.000000  1.163361  1.163258  0.015496
1971  0.000000  1.334600  0.000000  1.163188  1.163084  0.015506
1972  0.000000  1.334459  0.000000  1.163015  1.162911  0.015516
1973  0.000000  1.334318  0.000000  1.162842  1.162738  0.015526
1974  0.000000  1.334176  0.000000  1.162668  1.162564  0.015536
1975  0.000000  1.334035  0.000000  1.162495  1.162391  0.015546
1976  0.000000  1.333894  0.000000  1.162322  1.162217  0.015557
1977  0.000000  1.333752  0.000000  1.162148  1.162044  0.015567
1978  0.000000  1.333611  0.000000  1.161974  1.161870  0.015577
1979  0.000000  1.333469  0.000000  1.161801  1.161696  0.015587
1980  0.000000  1.333328  0.000000  1.161627  1.161522  0.015597
1981  0.000000  1.333186  0.000000  1.161453  1.161348  0.015607
1982  0.000000  1.333044  0.000000  1.161279  1.161174  0.015617
1983  0.000000  1.332902  0.000000  1.161105  1.161000  0.015627
1984  0.000000  1.332760  0.000000  1.160931  1.160826  0.015638
1985  0.000000  1.332618  0.000000  1.160757  1.160651  0.015648
1986  0.000000  1.332475  0.000000  1.160583  1.160477  0.015658
1987  0.000000  1.332333  0.000000  1.160408  1.160302  0.015668
1988  0.000000  1.332191  0.000000  1.160234  1.160128  0.015678
1989  0.000000  1.332048  0.000000  1.160059  1.159953  0.015689
1990  0.000000  1.331905  0.000000  1.159884  1.159778  0.015699
1991  0.000000  1.331763  0.000000  1.159710  1.159603  0.015709
1992  0.000000  1.331620  0.000000  1.159535  1.159428  0.015719
1993  0.000000  1.331477  0.000000  1.159360  1.159253  0.015729
1994  0.000000  1.331334  0.000000  1.159185  1.159078  0.015740
1995  0.000000  1.331191  0.000000  1.159010  1.158903  0.015750
1996  0.000000  1.331048  0.000000  1.158835  1.158728  0.015760
1997  0.000000  1.330904  0.000000  1.158659  1.158552  0.015770
1998  0.000000  1.330761  0.000000  1.158484  1.158377  0.015781
1999  0.000000  1.330618  0.000000  1.158309  1.158201  0.015791
2000  0.000000  1.330474  0.000000  1.158133  1.158025  0.015801
2001  0.000000  1.330331  0.000000  1.157958  1.157850  0.015811
2002  0.000000  1.330187  0.000000  1.157782  1.157674  0.015822
2003  0.000000  1.330043  0.000000  1.157606  1.157498  0.015832
2004  0.000000  1.329899  0.000000  1.157430  1.157322  0.015842
2005  0.000000  1.329755  0.000000  1.157254  1.157146  0.015853
2006  0.000000  1.329611  0.000000  1.157078  1.156969  0.015863
2007  0.000000  1.329467  0.000000  1.156902  1.156793  0.015873
2008  0.000000  1.329323  0.000000  1.156726  1.156617  0.015884
2009  0.000000  1.329178  0.000000  1.156549  1.156440  0.015894
2010  0.000000  1.329034  0.000000  1.156373  1.156264  0.015904
2011  0.000000  1.328889  0.000000  1.156196  1.156087  0.015915
2012  0.000000  1.328745  0.000000  1.156020  1.155910  0.015925
2013  0.000000  1.328600  0.000000  1.155843  1.155733  0.015935
2014  0.000000  1.328455  0.000000  1.155666  1.155556  0.015946
2015  0.000000  1.328310  0.000000  1.155490  1.155379  0.015956
2016  0.000000  1.328165  0.000000  1.155313  1.155202  0.015966
2017  0.000000  1.328020  0.000000  1.155136  1.155025  0.015977
2018  0.000000  1.327875  0.000000  1.154958  1.154848  0.015987
2019  0.000000  1.327730  0.000000  1.154781  1.154670  0.015998
2020  0.000000  1.327585  0.000000  1.154604  1.154493  0.016008
2021  0.000000  1.327439  0.000000  1.154427  1.154315  0.016018
2022  0.000000  1.327294  0.000000  1.154249  1.154138  0.016029
2023  0.000000  1.327148  0.000000  1.154072  1.153960  0.016039
2024  0.000000  1.327002  0.000000  1.153894  1.153782  0.016050
2025  0.000000  1.326857  0.000000  1.153716  1.153604  0.016060
2026  0.000000  1.326711  0.000000  1.153538  1.153426  0.016071
2027  0.000000  1.326565  0.000000  1.153360  1.153248  0.016081
2028  0.000000  1.326419  0.000000  1.153182  1.153070  0.016092
2029  0.000000  1.326272  0.000000  1.153004  1.152892  0.016102
2030  0.000000  1.326126  0.000000  1.152826  1.152714  0.016113
2031  0.000000  1.325980  0.000000  1.152648  1.152535  0.016123
2032  0.000000  1.325833  0.000000  1.152470  1.152357  0.016134
2033  0.000000  1.325687  0.000000  1.152291  1.152178  0.016144
2034  0.000000  1.325540  0.000000  1.152113  1.151999  0.016155
2035  0.000000  1.325394  0.000000  1.151934  1.151821  0.016165
2036  0.000000  1.325247  0.000000  1.151755  1.151642  0.016176
2037  0.000000  1.325100  0.000000  1.151577  1.151463  0.016186
2038  0.000000  1.324953  0.000000  1.151398  1.151284  0.016197
2039  0.000000  1.324806  0.000000  1.151219  1.151105  0.016207
2040  0.000000  1.324659  0.000000  1.151040  1.150925  0.016218
2041  0.000000  1.324511  0.000000  1.150860  1.150746  0.016228
2042  0.000000  1.324364  0.000000  1.150681  1.150567  0.016239
2043  0.000000  1.324217  0.000000  1.150502  1.150387  0.016250
2044  0.000000  1.324069  0.000000  1.150322  1.150208  0.016260
2045  0.000000  1.323921  0.000000  1.150143  1.150028  0.016271
2046  0.000000  1.323774  0.000000  1.149963  1.149848  0.016281
2047  0.000000  1.323626  0.000000  1.149784  1.149668  0.016292
2048  0.000000  1.323478  0.000000  1.149604  1.149488  0.016303
2049  0.000000  1.323330  0.000000  1.149424  1.149308  0.016313
2050  0.000000  1.323182  0.000000  1.149244  1.149128  0.016324
2051  0.000000  1.323034  0.000000  1.149064  1.148948  0.016335
2052  0.000000  1.322885  0.000000  1.148884  1.148768  0.016345
2053  0.000000  1.322737  0.000000  1.148704  1.148587  0.016356
2054  0.000000  1.322589  0.000000  1.148524  1.148407  0.016367
2055  0.000000  1.322440  0.000000  1.148343  1.148226  0.016377
2056  0.000000  1.322291  0.000000  1.148163  1.148046  0.016388
2057  0.000000  1.322143  0.000000  1.147982  1.147865  0.016399
2058  0.000000  1.321994  0.000000  1.147802  1.147684  0.016409
2059  0.000000  1.321845  0.000000  1.147621  1.147503  0.016420
2060  0.000000  1.321696  0.000000  1.147440  1.147322  0.016431
2061  0.000000  1.321547  0.000000  1.147259  1.147141  0.016441
2062  0.000000  1.321398  0.000000  1.147078  1.146960  0.016452
2063  0.000000  1.321248  0.000000  1.146897  1.146779  0.016463
2064  0.000000  1.321099  0.000000  1.146716  1.146598  0.016474
2065  0.000000  1.320950  0.000000  1.146535  1.146416  0.016484
2066  0.000000  1.320800  0.000000  1.146353  1.146235  0.016495
2067  0.000000  1.320650  0.000000  1.146172  1.146053  0.016506
2068  0.000000  1.320501  0.000000  1.145990  1.145871  0.016517
2069  0.000000  1.320351  0.000000  1.145809  1.145689  0.016527
2070  0.000000  1.320201  0.000000  1.145627  1.145508  0.016538
2071  0.000000  1.320051  0.000000  1.145445  1.145326  0.016549
2072  0.000000  1.319901  0.000000  1.145263  1.145144  0.016560
2073  0.000000  1.319750  0.000000  1.145081  1.144961  0.016571
2074  0.000000  1.319600  0.000000  1.144899  1.144779  0.016581
2075  0.000000  1.319450  0.000000  1.144717  1.144597  0.016592
2076  0.000000  1.319299  0.000000  1.144535  1.144415  0.016603
2077  0.000000  1.319149  0.000000  1.144353  1.144232  0.016614
2078  0.000000  1.318998  0.000000  1.144170  1.144049  0.016625
2079  0.000000  1.318847  0.000000  1.143988  1.143867  0.016636
2080  0.000000  1.318696  0.000000  1.143805  1.143684  0.016646
2081  0.000000  1.318545  0.000000  1.143623  1.143501  0.016657
2082  0.000000  1.318394  0.000000  1.143440  1.143318  0.016668
2083  0.000000  1.318243  0.000000  1.143257  1.143135  0.016679
2084  0.000000  1.318092  0.000000  1.143074  1.142952  0.016690
2085  0.000000  1.317941  0.000000  1.142891  1.142769  0.016701
2086  0.000000  1.317789  0.000000  1.142708  1.142586  0.016712
2087  0.000000  1.317638  0.000000  1.142525  1.142402  0.016723
2088  0.000000  1.317486  0.000000  1.142341  1.142219  0.016734
2089  0.000000  1.317335  0.000000  1.142158  1.142035  0.016744
2090  0.000000  1.317183  0.000000  1.141975  1.141852  0.016755
2091  0.000000  1.317031  0.000000  1.141791  1.141668  0.016766
2092  0.000000  1.316879  0.000000  1.141607  1.141484  0.016777
2093  0.000000  1.316727  0.000000  1.141424  1.141300  0.016788
2094  0.000000  1.316575  0.000000  1.141240  1.141116  0.016799
2095  0.000000  1.316422  0.000000  1.141056  1.140932  0.016810
2096  0.000000  1.316270  0.000000  1.140872  1.140748  0.016821
2097  0.000000  1.316118  0.000000  1.140688  1.140564  0.016832
2098  0.000000  1.315965  0.000000  1.140504  1.140379  0.016843
2099  0.000000  1.315813  0.000000  1.140320  1.140195  0.016854
2100  0.000000  1.315660  0.000000  1.140135  1.140011  0.016865
2101  0.000000  1.315507  0.000000  1.139951  1.139826  0.016876
2102  0.000000  1.315354  0.000000  1.139766  1.139641  0.016887
2103  0.000000  1.315201  0.000000  1.139582  1.139456  0.016898
2104  0.000000  1.315048  0.000000  1.139397  1.139272  0.016909
2105  0.000000  1.314895  0.000000  1.139212  1.139087  0.016920
2106  0.000000  1.314742  0.000000  1.139027  1.138902  0.016931
2107  0.000000  1.314588  0.000000  1.138843  1.138717  0.016942
2108  0.000000  1.314435  0.000000  1.138658  1.138531  0.016953
2109  0.000000  1.314281  0.000000  1.138472  1.138346  0.016964
2110  0.000000  1.314128  0.000000  1.138287  1.138161  0.016976
2111  0.000000  1.313974  0.000000  1.138102  1.137975  0.016987
2112  0.000000  1.313820  0.000000  1.137917  1.137790  0.016998
2113  0.000000  1.313666  0.000000  1.137731  1.137604  0.017009
2114  0.000000  1.313512  0.000000  1.137545  1.137418  0.017020
2115  0.000000  1.313358  0.000000  1.137360  1.137232  0.017031
2116  0.000000  1.313204  0.000000  1.137174  1.137046  0.017042
2117  0.000000  1.313049  0.000000  1.136988  1.136860  0.017053
2118  0.000000  1.312895  0.000000  1.136802  1.136674  0.017064
2119  0.000000  1.312740  0.000000  1.136616  1.136488  0.017076
2120  0.000000  1.312586  0.000000  1.136430  1.136302  0.017087
2121  0.000000  1.312431  0.000000  1.136244  1.136115  0.017098
2122  0.000000  1.312276  0.000000  1.136058  1.135929  0.017109
2123  0.000000  1.312122  0.000000  1.135872  1.135742  0.017120
2124  0.000000  1.311967  0.000000  1.135685  1.135556  0.017131
2125  0.000000  1.311812  0.000000  1.135499  1.135369  0.017143
2126  0.000000  1.311656  0.000000  1.135312  1.135182  0.017154
2127  0.000000  1.311501  0.000000  1.135125  1.134995  0.017165
2128  0.000000  1.311346  0.000000  1.134938  1.134809  0.017176
2129  0.000000  1.311190  0.000000  1.134752  1.134621  0.017188
2130  0.000000  1.311035  0.000000  1.134565  1.134434  0.017199
2131  0.000000  1.310879  0.000000  1.134378  1.134247  0.017210
2132  0.000000  1.310724  0.000000  1.134190  1.134060  0.017221
2133  0.000000  1.310568  0.000000  1.134003  1.133872  0.017233
2134  0.000000  1.310412  0.000000  1.133816  1.133685  0.017244
2135  0.000000  1.310256  0.000000  1.133629  1.133497  0.017255
2136  0.000000  1.310100  0.000000  1.133441  1.133310  0.017266
2137  0.000000  1.309944  0.000000  1.133253  1.133122  0.017278
2138  0.000000  1.309787  0.000000  1.133066  1.132934  0.017289
2139  0.000000  1.309631  0.000000  1.132878  1.132746  0.017300
2140  0.000000  1.309474  0.000000  1.132690  1.132558  0.017312
2141  0.000000  1.309318  0.000000  1.132502  1.132370  0.017323
2142  0.000000  1.309161  0.000000  1.132314  1.132182  0.017334
2143  0.000000  1.309005  0.000000  1.132126  1.131993  0.017345
2144  0.000000  1.308848  0.000000  1.131938  1.131805  0.017357
2145  0.000000  1.308691  0.000000  1.131750  1.131616  0.017368
2146  0.000000  1.308534  0.000000  1.131561  1.131428  0.017380
2147  0.000000  1.308377  0.000000  1.131373  1.131239  0.017391
2148  0.000000  1.308219  0.000000  1.131184  1.131051  0.017402
2149  0.000000  1.308062  0.000000  1.130996  1.130862  0.017414
2150  0.000000  1.307905  0.000000  1.130807  1.130673  0.017425
2151  0.000000  1.307747  0.000000  1.130618  1.130484  0.017436
2152  0.000000  1.307590  0.000000  1.130429  1.130295  0.017448
2153  0.000000  1.307432  0.000000  1.130240  1.130106  0.017459
2154  0.000000  1.307274  0.000000  1.130051  1.129916  0.017471
2155  0.000000  1.307116  0.000000  1.129862  1.129727  0.017482
2156  0.000000  1.306958  0.000000  1.129673  1.129538  0.017493
2157  0.000000  1.306800  0.000000  1.129484  1.129348  0.017505
2158  0.000000  1.306642  0.000000  1.129294  1.129158  0.017516
2159  0.000000  1.306484  0.000000  1.129105  1.128969  0.017528
2160  0.000000  1.306325  0.000000  1.128915  1.128779  0.017539
2161  0.000000  1.306167  0.000000  1.128726  1.128589  0.017551
2162  0.000000  1.306008  0.000000  1.128536  1.128399  0.017562
2163  0.000000  1.305850  0.000000  1.128346  1.128209  0.017574
2164  0.000000  1.305691  0.000000  1.128156  1.128019  0.017585
2165  0.000000  1.305532  0.000000  1.127966  1.127829  0.017597
2166  0.000000  1.305373  0.000000  1.127776  1.127638  0.017608
2167  0.000000  1.305214  0.000000  1.127586  1.127448  0.017620
2168  0.000000  1.305055  0.000000  1.127395  1.127258  0.017631
2169  0.000000  1.304896  0.000000  1.127205  1.127067  0.017643
2170  0.000000  1.304737  0.000000  1.127015  1.126876  0.017654
2171  0.000000  1.304577  0.000000  1.126824  1.126686  0.017666
2172  0.000000  1.304418  0.000000  1.126633  1.126495  0.017677
2173  0.000000  1.304258  0.000000  1.126443  1.126304  0.017689
2174  0.000000  1.304098  0.000000  1.126252  1.126113  0.017701
2175  0.000000  1.303939  0.000000  1.126061  1.125922  0.017712
2176  0.000000  1.303779  0.000000  1.125870  1.125730  0.017724
2177  0.000000  1.303619  0.000000  1.125679  1.125539  0.017735
2178  0.000000  1.303459  0.000000  1.125488  1.125348  0.017747
2179  0.000000  1.303299  0.000000  1.125297  1.125156  0.017759
2180  0.000000  1.303138  0.000000  1.125105  1.124965  0.017770
2181  0.000000  1.302978  0.000000  1.124914  1.124773  0.017782
2182  0.000000  1.302817  0.000000  1.124722  1.124582  0.017793
2183  0.000000  1.302657  0.000000  1.124531  1.124390  0.017805
2184  0.000000  1.302496  0.000000  1.124339  1.124198  0.017817
2185  0.000000  1.302336  0.000000  1.124147  1.124006  0.017828
2186  0.000000  1.302175  0.000000  1.123955  1.123814  0.017840
2187  0.000000  1.302014  0.000000  1.123763  1.123622  0.017852
2188  0.000000  1.301853  0.000000  1.123571  1.123429  0.017863
2189  0.000000  1.301692  0.000000  1.123379  1.123237  0.017875
2190  0.000000  1.301530  0.000000  1.123187  1.123045  0.017887
2191  0.000000  1.301369  0.000000  1.122995  1.122852  0.017898
2192  0.000000  1.301208  0.000000  1.122802  1.122660  0.017910
2193  0.000000  1.301046  0.000000  1.122610  1.122467  0.017922
2194  0.000000  1.300885  0.000000  1.122417  1.122274  0.017934
2195  0.000000  1.300723  0.000000  1.122225  1.122081  0.017945
2196  0.000000  1.300561  0.000000  1.122032  1.121888  0.017957
2197  0.000000  1.300399  0.000000  1.121839  1.121695  0.017969
2198  0.000000  1.300237  0.000000  1.121646  1.121502  0.017981
2199  0.000000  1.300075  0.000000  1.121453  1.121309  0.017992
2200  0.000000  1.299913  0.000000  1.121260  1.121116  0.018004
2201  0.000000  1.299751  0.000000  1.121067  1.120922  0.018016
2202  0.000000  1.299588  0.000000  1.120874  1.120729  0.018028
2203  0.000000  1.299426  0.000000  1.120681  1.120535  0.018039
2204  0.000000  1.299263  0.000000  1.120487  1.120342  0.018051
2205  0.000000  1.299101  0.000000  1.120294  1.120148  0.018063
2206  0.000000  1.298938  0.000000  1.120100  1.119954  0.018075
2207  0.000000  1.298775  0.000000  1.119906  1.119760  0.018087
2208  0.000000  1.298612  0.000000  1.119713  1.119566  0.018099
2209  0.000000  1.298449  0.000000  1.119519  1.119372  0.018110
2210  0.000000  1.298286  0.000000  1.119325  1.119178  0.018122
2211  0.000000  1.298123  0.000000  1.119131  1.118984  0.018134
2212  0.000000  1.297959  0.000000  1.118937  1.118790  0.018146
2213  0.000000  1.297796  0.000000  1.118742  1.118595  0.018158
2214  0.000000  1.297633  0.000000  1.118548  1.118401  0.018170
2215  0.000000  1.297469  0.000000  1.118354  1.118206  0.018182
2216  0.000000  1.297305  0.000000  1.118159  1.118011  0.018194
2217  0.000000  1.297141  0.000000  1.117965  1.117817  0.018205
2218  0.000000  1.296977  0.000000  1.117770  1.117622  0.018217
2219  0.000000  1.296813  0.000000  1.117575  1.117427  0.018229
2220  0.000000  1.296649  0.000000  1.117381  1.117232  0.018241
2221  0.000000  1.296485  0.000000  1.117186  1.117037  0.018253
2222  0.000000  1.296321  0.000000  1.116991  1.116841  0.018265
2223  0.000000  1.296157  0.000000  1.116796  1.116646  0.018277
2224  0.000000  1.295992  0.000000  1.116600  1.116451  0.018289
2225  0.000000  1.295827  0.000000  1.116405  1.116255  0.018301
2226  0.000000  1.295663  0.000000  1.116210  1.116060  0.018313
2227  0.000000  1.295498  0.000000  1.116014  1.115864  0.018325
2228  0.000000  1.295333  0.000000  1.115819  1.115668  0.018337
2229  0.000000  1.295168  0.000000  1.115623  1.115472  0.018349
2230  0.000000  1.295003  0.000000  1.115428  1.115277  0.018361
2231  0.000000  1.294838  0.000000  1.115232  1.115081  0.018373
2232  0.000000  1.294673  0.000000  1.115036  1.114884  0.018385
2233  0.000000  1.294507  0.000000  1.114840  1.114688  0.018397
2234  0.000000  1.294342  0.000000  1.114644  1.114492  0.018409
2235  0.000000  1.294176  0.000000  1.114448  1.114296  0.018421
2236  0.000000  1.294011  0.000000  1.114252  1.114099  0.018433
2237  0.000000  1.293845  0.000000  1.114055  1.113903  0.018445
2238  0.000000  1.293679  0.000000  1.113859  1.113706  0.018457
2239  0.000000  1.293513  0.000000  1.113663  1.113509  0.018469
2240  0.000000  1.293347  0.000000  1.113466  1.113313  0.018481
2241  0.000000  1.293181  0.000000  1.113269  1.113116  0.018494
2242  0.000000  1.293015  0.000000  1.113073  1.112919  0.018506
2243  0.000000  1.292848  0.000000  1.112876  1.112722  0.018518
2244  0.000000  1.292682  0.000000  1.112679  1.112525  0.018530
2245  0.000000  1.292516  0.000000  1.112482  1.112327  0.018542
2246  0.000000  1.292349  0.000000  1.112285  1.112130  0.018554
2247  0.000000  1.292182  0.000000  1.112088  1.111933  0.018566
2248  0.000000  1.292015  0.000000  1.111891  1.111735  0.018578
2249  0.000000  1.291849  0.000000  1.111693  1.111538  0.018591
2250  0.000000  1.291682  0.000000  1.111496  1.111340  0.018603
2251  0.000000  1.291514  0.000000  1.111298  1.111142  0.018615
2252  0.000000  1.291347  0.000000  1.111101  1.110944  0.018627
2253  0.000000  1.291180  0.000000  1.110903  1.110747  0.018639
2254  0.000000  1.291013  0.000000  1.110705  1.110549  0.018652
2255  0.000000  1.290845  0.000000  1.110507  1.110350  0.018664
2256  0.000000  1.290677  0.000000  1.110309  1.110152  0.018676
2257  0.000000  1.290510  0.000000  1.110111  1.109954  0.018688
2258  0.000000  1.290342  0.000000  1.109913  1.109756  0.018700
2259  0.000000  1.290174  0.000000  1.109715  1.109557  0.018713
2260  0.000000  1.290006  0.000000  1.109517  1.109359  0.018725
2261  0.000000  1.289838  0.000000  1.109318  1.109160  0.018737
2262  0.000000  1.289670  0.000000  1.109120  1.108961  0.018749
2263  0.000000  1.289502  0.000000  1.108921  1.108763  0.018762
2264  0.000000  1.289333  0.000000  1.108723  1.108564  0.018774
2265  0.000000  1.289165  0.000000  1.108524  1.108365  0.018786
2266  0.000000  1.288996  0.000000  1.108325  1.108166  0.018799
2267  0.000000  1.288828  0.000000  1.108126  1.107967  0.018811
2268  0.000000  1.288659  0.000000  1.107927  1.107767  0.018823
2269  0.000000  1.288490  0.000000  1.107728  1.107568  0.018836
2270  0.000000  1.288321  0.000000  1.107529  1.107369  0.018848
2271  0.000000  1.288152  0.000000  1.107330  1.107169  0.018860
2272  0.000000  1.287983  0.000000  1.107131  1.106970  0.018873
2273  0.000000  1.287814  0.000000  1.106931  1.106770  0.018885
2274  0.000000  1.287644  0.000000  1.106732  1.106570  0.018897
2275  0.000000  1.287475  0.000000  1.106532  1.106370  0.018910
2276  0.000000  1.287305  0.000000  1.106332  1.106171  0.018922
2277  0.000000  1.287136  0.000000  1.106133  1.105971  0.018934
2278  0.000000  1.286966  0.000000  1.105933  1.105770  0.018947
2279  0.000000  1.286796  0.000000  1.105733  1.105570  0.018959
2280  0.000000  1.286626  0.000000  1.105533  1.105370  0.018972
2281  0.000000  1.286456  0.000000  1.105333  1.105170  0.018984
2282  0.000000  1.286286  0.000000  1.105133  1.104969  0.018996
2283  0.000000  1.286116  0.000000  1.104932  1.104769  0.019009
2284  0.000000  1.285945  0.000000  1.104732  1.104568  0.019021
2285  0.000000  1.285775  0.000000  1.104531  1.104367  0.019034
2286  0.000000  1.285604  0.000000  1.104331  1.104167  0.019046
2287  0.000000  1.285434  0.000000  1.104130  1.103966  0.019059
2288  0.000000  1.285263  0.000000  1.103930  1.103765  0.019071
2289  0.000000  1.285092  0.000000  1.103729  1.103564  0.019084
2290  0.000000  1.284921  0.000000  1.103528  1.103363  0.019096
2291  0.000000  1.284750  0.000000  1.103327  1.103161  0.019109
2292  0.000000  1.284579  0.000000  1.103126  1.102960  0.019121
2293  0.000000  1.284408  0.000000  1.102925  1.102759  0.019134
2294  0.000000  1.284237  0.000000  1.102723  1.102557  0.019146
2295  0.000000  1.284065  0.000000  1.102522  1.102356  0.019159
2296  0.000000  1.283894  0.000000  1.102321  1.102154  0.019171
2297  0.000000  1.283722  0.000000  1.102119  1.101952  0.019184
2298  0.000000  1.283550  0.000000  1.101918  1.101750  0.019196
2299  0.000000  1.283379  0.000000  1.101716  1.101549  0.019209
2300  0.000000  1.283207  0.000000  1.101514  1.101347  0.019222
2301  0.000000  1.283035  0.000000  1.101312  1.101144  0.019234
2302  0.000000  1.282863  0.000000  1.101111  1.100942  0.019247
2303  0.000000  1.282690  0.000000  1.100909  1.100740  0.019259
2304  0.000000  1.282518  0.000000  1.100706  1.100538  0.019272
2305  0.000000  1.282346  0.000000  1.100504  1.100335  0.019285
2306  0.000000  1.282173  0.000000  1.100302  1.100133  0.019297
2307  0.000000  1.282001  0.000000  1.100100  1.099930  0.019310
2308  0.000000  1.281828  0.000000  1.099897  1.099727  0.019322
2309  0.000000  1.281655  0.000000  1.099695  1.099525  0.019335
2310  0.000000  1.281482  0.000000  1.099492  1.099322  0.019348
2311  0.000000  1.281309  0.000000  1.099289  1.099119  0.019360
2312  0.000000  1.281136  0.000000  1.099087  1.098916  0.019373
2313  0.000000  1.280963  0.000000  1.098884  1.098713  0.019386
2314  0.000000  1.280790  0.000000  1.098681  1.098509  0.019398
2315  0.000000  1.280616  0.000000  1.098478  1.098306  0.019411
2316  0.000000  1.280443  0.000000  1.098275  1.098103  0.019424
2317  0.000000  1.280269  0.000000  1.098071  1.097899  0.019437
2318  0.000000  1.280096  0.000000  1.097868  1.097696  0.019449
2319  0.000000  1.279922  0.000000  1.097665  1.097492  0.019462
2320  0.000000  1.279748  0.000000  1.097461  1.097288  0.019475
2321  0.000000  1.279574  0.000000  1.097258  1.097085  0.019487
2322  0.000000  1.279400  0.000000  1.097054  1.096881  0.019500
2323  0.000000  1.279226  0.000000  1.096850  1.096677  0.019513
2324  0.000000  1.279051  0.000000  1.096646  1.096473  0.019526
2325  0.000000  1.278877  0.000000  1.096443  1.096268  0.019539
2326  0.000000  1.278702  0.000000  1.096239  1.096064  0.019551
2327  0.000000  1.278528  0.000000  1.096034  1.095860  0.019564
2328  0.000000  1.278353  0.000000  1.095830  1.095655  0.019577
2329  0.000000  1.278178  0.000000  1.095626  1.095451  0.019590
2330  0.000000  1.278004  0.000000  1.095422  1.095246  0.019603
2331  0.000000  1.277829  0.000000  1.095217  1.095042  0.019615
2332  0.000000  1.277654  0.000000  1.095013  1.094837  0.019628
2333  0.000000  1.277478  0.000000  1.094808  1.094632  0.019641
2334  0.000000  1.277303  0.000000  1.094603  1.094427  0.019654
2335  0.000000  1.277128  0.000000  1.094399  1.094222  0.019667
2336  0.000000  1.276952  0.000000  1.094194  1.094017  0.019680
2337  0.000000  1.276777  0.000000  1.093989  1.093812  0.019693
2338  0.000000  1.276601  0.000000  1.093784  1.093606  0.019705
2339  0.000000  1.276425  0.000000  1.093579  1.093401  0.019718
2340  0.000000  1.276249  0.000000  1.093374  1.093196  0.019731
2341  0.000000  1.276073  0.000000  1.093168  1.092990  0.019744
2342  0.000000  1.275897  0.000000  1.092963  1.092784  0.019757
2343  0.000000  1.275721  0.000000  1.092757  1.092579  0.019770
2344  0.000000  1.275545  0.000000  1.092552  1.092373  0.019783
2345  0.000000  1.275368  0.000000  1.092346  1.092167  0.019796
2346  0.000000  1.275192  0.000000  1.092141  1.091961  0.019809
2347  0.000000  1.275015  0.000000  1.091935  1.091755  0.019822
2348  0.000000  1.274839  0.000000  1.091729  1.091549  0.019835
2349  0.000000  1.274662  0.000000  1.091523  1.091342  0.019848
2350  0.000000  1.274485  0.000000  1.091317  1.091136  0.019861
2351  0.000000  1.274308  0.000000  1.091111  1.090930  0.019874
2352  0.000000  1.274131  0.000000  1.090905  1.090723  0.019887
2353  0.000000  1.273954  0.000000  1.090698  1.090517  0.019900
2354  0.000000  1.273777  0.000000  1.090492  1.090310  0.019913
2355  0.000000  1.273599  0.000000  1.090285  1.090103  0.019926
2356  0.000000  1.273422  0.000000  1.090079  1.089896  0.019939
2357  0.000000  1.273244  0.000000  1.089872  1.089689  0.019952
2358  0.000000  1.273067  0.000000  1.089665  1.089482  0.019965
2359  0.000000  1.272889  0.000000  1.089459  1.089275  0.019978
2360  0.000000  1.272711  0.000000  1.089252  1.089068  0.019991
2361  0.000000  1.272533  0.000000  1.089045  1.088861  0.020004
2362  0.000000  1.272355  0.000000  1.088838  1.088654  0.020017
2363  0.000000  1.272177  0.000000  1.088630  1.088446  0.020030
2364  0.000000  1.271998  0.000000  1.088423  1.088239  0.020043
2365  0.000000  1.271820  0.000000  1.088216  1.088031  0.020057
2366  0.000000  1.271642  0.000000  1.088008  1.087823  0.020070
2367  0.000000  1.271463  0.000000  1.087801  1.087615  0.020083
2368  0.000000  1.271284  0.000000  1.087593  1.087408  0.020096
2369  0.000000  1.271106  0.000000  1.087386  1.087200  0.020109
2370  0.000000  1.270927  0.000000  1.087178  1.086991  0.020122
2371  0.000000  1.270748  0.000000  1.086970  1.086783  0.020135
2372  0.000000  1.270569  0.000000  1.086762  1.086575  0.020149
2373  0.000000  1.270389  0.000000  1.086554  1.086367  0.020162
2374  0.000000  1.270210  0.000000  1.086346  1.086158  0.020175
2375  0.000000  1.270031  0.000000  1.086138  1.085950  0.020188
2376  0.000000  1.269851  0.000000  1.085929  1.085741  0.020201
2377  0.000000  1.269672  0.000000  1.085721  1.085533  0.020215
2378  0.000000  1.269492  0.000000  1.085512  1.085324  0.020228
2379  0.000000  1.269312  0.000000  1.085304  1.085115  0.020241
2380  0.000000  1.269132  0.000000  1.085095  1.084906  0.020254
2381  0.000000  1.268952  0.000000  1.084887  1.084697  0.020268
2382  0.000000  1.268772  0.000000  1.084678  1.084488  0.020281
2383  0.000000  1.268592  0.000000  1.084469  1.084279  0.020294
2384  0.000000  1.268412  0.000000  1.084260  1.084070  0.020307
2385  0.000000  1.268231  0.000000  1.084051  1.083860  0.020321
2386  0.000000  1.268051  0.000000  1.083842  1.083651  0.020334
2387  0.000000  1.267870  0.000000  1.083632  1.083441  0.020347
2388  0.000000  1.267690  0.000000  1.083423  1.083232  0.020361
2389  0.000000  1.267509  0.000000  1.083214  1.083022  0.020374
2390  0.000000  1.267328  0.000000  1.083004  1.082812  0.020387
2391  0.000000  1.267147  0.000000  1.082795  1.082602  0.020401
2392  0.000000  1.266966  0.000000  1.082585  1.082393  0.020414
2393  0.000000  1.266785  0.000000  1.082375  1.082183  0.020427
2394  0.000000  1.266603  0.000000  1.082165  1.081972  0.020441
2395  0.000000  1.266422  0.000000  1.081956  1.081762  0.020454
2396  0.000000  1.266240  0.000000  1.081746  1.081552  0.020467
2397  0.000000  1.266059  0.000000  1.081535  1.081342  0.020481
2398  0.000000  1.265877  0.000000  1.081325  1.081131  0.020494
2399  0.000000  1.265695  0.000000  1.081115  1.080921  0.020508
2400  0.000000  1.265513  0.000000  1.080905  1.080710  0.020521
2401  0.000000  1.265331  0.000000  1.080694  1.080499  0.020534
2402  0.000000  1.265149  0.000000  1.080484  1.080288  0.020548
2403  0.000000  1.264967  0.000000  1.080273  1.080077  0.020561
2404  0.000000  1.264785  0.000000  1.080062  1.079866  0.020575
2405  0.000000  1.264602  0.000000  1.079852  1.079655  0.020588
2406  0.000000  1.264420  0.000000  1.079641  1.079444  0.020602
2407  0.000000  1.264237  0.000000  1.079430  1.079233  0.020615
2408  0.000000  1.264054  0.000000  1.079219  1.079022  0.020629
2409  0.000000  1.263872  0.000000  1.079008  1.078810  0.020642
2410  0.000000  1.263689  0.000000  1.078797  1.078599  0.020656
2411  0.000000  1.263506  0.000000  1.078585  1.078387  0.020669
2412  0.000000  1.263322  0.000000  1.078374  1.078176  0.020683
2413  0.000000  1.263139  0.000000  1.078162  1.077964  0.020696
2414  0.000000  1.262956  0.000000  1.077951  1.077752  0.020710
2415  0.000000  1.262772  0.000000  1.077739  1.077540  0.020723
2416  0.000000  1.262589  0.000000  1.077528  1.077328  0.020737
2417  0.000000  1.262405  0.000000  1.077316  1.077116  0.020750
2418  0.000000  1.262222  0.000000  1.077104  1.076904  0.020764
2419  0.000000  1.262038  0.000000  1.076892  1.076692  0.020777
2420  0.000000  1.261854  0.000000  1.076680  1.076479  0.020791
2421  0.000000  1.261670  0.000000  1.076468  1.076267  0.020805
2422  0.000000  1.261486  0.000000  1.076256  1.076054  0.020818
2423  0.000000  1.261301  0.000000  1.076043  1.075842  0.020832
2424  0.000000  1.261117  0.000000  1.075831  1.075629  0.020845
2425  0.000000  1.260933  0.000000  1.075618  1.075416  0.020859
2426  0.000000  1.260748  0.000000  1.075406  1.075203  0.020873
2427  0.000000  1.260563  0.000000  1.075193  1.074990  0.020886
2428  0.000000  1.260379  0.000000  1.074980  1.074777  0.020900
2429  0.000000  1.260194  0.000000  1.074768  1.074564  0.020914
2430  0.000000  1.260009  0.000000  1.074555  1.074351  0.020927
2431  0.000000  1.259824  0.000000  1.074342  1.074138  0.020941
2432  0.000000  1.259638  0.000000  1.074129  1.073924  0.020955
2433  0.000000  1.259453  0.000000  1.073916  1.073711  0.020968
2434  0.000000  1.259268  0.000000  1.073702  1.073497  0.020982
2435  0.000000  1.259082  0.000000  1.073489  1.073284  0.020996
2436  0.000000  1.258897  0.000000  1.073276  1.073070  0.021010
2437  0.000000  1.258711  0.000000  1.073062  1.072856  0.021023
2438  0.000000  1.258525  0.000000  1.072848  1.072642  0.021037
2439  0.000000  1.258339  0.000000  1.072635  1.072428  0.021051
2440  0.000000  1.258153  0.000000  1.072421  1.072214  0.021065
2441  0.000000  1.257967  0.000000  1.072207  1.072000  0.021078
2442  0.000000  1.257781  0.000000  1.071993  1.071786  0.021092
2443  0.000000  1.257595  0.000000  1.071779  1.071571  0.021106
2444  0.000000  1.257408  0.000000  1.071565  1.071357  0.021120
2445  0.000000  1.257222  0.000000  1.071351  1.071143  0.021133
2446  0.000000  1.257035  0.000000  1.071137  1.070928  0.021147
2447  0.000000  1.256849  0.000000  1.070922  1.070713  0.021161
2448  0.000000  1.256662  0.000000  1.070708  1.070499  0.021175
2449  0.000000  1.256475  0.000000  1.070493  1.070284  0.021189
2450  0.000000  1.256288  0.000000  1.070279  1.070069  0.021203
2451  0.000000  1.256101  0.000000  1.070064  1.069854  0.021216
2452  0.000000  1.255913  0.000000  1.069849  1.069639  0.021230
2453  0.000000  1.255726  0.000000  1.069635  1.069424  0.021244
2454  0.000000  1.255539  0.000000  1.069420  1.069208  0.021258
2455  0.000000  1.255351  0.000000  1.069205  1.068993  0.021272
2456  0.000000  1.255164  0.000000  1.068989  1.068777  0.021286
2457  0.000000  1.254976  0.000000  1.068774  1.068562  0.021300
2458  0.000000  1.254788  0.000000  1.068559  1.068346  0.021314
2459  0.000000  1.254600  0.000000  1.068344  1.068131  0.021328
2460  0.000000  1.254412  0.000000  1.068128  1.067915  0.021342
2461  0.000000  1.254224  0.000000  1.067913  1.067699  0.021356
2462  0.000000  1.254036  0.000000  1.067697  1.067483  0.021369
2463  0.000000  1.253847  0.000000  1.067481  1.067267  0.021383
2464  0.000000  1.253659  0.000000  1.067265  1.067051  0.021397
2465  0.000000  1.253470  0.000000  1.067050  1.066835  0.021411
2466  0.000000  1.253282  0.000000  1.066834  1.066618  0.021425
2467  0.000000  1.253093  0.000000  1.066618  1.066402  0.021439
2468  0.000000  1.252904  0.000000  1.066401  1.066186  0.021453
2469  0.000000  1.252715  0.000000  1.066185  1.065969  0.021467
2470  0.000000  1.252526  0.000000  1.065969  1.065752  0.021481
2471  0.000000  1.252337  0.000000  1.065753  1.065536  0.021495
2472  0.000000  1.252147  0.000000  1.065536  1.065319  0.021509
2473  0.000000  1.251958  0.000000  1.065320  1.065102  0.021524
2474  0.000000  1.251768  0.000000  1.065103  1.064885  0.021538
2475  0.000000  1.251579  0.000000  1.064886  1.064668  0.021552
2476  0.000000  1.251389  0.000000  1.064669  1.064451  0.021566
2477  0.000000  1.251199  0.000000  1.064453  1.064234  0.021580
2478  0.000000  1.251009  0.000000  1.064236  1.064016  0.021594
2479  0.000000  1.250819  0.000000  1.064018  1.063799  0.021608
2480  0.000000  1.250629  0.000000  1.063801  1.063582  0.021622
2481  0.000000  1.250439  0.000000  1.063584  1.063364  0.021636
2482  0.000000  1.250249  0.000000  1.063367  1.063146  0.021650
2483  0.000000  1.250058  0.000000  1.063149  1.062929  0.021665
2484  0.000000  1.249868  0.000000  1.062932  1.062711  0.021679
2485  0.000000  1.249677  0.000000  1.062714  1.062493  0.021693
2486  0.000000  1.249486  0.000000  1.062497  1.062275  0.021707
2487  0.000000  1.249296  0.000000  1.062279  1.062057  0.021721
2488  0.000000  1.249105  0.000000  1.062061  1.061839  0.021735
2489  0.000000  1.248914  0.000000  1.061843  1.061620  0.021750
2490  0.000000  1.248722  0.000000  1.061625  1.061402  0.021764
2491  0.000000  1.248531  0.000000  1.061407  1.061184  0.021778
2492  0.000000  1.248340  0.000000  1.061189  1.060965  0.021792
2493  0.000000  1.248148  0.000000  1.060971  1.060747  0.021806
2494  0.000000  1.247957  0.000000  1.060752  1.060528  0.021821
2495  0.000000  1.247765  0.000000  1.060534  1.060309  0.021835
2496  0.000000  1.247573  0.000000  1.060315  1.060090  0.021849
2497  0.000000  1.247381  0.000000  1.060097  1.059871  0.021863
2498  0.000000  1.247189  0.000000  1.059878  1.059652  0.021878
2499  0.000000  1.246997  0.000000  1.059659  1.059433  0.021892
2500  0.000000  1.246805  0.000000  1.059441  1.059214  0.021906
2501  0.000000  1.246613  0.000000  1.059222  1.058995  0.021921
2502  0.000000  1.246420  0.000000  1.059003  1.058776  0.021935
2503  0.000000  1.246228  0.000000  1.058784  1.058556  0.021949
2504  0.000000  1.246035  0.000000  1.058564  1.058337  0.021964
2505  0.000000  1.245843  0.000000  1.058345  1.058117  0.021978
2506  0.000000  1.245650  0.000000  1.058126  1.057897  0.021992
2507  0.000000  1.245457  0.000000  1.057906  1.057678  0.022007
2508  0.000000  1.245264  0.000000  1.057687  1.057458  0.022021
2509  0.000000  1.245071  0.000000  1.057467  1.057238  0.022035
2510  0.000000  1.244877  0.000000  1.057248  1.057018  0.022050
2511  0.000000  1.244684  0.000000  1.057028  1.056798  0.022064
2512  0.000000  1.244491  0.000000  1.056808  1.056577  0.022078
2513  0.000000  1.244297  0.000000  1.056588  1.056357  0.022093
2514  0.000000  1.244103  0.000000  1.056368  1.056137  0.022107
2515  0.000000  1.243910  0.000000  1.056148  1.055916  0.022122
2516  0.000000  1.243716  0.000000  1.055928  1.055696  0.022136
2517  0.000000  1.243522  0.000000  1.055708  1.055475  0.022151
2518  0.000000  1.243328  0.000000  1.055487  1.055254  0.022165
2519  0.000000  1.243134  0.000000  1.055267  1.055034  0.022180
2520  0.000000  1.242939  0.000000  1.055046  1.054813  0.022194
2521  0.000000  1.242745  0.000000  1.054826  1.054592  0.022208
2522  0.000000  1.242550  0.000000  1.054605  1.054371  0.022223
2523  0.000000  1.242356  0.000000  1.054384  1.054150  0.022237
2524  0.000000  1.242161  0.000000  1.054163  1.053928  0.022252
2525  0.000000  1.241966  0.000000  1.053942  1.053707  0.022267
2526  0.000000  1.241771  0.000000  1.053721  1.053486  0.022281
2527  0.000000  1.241576  0.000000  1.053500  1.053264  0.022296
2528  0.000000  1.241381  0.000000  1.053279  1.053043  0.022310
2529  0.000000  1.241186  0.000000  1.053058  1.052821  0.022325
2530  0.000000  1.240991  0.000000  1.052836  1.052599  0.022339
2531  0.000000  1.240795  0.000000  1.052615  1.052378  0.022354
2532  0.000000  1.240600  0.000000  1.052393  1.052156  0.022368
2533  0.000000  1.240404  0.000000  1.052172  1.051934  0.022383
2534  0.000000  1.240208  0.000000  1.051950  1.051712  0.022398
2535  0.000000  1.240012  0.000000  1.051728  1.051489  0.022412
2536  0.000000  1.239816  0.000000  1.051506  1.051267  0.022427
2537  0.000000  1.239620  0.000000  1.051284  1.051045  0.022441
2538  0.000000  1.239424  0.000000  1.051062  1.050823  0.022456
2539  0.000000  1.239228  0.000000  1.050840  1.050600  0.022471
2540  0.000000  1.239032  0.000000  1.050618  1.050377  0.022485
2541  0.000000  1.238835  0.000000  1.050396  1.050155  0.022500
2542  0.000000  1.238638  0.000000  1.050173  1.049932  0.022515
2543  0.000000  1.238442  0.000000  1.049951  1.049709  0.022529
2544  0.000000  1.238245  0.000000  1.049728  1.049486  0.022544
2545  0.000000  1.238048  0.000000  1.049506  1.049263  0.022559
2546  0.000000  1.237851  0.000000  1.049283  1.049040  0.022573
2547  0.000000  1.237654  0.000000  1.049060  1.048817  0.022588
2548  0.000000  1.237457  0.000000  1.048837  1.048594  0.022603
2549  0.000000  1.237259  0.000000  1.048615  1.048371  0.022618
2550  0.000000  1.237062  0.000000  1.048391  1.048147  0.022632
2551  0.000000  1.236864  0.000000  1.048168  1.047924  0.022647
2552  0.000000  1.236667  0.000000  1.047945  1.047700  0.022662
2553  0.000000  1.236469  0.000000  1.047722  1.047476  0.022677
2554  0.000000  1.236271  0.000000  1.047498  1.047253  0.022691
2555  0.000000  1.236073  0.000000  1.047275  1.047029  0.022706
2556  0.000000  1.235875  0.000000  1.047051  1.046805  0.022721
2557  0.000000  1.235677  0.000000  1.046828  1.046581  0.022736
2558  0.000000  1.235478  0.000000  1.046604  1.046357  0.022751
2559  0.000000  1.235280  0.000000  1.046380  1.046133  0.022766
2560  0.000000  1.235082  0.000000  1.046156  1.045908  0.022780
2561  0.000000  1.234883  0.000000  1.045932  1.045684  0.022795
2562  0.000000  1.234684  0.000000  1.045708  1.045460  0.022810
2563  0.000000  1.234485  0.000000  1.045484  1.045235  0.022825
2564  0.000000  1.234287  0.000000  1.045260  1.045011  0.022840
2565  0.000000  1.234087  0.000000  1.045036  1.044786  0.022855
2566  0.000000  1.233888  0.000000  1.044811  1.044561  0.022870
2567  0.000000  1.233689  0.000000  1.044587  1.044336  0.022885
2568  0.000000  1.233490  0.000000  1.044362  1.044111  0.022899
2569  0.000000  1.233290  0.000000  1.044138  1.043886  0.022914
2570  0.000000  1.233091  0.000000  1.043913  1.043661  0.022929
2571  0.000000  1.232891  0.000000  1.043688  1.043436  0.022944
2572  0.000000  1.232691  0.000000  1.043463  1.043211  0.022959
2573  0.000000  1.232491  0.000000  1.043238  1.042985  0.022974
2574  0.000000  1.232291  0.000000  1.043013  1.042760  0.022989
2575  0.000000  1.232091  0.000000  1.042788  1.042534  0.023004
2576  0.000000  1.231891  0.000000  1.042563  1.042309  0.023019
2577  0.000000  1.231691  0.000000  1.042338  1.042083  0.023034
2578  0.000000  1.231490  0.000000  1.042112  1.041857  0.023049
2579  0.000000  1.231290  0.000000  1.041887  1.041632  0.023064
2580  0.000000  1.231089  0.000000  1.041661  1.041406  0.023079
2581  0.000000  1.230889  0.000000  1.041436  1.041180  0.023094
2582  0.000000  1.230688  0.000000  1.041210  1.040953  0.023109
2583  0.000000  1.230487  0.000000  1.040984  1.040727  0.023124
2584  0.000000  1.230286  0.000000  1.040758  1.040501  0.023139
2585  0.000000  1.230085  0.000000  1.040532  1.040275  0.023154
2586  0.000000  1.229883  0.000000  1.040306  1.040048  0.023169
2587  0.000000  1.229682  0.000000  1.040080  1.039822  0.023185
2588  0.000000  1.229480  0.000000  1.039854  1.039595  0.023200
2589  0.000000  1.229279  0.000000  1.039628  1.039368  0.023215
2590  0.000000  1.229077  0.000000  1.039401  1.039142  0.023230
2591  0.000000  1.228875  0.000000  1.039175  1.038915  0.023245
2592  0.000000  1.228673  0.000000  1.038948  1.038688  0.023260
2593  0.000000  1.228471  0.000000  1.038722  1.038461  0.023275
2594  0.000000  1.228269  0.000000  1.038495  1.038234  0.023290
2595  0.000000  1.228067  0.000000  1.038268  1.038006  0.023306
2596  0.000000  1.227865  0.000000  1.038041  1.037779  0.023321
2597  0.000000  1.227662  0.000000  1.037814  1.037552  0.023336
2598  0.000000  1.227460  0.000000  1.037587  1.037324  0.023351
2599  0.000000  1.227257  0.000000  1.037360  1.037097  0.023366
2600  0.000000  1.227054  0.000000  1.037133  1.036869  0.023382
2601  0.000000  1.226851  0.000000  1.036906  1.036642  0.023397
2602  0.000000  1.226649  0.000000  1.036678  1.036414  0.023412
2603  0.000000  1.226445  0.000000  1.036451  1.036186  0.023427
2604  0.000000  1.226242  0.000000  1.036223  1.035958  0.023443
2605  0.000000  1.226039  0.000000  1.035995  1.035730  0.023458
2606  0.000000  1.225836  0.000000  1.035768  1.035502  0.023473
2607  0.000000  1.225632  0.000000  1.035540  1.035274  0.023488
2608  0.000000  1.225428  0.000000  1.035312  1.035045  0.023504
2609  0.000000  1.225225  0.000000  1.035084  1.034817  0.023519
2610  0.000000  1.225021  0.000000  1.034856  1.034588  0.023534
2611  0.000000  1.224817  0.000000  1.034628  1.034360  0.023550
2612  0.000000  1.224613  0.000000  1.034400  1.034131  0.023565
2613  0.000000  1.224409  0.000000  1.034171  1.033903  0.023580
2614  0.000000  1.224204  0.000000  1.033943  1.033674  0.023596
2615  0.000000  1.224000  0.000000  1.033715  1.033445  0.023611
2616  0.000000  1.223796  0.000000  1.033486  1.033216  0.023626
2617  0.000000  1.223591  0.000000  1.033257  1.032987  0.023642
2618  0.000000  1.223386  0.000000  1.033029  1.032758  0.023657
2619  0.000000  1.223182  0.000000  1.032800  1.032529  0.023672
2620  0.000000  1.222977  0.000000  1.032571  1.032299  0.023688
2621  0.000000  1.222772  0.000000  1.032342  1.032070  0.023703
2622  0.000000  1.222566  0.000000  1.032113  1.031840  0.023719
2623  0.000000  1.222361  0.000000  1.031884  1.031611  0.023734
2624  0.000000  1.222156  0.000000  1.031655  1.031381  0.023750
2625  0.000000  1.221950  0.000000  1.031425  1.031152  0.023765
2626  0.000000  1.221745  0.000000  1.031196  1.030922  0.023780
2627  0.000000  1.221539  0.000000  1.030967  1.030692  0.023796
2628  0.000000  1.221333  0.000000  1.030737  1.030462  0.023811
2629  0.000000  1.221128  0.000000  1.030507  1.030232  0.023827
2630  0.000000  1.220922  0.000000  1.030278  1.030002  0.023842
2631  0.000000  1.220716  0.000000  1.030048  1.029772  0.023858
2632  0.000000  1.220509  0.000000  1.029818  1.029541  0.023873
2633  0.000000  1.220303  0.000000  1.029588  1.029311  0.023889
2634  0.000000  1.220097  0.000000  1.029358  1.029081  0.023904
2635  0.000000  1.219890  0.000000  1.029128  1.028850  0.023920
2636  0.000000  1.219683  0.000000  1.028898  1.028619  0.023936
2637  0.000000  1.219477  0.000000  1.028668  1.028389  0.023951
2638  0.000000  1.219270  0.000000  1.028437  1.028158  0.023967
2639  0.000000  1.219063  0.000000  1.028207  1.027927  0.023982
2640  0.000000  1.218856  0.000000  1.027976  1.027696  0.023998
2641  0.000000  1.218649  0.000000  1.027746  1.027465  0.024014
2642  0.000000  1.218441  0.000000  1.027515  1.027234  0.024029
2643  0.000000  1.218234  0.000000  1.027284  1.027003  0.024045
2644  0.000000  1.218027  0.000000  1.027053  1.026771  0.024060
2645  0.000000  1.217819  0.000000  1.026822  1.026540  0.024076
2646  0.000000  1.217611  0.000000  1.026591  1.026309  0.024092
2647  0.000000  1.217403  0.000000  1.026360  1.026077  0.024107
2648  0.000000  1.217195  0.000000  1.026129  1.025845  0.024123
2649  0.000000  1.216987  0.000000  1.025898  1.025614  0.024139
2650  0.000000  1.216779  0.000000  1.025666  1.025382  0.024154
2651  0.000000  1.216571  0.000000  1.025435  1.025150  0.024170
2652  0.000000  1.216363  0.000000  1.025203  1.024918  0.024186
2653  0.000000  1.216154  0.000000  1.024972  1.024686  0.024202
2654  0.000000  1.215946  0.000000  1.024740  1.024454  0.024217
2655  0.000000  1.215737  0.000000  1.024508  1.024222  0.024233
2656  0.000000  1.215528  0.000000  1.024276  1.023989  0.024249
2657  0.000000  1.215319  0.000000  1.024045  1.023757  0.024264
2658  0.000000  1.215110  0.000000  1.023812  1.023525  0.024280
2659  0.000000  1.214901  0.000000  1.023580  1.023292  0.024296
2660  0.000000  1.214692  0.000000  1.023348  1.023059  0.024312
2661  0.000000  1.214483  0.000000  1.023116  1.022827  0.024328
2662  0.000000  1.214273  0.000000  1.022884  1.022594  0.024343
2663  0.000000  1.214064  0.000000  1.022651  1.022361  0.024359
2664  0.000000  1.213854  0.000000  1.022419  1.022128  0.024375
2665  0.000000  1.213644  0.000000  1.022186  1.021895  0.024391
2666  0.000000  1.213434  0.000000  1.021953  1.021662  0.024407
2667  0.000000  1.213224  0.000000  1.021721  1.021429  0.024423
2668  0.000000  1.213014  0.000000  1.021488  1.021195  0.024438
2669  0.000000  1.212804  0.000000  1.021255  1.020962  0.024454
2670  0.000000  1.212594  0.000000  1.021022  1.020729  0.024470
2671  0.000000  1.212383  0.000000  1.020789  1.020495  0.024486
2672  0.000000  1.212173  0.000000  1.020556  1.020261  0.024502
2673  0.000000  1.211962  0.000000  1.020322  1.020028  0.024518
2674  0.000000  1.211751  0.000000  1.020089  1.019794  0.024534
2675  0.000000  1.211540  0.000000  1.019856  1.019560  0.024550
2676  0.000000  1.211329  0.000000  1.019622  1.019326  0.024566
2677  0.000000  1.211118  0.000000  1.019389  1.019092  0.024582
2678  0.000000  1.210907  0.000000  1.019155  1.018858  0.024598
2679  0.000000  1.210696  0.000000  1.018921  1.018624  0.024614
2680  0.000000  1.210484  0.000000  1.018687  1.018390  0.024630
2681  0.000000  1.210273  0.000000  1.018453  1.018155  0.024646
2682  0.000000  1.210061  0.000000  1.018219  1.017921  0.024662
2683  0.000000  1.209849  0.000000  1.017985  1.017686  0.024678
2684  0.000000  1.209638  0.000000  1.017751  1.017452  0.024694
2685  0.000000  1.209426  0.000000  1.017517  1.017217  0.024710
2686  0.000000  1.209214  0.000000  1.017283  1.016982  0.024726
2687  0.000000  1.209001  0.000000  1.017048  1.016747  0.024742
2688  0.000000  1.208789  0.000000  1.016814  1.016512  0.024758
2689  0.000000  1.208577  0.000000  1.016579  1.016277  0.024774
2690  0.000000  1.208364  0.000000  1.016345  1.016042  0.024790
2691  0.000000  1.208152  0.000000  1.016110  1.015807  0.024806
2692  0.000000  1.207939  0.000000  1.015875  1.015572  0.024822
2693  0.000000  1.207726  0.000000  1.015640  1.015336  0.024838
2694  0.000000  1.207513  0.000000  1.015405  1.015101  0.024854
2695  0.000000  1.207300  0.000000  1.015170  1.014865  0.024871
2696  0.000000  1.207087  0.000000  1.014935  1.014630  0.024887
2697  0.000000  1.206874  0.000000  1.014700  1.014394  0.024903
2698  0.000000  1.206660  0.000000  1.014464  1.014158  0.024919
2699  0.000000  1.206447  0.000000  1.014229  1.013923  0.024935
2700  0.000000  1.206233  0.000000  1.013994  1.013687  0.024951
2701  0.000000  1.206019  0.000000  1.013758  1.013451  0.024968
2702  0.000000  1.205806  0.000000  1.013522  1.013215  0.024984
2703  0.000000  1.205592  0.000000  1.013287  1.012978  0.025000
2704  0.000000  1.205378  0.000000  1.013051  1.012742  0.025016
2705  0.000000  1.205164  0.000000  1.012815  1.012506  0.025032
2706  0.000000  1.204949  0.000000  1.012579  1.012269  0.025049
2707  0.000000  1.204735  0.000000  1.012343  1.012033  0.025065
2708  0.000000  1.204520  0.000000  1.012107  1.011796  0.025081
2709  0.000000  1.204306  0.000000  1.011871  1.011560  0.025097
2710  0.000000  1.204091  0.000000  1.011635  1.011323  0.025114
2711  0.000000  1.203876  0.000000  1.011398  1.011086  0.025130
2712  0.000000  1.203661  0.000000  1.011162  1.010849  0.025146
2713  0.000000  1.203446  0.000000  1.010925  1.010612  0.025163
2714  0.000000  1.203231  0.000000  1.010689  1.010375  0.025179
2715  0.000000  1.203016  0.000000  1.010452  1.010138  0.025195
2716  0.000000  1.202801  0.000000  1.010215  1.009901  0.025212
2717  0.000000  1.202585  0.000000  1.009978  1.009663  0.025228
2718  0.000000  1.202370  0.000000  1.009741  1.009426  0.025244
2719  0.000000  1.202154  0.000000  1.009504  1.009188  0.025261
2720  0.000000  1.201938  0.000000  1.009267  1.008951  0.025277
2721  0.000000  1.201722  0.000000  1.009030  1.008713  0.025293
2722  0.000000  1.201506  0.000000  1.008793  1.008475  0.025310
2723  0.000000  1.201290  0.000000  1.008556  1.008237  0.025326
2724  0.000000  1.201074  0.000000  1.008318  1.008000  0.025343
2725  0.000000  1.200857  0.000000  1.008081  1.007762  0.025359
2726  0.000000  1.200641  0.000000  1.007843  1.007523  0.025375
2727  0.000000  1.200424  0.000000  1.007605  1.007285  0.025392
2728  0.000000  1.200208  0.000000  1.007368  1.007047  0.025408
2729  0.000000  1.199991  0.000000  1.007130  1.006809  0.025425
2730  0.000000  1.199774  0.000000  1.006892  1.006570  0.025441
2731  0.000000  1.199557  0.000000  1.006654  1.006332  0.025458
2732  0.000000  1.199340  0.000000  1.006416  1.006093  0.025474
2733  0.000000  1.199123  0.000000  1.006178  1.005855  0.025491
2734  0.000000  1.198905  0.000000  1.005939  1.005616  0.025507
2735  0.000000  1.198688  0.000000  1.005701  1.005377  0.025524
2736  0.000000  1.198470  0.000000  1.005463  1.005138  0.025540
2737  0.000000  1.198253  0.000000  1.005224  1.004899  0.025557
2738  0.000000  1.198035  0.000000  1.004986  1.004660  0.025574
2739  0.000000  1.197817  0.000000  1.004747  1.004421  0.025590
2740  0.000000  1.197599  0.000000  1.004508  1.004182  0.025607
2741  0.000000  1.197381  0.000000  1.004270  1.003943  0.025623
2742  0.000000  1.197163  0.000000  1.004031  1.003703  0.025640
2743  0.000000  1.196944  0.000000  1.003792  1.003464  0.025657
2744  0.000000  1.196726  0.000000  1.003553  1.003224  0.025673
2745  0.000000  1.196507  0.000000  1.003314  1.002985  0.025690
2746  0.000000  1.196288  0.000000  1.003074  1.002745  0.025706
2747  0.000000  1.196070  0.000000  1.002835  1.002505  0.025723
2748  0.000000  1.195851  0.000000  1.002596  1.002265  0.025740
2749  0.000000  1.195632  0.000000  1.002356  1.002025  0.025756
2750  0.000000  1.195413  0.000000  1.002117  1.001785  0.025773
2751  0.000000  1.195193  0.000000  1.001877  1.001545  0.025790
2752  0.000000  1.194974  0.000000  1.001637  1.001305  0.025806
2753  0.000000  1.194755  0.000000  1.001398  1.001065  0.025823
2754  0.000000  1.194535  0.000000  1.001158  1.000824  0.025840
2755  0.000000  1.194315  0.000000  1.000918  1.000584  0.025857
2756  0.000000  1.194096  0.000000  1.000678  1.000343  0.025873
2757  0.000000  1.193876  0.000000  1.000438  1.000103  0.025890
2758  0.000000  1.193656  0.000000  1.000198  0.999862  0.025907
2759  0.000000  1.193436  0.000000  0.999957  0.999621  0.025924
2760  0.000000  1.193215  0.000000  0.999717  0.999380  0.025940
2761  0.000000  1.192995  0.000000  0.999477  0.999139  0.025957
2762  0.000000  1.192775  0.000000  0.999236  0.998898  0.025974
2763  0.000000  1.192554  0.000000  0.998995  0.998657  0.025991
2764  0.000000  1.192333  0.000000  0.998755  0.998416  0.026008
2765  0.000000  1.192112  0.000000  0.998514  0.998175  0.026025
2766  0.000000  1.191892  0.000000  0.998273  0.997933  0.026041
2767  0.000000  1.191671  0.000000  0.998032  0.997692  0.026058
2768  0.000000  1.191449  0.000000  0.997791  0.997451  0.026075
2769  0.000000  1.191228  0.000000  0.997550  0.997209  0.026092
2770  0.000000  1.191007  0.000000  0.997309  0.996967  0.026109
2771  0.000000  1.190785  0.000000  0.997068  0.996726  0.026126
2772  0.000000  1.190564  0.000000  0.996827  0.996484  0.026143
2773  0.000000  1.190342  0.000000  0.996585  0.996242  0.026160
2774  0.000000  1.190120  0.000000  0.996344  0.996000  0.026176
2775  0.000000  1.189898  0.000000  0.996102  0.995758  0.026193
2776  0.000000  1.189676  0.000000  0.995861  0.995516  0.026210
2777  0.000000  1.189454  0.000000  0.995619  0.995273  0.026227
2778  0.000000  1.189232  0.000000  0.995377  0.995031  0.026244
2779  0.000000  1.189010  0.000000  0.995135  0.994789  0.026261
2780  0.000000  1.188787  0.000000  0.994893  0.994546  0.026278
2781  0.000000  1.188565  0.000000  0.994651  0.994304  0.026295
2782  0.000000  1.188342  0.000000  0.994409  0.994061  0.026312
2783  0.000000  1.188119  0.000000  0.994167  0.993818  0.026329
2784  0.000000  1.187896  0.000000  0.993925  0.993575  0.026346
2785  0.000000  1.187673  0.000000  0.993682  0.993332  0.026363
2786  0.000000  1.187450  0.000000  0.993440  0.993090  0.026380
2787  0.000000  1.187227  0.000000  0.993197  0.992846  0.026397
2788  0.000000  1.187003  0.000000  0.992955  0.992603  0.026415
2789  0.000000  1.186780  0.000000  0.992712  0.992360  0.026432
2790  0.000000  1.186556  0.000000  0.992469  0.992117  0.026449
2791  0.000000  1.186333  0.000000  0.992226  0.991873  0.026466
2792  0.000000  1.186109  0.000000  0.991984  0.991630  0.026483
2793  0.000000  1.185885  0.000000  0.991741  0.991386  0.026500
2794  0.000000  1.185661  0.000000  0.991497  0.991143  0.026517
2795  0.000000  1.185437  0.000000  0.991254  0.990899  0.026534
2796  0.000000  1.185213  0.000000  0.991011  0.990655  0.026551
2797  0.000000  1.184988  0.000000  0.990768  0.990411  0.026569
2798  0.000000  1.184764  0.000000  0.990524  0.990168  0.026586
2799  0.000000  1.184539  0.000000  0.990281  0.989923  0.026603
2800  0.000000  1.184314  0.000000  0.990037  0.989679  0.026620
2801  0.000000  1.184090  0.000000  0.989794  0.989435  0.026637
2802  0.000000  1.183865  0.000000  0.989550  0.989191  0.026655
2803  0.000000  1.183640  0.000000  0.989306  0.988947  0.026672
2804  0.000000  1.183414  0.000000  0.989062  0.988702  0.026689
2805  0.000000  1.183189  0.000000  0.988818  0.988458  0.026706
2806  0.000000  1.182964  0.000000  0.988574  0.988213  0.026724
2807  0.000000  1.182738  0.000000  0.988330  0.987968  0.026741
2808  0.000000  1.182513  0.000000  0.988086  0.987724  0.026758
2809  0.000000  1.182287  0.000000  0.987842  0.987479  0.026775
2810  0.000000  1.182061  0.000000  0.987597  0.987234  0.026793
2811  0.000000  1.181835  0.000000  0.987353  0.986989  0.026810
2812  0.000000  1.181609  0.000000  0.987108  0.986744  0.026827
2813  0.000000  1.181383  0.000000  0.986864  0.986499  0.026845
2814  0.000000  1.181157  0.000000  0.986619  0.986253  0.026862
2815  0.000000  1.180930  0.000000  0.986374  0.986008  0.026879
2816  0.000000  1.180704  0.000000  0.986130  0.985763  0.026897
2817  0.000000  1.180477  0.000000  0.985885  0.985517  0.026914
2818  0.000000  1.180250  0.000000  0.985640  0.985272  0.026932
2819  0.000000  1.180023  0.000000  0.985395  0.985026  0.026949
2820  0.000000  1.179796  0.000000  0.985149  0.984780  0.026966
2821  0.000000  1.179569  0.000000  0.984904  0.984534  0.026984
2822  0.000000  1.179342  0.000000  0.984659  0.984289  0.027001
2823  0.000000  1.179115  0.000000  0.984413  0.984043  0.027019
2824  0.000000  1.178888  0.000000  0.984168  0.983797  0.027036
2825  0.000000  1.178660  0.000000  0.983922  0.983550  0.027053
2826  0.000000  1.178432  0.000000  0.983677  0.983304  0.027071
2827  0.000000  1.178205  0.000000  0.983431  0.983058  0.027088
2828  0.000000  1.177977  0.000000  0.983185  0.982812  0.027106
2829  0.000000  1.177749  0.000000  0.982939  0.982565  0.027123
2830  0.000000  1.177521  0.000000  0.982693  0.982319  0.027141
2831  0.000000  1.177292  0.000000  0.982447  0.982072  0.027158
2832  0.000000  1.177064  0.000000  0.982201  0.981825  0.027176
2833  0.000000  1.176836  0.000000  0.981955  0.981578  0.027194
2834  0.000000  1.176607  0.000000  0.981709  0.981332  0.027211
2835  0.000000  1.176378  0.000000  0.981462  0.981085  0.027229
2836  0.000000  1.176150  0.000000  0.981216  0.980838  0.027246
2837  0.000000  1.175921  0.000000  0.980970  0.980591  0.027264
2838  0.000000  1.175692  0.000000  0.980723  0.980343  0.027281
2839  0.000000  1.175463  0.000000  0.980476  0.980096  0.027299
2840  0.000000  1.175233  0.000000  0.980230  0.979849  0.027317
2841  0.000000  1.175004  0.000000  0.979983  0.979601  0.027334
2842  0.000000  1.174775  0.000000  0.979736  0.979354  0.027352
2843  0.000000  1.174545  0.000000  0.979489  0.979106  0.027370
2844  0.000000  1.174315  0.000000  0.979242  0.978859  0.027387
2845  0.000000  1.174086  0.000000  0.978995  0.978611  0.027405
2846  0.000000  1.173856  0.000000  0.978747  0.978363  0.027423
2847  0.000000  1.173626  0.000000  0.978500  0.978115  0.027440
2848  0.000000  1.173396  0.000000  0.978253  0.977867  0.027458
2849  0.000000  1.173165  0.000000  0.978005  0.977619  0.027476
2850  0.000000  1.172935  0.000000  0.977758  0.977371  0.027493
2851  0.000000  1.172704  0.000000  0.977510  0.977123  0.027511
2852  0.000000  1.172474  0.000000  0.977262  0.976875  0.027529
2853  0.000000  1.172243  0.000000  0.977015  0.976626  0.027547
2854  0.000000  1.172012  0.000000  0.976767  0.976378  0.027564
2855  0.000000  1.171781  0.000000  0.976519  0.976129  0.027582
2856  0.000000  1.171550  0.000000  0.976271  0.975881  0.027600
2857  0.000000  1.171319  0.000000  0.976023  0.975632  0.027618
2858  0.000000  1.171088  0.000000  0.975775  0.975383  0.027636
2859  0.000000  1.170857  0.000000  0.975526  0.975134  0.027653
2860  0.000000  1.170625  0.000000  0.975278  0.974885  0.027671
2861  0.000000  1.170393  0.000000  0.975030  0.974636  0.027689
2862  0.000000  1.170162  0.000000  0.974781  0.974387  0.027707
2863  0.000000  1.169930  0.000000  0.974532  0.974138  0.027725
2864  0.000000  1.169698  0.000000  0.974284  0.973889  0.027743
2865  0.000000  1.169466  0.000000  0.974035  0.973639  0.027761
2866  0.000000  1.169234  0.000000  0.973786  0.973390  0.027778
2867  0.000000  1.169001  0.000000  0.973537  0.973140  0.027796
2868  0.000000  1.168769  0.000000  0.973288  0.972891  0.027814
2869  0.000000  1.168536  0.000000  0.973039  0.972641  0.027832
2870  0.000000  1.168304  0.000000  0.972790  0.972391  0.027850
2871  0.000000  1.168071  0.000000  0.972541  0.972142  0.027868
2872  0.000000  1.167838  0.000000  0.972292  0.971892  0.027886
2873  0.000000  1.167605  0.000000  0.972042  0.971642  0.027904
2874  0.000000  1.167372  0.000000  0.971793  0.971392  0.027922
2875  0.000000  1.167139  0.000000  0.971543  0.971142  0.027940
2876  0.000000  1.166905  0.000000  0.971294  0.970891  0.027958
2877  0.000000  1.166672  0.000000  0.971044  0.970641  0.027976
2878  0.000000  1.166438  0.000000  0.970794  0.970391  0.027994
2879  0.000000  1.166205  0.000000  0.970545  0.970140  0.028012
2880  0.000000  1.165971  0.000000  0.970295  0.969890  0.028030
2881  0.000000  1.165737  0.000000  0.970045  0.969639  0.028048
2882  0.000000  1.165503  0.000000  0.969795  0.969388  0.028066
2883  0.000000  1.165269  0.000000  0.969544  0.969138  0.028084
2884  0.000000  1.165035  0.000000  0.969294  0.968887  0.028102
2885  0.000000  1.164800  0.000000  0.969044  0.968636  0.028120
2886  0.000000  1.164566  0.000000  0.968794  0.968385  0.028139
2887  0.000000  1.164331  0.000000  0.968543  0.968134  0.028157
2888  0.000000  1.164097  0.000000  0.968293  0.967883  0.028175
2889  0.000000  1.163862  0.000000  0.968042  0.967631  0.028193
2890  0.000000  1.163627  0.000000  0.967791  0.967380  0.028211
2891  0.000000  1.163392  0.000000  0.967540  0.967129  0.028229
2892  0.000000  1.163157  0.000000  0.967290  0.966877  0.028248
2893  0.000000  1.162921  0.000000  0.967039  0.966625  0.028266
2894  0.000000  1.162686  0.000000  0.966788  0.966374  0.028284
2895  0.000000  1.162450  0.000000  0.966537  0.966122  0.028302
2896  0.000000  1.162215  0.000000  0.966285  0.965870  0.028320
2897  0.000000  1.161979  0.000000  0.966034  0.965618  0.028339
2898  0.000000  1.161743  0.000000  0.965783  0.965366  0.028357
2899  0.000000  1.161507  0.000000  0.965531  0.965114  0.028375
2900  0.000000  1.161271  0.000000  0.965280  0.964862  0.028393
2901  0.000000  1.161035  0.000000  0.965028  0.964610  0.028412
2902  0.000000  1.160799  0.000000  0.964777  0.964358  0.028430
2903  0.000000  1.160562  0.000000  0.964525  0.964105  0.028448
2904  0.000000  1.160326  0.000000  0.964273  0.963853  0.028466
2905  0.000000  1.160089  0.000000  0.964021  0.963600  0.028485
2906  0.000000  1.159852  0.000000  0.963769  0.963348  0.028503
2907  0.000000  1.159615  0.000000  0.963517  0.963095  0.028521
2908  0.000000  1.159378  0.000000  0.963265  0.962842  0.028540
2909  0.000000  1.159141  0.000000  0.963013  0.962590  0.028558
2910  0.000000  1.158904  0.000000  0.962761  0.962337  0.028577
2911  0.000000  1.158667  0.000000  0.962508  0.962084  0.028595
2912  0.000000  1.158429  0.000000  0.962256  0.961831  0.028613
2913  0.000000  1.158192  0.000000  0.962004  0.961577  0.028632
2914  0.000000  1.157954  0.000000  0.961751  0.961324  0.028650
2915  0.000000  1.157716  0.000000  0.961498  0.961071  0.028669
2916  0.000000  1.157478  0.000000  0.961246  0.960817  0.028687
2917  0.000000  1.157240  0.000000  0.960993  0.960564  0.028706
2918  0.000000  1.157002  0.000000  0.960740  0.960310  0.028724
2919  0.000000  1.156764  0.000000  0.960487  0.960057  0.028742
2920  0.000000  1.156525  0.000000  0.960234  0.959803  0.028761
2921  0.000000  1.156287  0.000000  0.959981  0.959549  0.028779
2922  0.000000  1.156048  0.000000  0.959728  0.959295  0.028798
2923  0.000000  1.155809  0.000000  0.959474  0.959041  0.028816
2924  0.000000  1.155571  0.000000  0.959221  0.958787  0.028835
2925  0.000000  1.155332  0.000000  0.958967  0.958533  0.028854
2926  0.000000  1.155092  0.000000  0.958714  0.958279  0.028872
2927  0.000000  1.154853  0.000000  0.958460  0.958025  0.028891
2928  0.000000  1.154614  0.000000  0.958207  0.957770  0.028909
2929  0.000000  1.154375  0.000000  0.957953  0.957516  0.028928
2930  0.000000  1.154135  0.000000  0.957699  0.957262  0.028946
2931  0.000000  1.153895  0.000000  0.957445  0.957007  0.028965
2932  0.000000  1.153656  0.000000  0.957191  0.956752  0.028984
2933  0.000000  1.153416  0.000000  0.956937  0.956498  0.029002
2934  0.000000  1.153176  0.000000  0.956683  0.956243  0.029021
2935  0.000000  1.152935  0.000000  0.956429  0.955988  0.029040
2936  0.000000  1.152695  0.000000  0.956175  0.955733  0.029058
2937  0.000000  1.152455  0.000000  0.955920  0.955478  0.029077
2938  0.000000  1.152214  0.000000  0.955666  0.955223  0.029096
2939  0.000000  1.151974  0.000000  0.955411  0.954968  0.029114
2940  0.000000  1.151733  0.000000  0.955157  0.954712  0.029133
2941  0.000000  1.151492  0.000000  0.954902  0.954457  0.029152
2942  0.000000  1.151251  0.000000  0.954647  0.954201  0.029170
2943  0.000000  1.151010  0.000000  0.954392  0.953946  0.029189
2944  0.000000  1.150769  0.000000  0.954137  0.953690  0.029208
2945  0.000000  1.150528  0.000000  0.953882  0.953435  0.029227
2946  0.000000  1.150286  0.000000  0.953627  0.953179  0.029245
2947  0.000000  1.150045  0.000000  0.953372  0.952923  0.029264
2948  0.000000  1.149803  0.000000  0.953117  0.952667  0.029283
2949  0.000000  1.149562  0.000000  0.952862  0.952411  0.029302
2950  0.000000  1.149320  0.000000  0.952606  0.952155  0.029321
2951  0.000000  1.149078  0.000000  0.952351  0.951899  0.029340
2952  0.000000  1.148836  0.000000  0.952095  0.951643  0.029358
2953  0.000000  1.148593  0.000000  0.951840  0.951386  0.029377
2954  0.000000  1.148351  0.000000  0.951584  0.951130  0.029396
2955  0.000000  1.148109  0.000000  0.951328  0.950873  0.029415
2956  0.000000  1.147866  0.000000  0.951072  0.950617  0.029434
2957  0.000000  1.147623  0.000000  0.950817  0.950360  0.029453
2958  0.000000  1.147381  0.000000  0.950561  0.950104  0.029472
2959  0.000000  1.147138  0.000000  0.950304  0.949847  0.029491
2960  0.000000  1.146895  0.000000  0.950048  0.949590  0.029510
2961  0.000000  1.146651  0.000000  0.949792  0.949333  0.029528
2962  0.000000  1.146408  0.000000  0.949536  0.949076  0.029547
2963  0.000000  1.146165  0.000000  0.949279  0.948819  0.029566
2964  0.000000  1.145921  0.000000  0.949023  0.948562  0.029585
2965  0.000000  1.145678  0.000000  0.948766  0.948304  0.029604
2966  0.000000  1.145434  0.000000  0.948510  0.948047  0.029623
2967  0.000000  1.145190  0.000000  0.948253  0.947790  0.029642
2968  0.000000  1.144946  0.000000  0.947996  0.947532  0.029661
2969  0.000000  1.144702  0.000000  0.947740  0.947275  0.029680
2970  0.000000  1.144458  0.000000  0.947483  0.947017  0.029699
2971  0.000000  1.144214  0.000000  0.947226  0.946759  0.029719
2972  0.000000  1.143969  0.000000  0.946969  0.946502  0.029738
2973  0.000000  1.143725  0.000000  0.946711  0.946244  0.029757
2974  0.000000  1.143480  0.000000  0.946454  0.945986  0.029776
2975  0.000000  1.143235  0.000000  0.946197  0.945728  0.029795
2976  0.000000  1.142990  0.000000  0.945939  0.945470  0.029814
2977  0.000000  1.142745  0.000000  0.945682  0.945211  0.029833
2978  0.000000  1.142500  0.000000  0.945424  0.944953  0.029852
2979  0.000000  1.142255  0.000000  0.945167  0.944695  0.029871
2980  0.000000  1.142009  0.000000  0.944909  0.944436  0.029891
2981  0.000000  1.141764  0.000000  0.944651  0.944178  0.029910
2982  0.000000  1.141518  0.000000  0.944394  0.943919  0.029929
2983  0.000000  1.141273  0.000000  0.944136  0.943661  0.029948
2984  0.000000  1.141027  0.000000  0.943878  0.943402  0.029967
2985  0.000000  1.140781  0.000000  0.943620  0.943143  0.029987
2986  0.000000  1.140535  0.000000  0.943361  0.942884  0.030006
2987  0.000000  1.140289  0.000000  0.943103  0.942625  0.030025
2988  0.000000  1.140042  0.000000  0.942845  0.942366  0.030044
2989  0.000000  1.139796  0.000000  0.942587  0.942107  0.030064
2990  0.000000  1.139549  0.000000  0.942328  0.941848  0.030083
2991  0.000000  1.139303  0.000000  0.942070  0.941589  0.030102
2992  0.000000  1.139056  0.000000  0.941811  0.941329  0.030121
2993  0.000000  1.138809  0.000000  0.941552  0.941070  0.030141
2994  0.000000  1.138562  0.000000  0.941294  0.940810  0.030160
2995  0.000000  1.138315  0.000000  0.941035  0.940551  0.030179
2996  0.000000  1.138068  0.000000  0.940776  0.940291  0.030199
2997  0.000000  1.137820  0.000000  0.940517  0.940031  0.030218
2998  0.000000  1.137573  0.000000  0.940258  0.939771  0.030237
2999  0.000000  1.137325  0.000000  0.939999  0.939512  0.030257
3000  0.000000  1.137078  0.000000  0.939739  0.939252  0.030276
3001  0.000000  1.136830  0.000000  0.939480  0.938991  0.030296
3002  0.000000  1.136582  0.000000  0.939221  0.938731  0.030315
3003  0.000000  1.136334  0.000000  0.938961  0.938471  0.030334
3004  0.000000  1.136086  0.000000  0.938702  0.938211  0.030354
3005  0.000000  1.135837  0.000000  0.938442  0.937950  0.030373
3006  0.000000  1.135589  0.000000  0.938182  0.937690  0.030393
3007  0.000000  1.135340  0.000000  0.937923  0.937430  0.030412
3008  0.000000  1.135092  0.000000  0.937663  0.937169  0.030432
3009  0.000000  1.134843  0.000000  0.937403  0.936908  0.030451
3010  0.000000  1.134594  0.000000  0.937143  0.936647  0.030471
3011  0.000000  1.134345  0.000000  0.936883  0.936387  0.030490
3012  0.000000  1.134096  0.000000  0.936623  0.936126  0.030510
3013  0.000000  1.133847  0.000000  0.936363  0.935865  0.030529
3014  0.000000  1.133597  0.000000  0.936102  0.935604  0.030549
3015  0.000000  1.133348  0.000000  0.935842  0.935343  0.030568
3016  0.000000  1.133098  0.000000  0.935582  0.935081  0.030588
3017  0.000000  1.132848  0.000000  0.935321  0.934820  0.030608
3018  0.000000  1.132599  0.000000  0.935060  0.934559  0.030627
3019  0.000000  1.132349  0.000000  0.934800  0.934297  0.030647
3020  0.000000  1.132099  0.000000  0.934539  0.934036  0.030666
3021  0.000000  1.131848  0.000000  0.934278  0.933774  0.030686
3022  0.000000  1.131598  0.000000  0.934017  0.933512  0.030706
3023  0.000000  1.131348  0.000000  0.933756  0.933251  0.030725
3024  0.000000  1.131097  0.000000  0.933495  0.932989  0.030745
3025  0.000000  1.130846  0.000000  0.933234  0.932727  0.030765
3026  0.000000  1.130596  0.000000  0.932973  0.932465  0.030784
3027  0.000000  1.130345  0.000000  0.932712  0.932203  0.030804
3028  0.000000  1.130094  0.000000  0.932450  0.931941  0.030824
3029  0.000000  1.129843  0.000000  0.932189  0.931679  0.030844
3030  0.000000  1.129591  0.000000  0.931927  0.931416  0.030863
3031  0.000000  1.129340  0.000000  0.931666  0.931154  0.030883
3032  0.000000  1.129089  0.000000  0.931404  0.930891  0.030903
3033  0.000000  1.128837  0.000000  0.931142  0.930629  0.030923
3034  0.000000  1.128585  0.000000  0.930881  0.930366  0.030942
3035  0.000000  1.128333  0.000000  0.930619  0.930104  0.030962
3036  0.000000  1.128081  0.000000  0.930357  0.929841  0.030982
3037  0.000000  1.127829  0.000000  0.930095  0.929578  0.031002
3038  0.000000  1.127577  0.000000  0.929833  0.929315  0.031022
3039  0.000000  1.127325  0.000000  0.929571  0.929052  0.031042
3040  0.000000  1.127072  0.000000  0.929308  0.928789  0.031061
3041  0.000000  1.126820  0.000000  0.929046  0.928526  0.031081
3042  0.000000  1.126567  0.000000  0.928784  0.928263  0.031101
3043  0.000000  1.126314  0.000000  0.928521  0.927999  0.031121
3044  0.000000  1.126062  0.000000  0.928258  0.927736  0.031141
3045  0.000000  1.125808  0.000000  0.927996  0.927473  0.031161
3046  0.000000  1.125555  0.000000  0.927733  0.927209  0.031181
3047  0.000000  1.125302  0.000000  0.927470  0.926945  0.031201
3048  0.000000  1.125049  0.000000  0.927207  0.926682  0.031221
3049  0.000000  1.124795  0.000000  0.926945  0.926418  0.031241
3050  0.000000  1.124542  0.000000  0.926682  0.926154  0.031261
3051  0.000000  1.124288  0.000000  0.926418  0.925890  0.031281
3052  0.000000  1.124034  0.000000  0.926155  0.925626  0.031301
3053  0.000000  1.123780  0.000000  0.925892  0.925362  0.031321
3054  0.000000  1.123526  0.000000  0.925629  0.925098  0.031341
3055  0.000000  1.123272  0.000000  0.925365  0.924834  0.031361
3056  0.000000  1.123017  0.000000  0.925102  0.924570  0.031381
3057  0.000000  1.122763  0.000000  0.924838  0.924305  0.031401
3058  0.000000  1.122508  0.000000  0.924575  0.924041  0.031421
3059  0.000000  1.122254  0.000000  0.924311  0.923776  0.031441
3060  0.000000  1.121999  0.000000  0.924047  0.923512  0.031461
3061  0.000000  1.121744  0.000000  0.923783  0.923247  0.031481
3062  0.000000  1.121489  0.000000  0.923520  0.922982  0.031501
3063  0.000000  1.121234  0.000000  0.923256  0.922717  0.031521
3064  0.000000  1.120978  0.000000  0.922992  0.922452  0.031542
3065  0.000000  1.120723  0.000000  0.922727  0.922187  0.031562
3066  0.000000  1.120468  0.000000  0.922463  0.921922  0.031582
3067  0.000000  1.120212  0.000000  0.922199  0.921657  0.031602
3068  0.000000  1.119956  0.000000  0.921935  0.921392  0.031622
3069  0.000000  1.119700  0.000000  0.921670  0.921127  0.031643
3070  0.000000  1.119444  0.000000  0.921406  0.920861  0.031663
3071  0.000000  1.119188  0.000000  0.921141  0.920596  0.031683
3072  0.000000  1.118932  0.000000  0.920876  0.920330  0.031703
3073  0.000000  1.118676  0.000000  0.920612  0.920065  0.031723
3074  0.000000  1.118419  0.000000  0.920347  0.919799  0.031744
3075  0.000000  1.118162  0.000000  0.920082  0.919533  0.031764
3076  0.000000  1.117906  0.000000  0.919817  0.919268  0.031784
3077  0.000000  1.117649  0.000000  0.919552  0.919002  0.031805
3078  0.000000  1.117392  0.000000  0.919287  0.918736  0.031825
3079  0.000000  1.117135  0.000000  0.919022  0.918470  0.031845
3080  0.000000  1.116878  0.000000  0.918756  0.918204  0.031866
3081  0.000000  1.116620  0.000000  0.918491  0.917937  0.031886
3082  0.000000  1.116363  0.000000  0.918226  0.917671  0.031906
3083  0.000000  1.116105  0.000000  0.917960  0.917405  0.031927
3084  0.000000  1.115848  0.000000  0.917695  0.917138  0.031947
3085  0.000000  1.115590  0.000000  0.917429  0.916872  0.031967
3086  0.000000  1.115332  0.000000  0.917163  0.916605  0.031988
3087  0.000000  1.115074  0.000000  0.916897  0.916339  0.032008
3088  0.000000  1.114816  0.000000  0.916632  0.916072  0.032029
3089  0.000000  1.114558  0.000000  0.916366  0.915805  0.032049
3090  0.000000  1.114299  0.000000  0.916100  0.915538  0.032070
3091  0.000000  1.114041  0.000000  0.915834  0.915271  0.032090
3092  0.000000  1.113782  0.000000  0.915567  0.915004  0.032111
3093  0.000000  1.113523  0.000000  0.915301  0.914737  0.032131
3094  0.000000  1.113265  0.000000  0.915035  0.914470  0.032152
3095  0.000000  1.113006  0.000000  0.914769  0.914203  0.032172
3096  0.000000  1.112746  0.000000  0.914502  0.913935  0.032193
3097  0.000000  1.112487  0.000000  0.914236  0.913668  0.032213
3098  0.000000  1.112228  0.000000  0.913969  0.913400  0.032234
3099  0.000000  1.111968  0.000000  0.913702  0.913133  0.032254
3100  0.000000  1.111709  0.000000  0.913436  0.912865  0.032275
3101  0.000000  1.111449  0.000000  0.913169  0.912597  0.032295
3102  0.000000  1.111189  0.000000  0.912902  0.912330  0.032316
3103  0.000000  1.110929  0.000000  0.912635  0.912062  0.032337
3104  0.000000  1.110669  0.000000  0.912368  0.911794  0.032357
3105  0.000000  1.110409  0.000000  0.912101  0.911526  0.032378
3106  0.000000  1.110149  0.000000  0.911834  0.911258  0.032399
3107  0.000000  1.109888  0.000000  0.911566  0.910990  0.032419
3108  0.000000  1.109628  0.000000  0.911299  0.910721  0.032440
3109  0.000000  1.109367  0.000000  0.911032  0.910453  0.032461
3110  0.000000  1.109106  0.000000  0.910764  0.910185  0.032481
3111  0.000000  1.108846  0.000000  0.910496  0.909916  0.032502
3112  0.000000  1.108584  0.000000  0.910229  0.909648  0.032523
3113  0.000000  1.108323  0.000000  0.909961  0.909379  0.032544
3114  0.000000  1.108062  0.000000  0.909693  0.909110  0.032564
3115  0.000000  1.107801  0.000000  0.909425  0.908842  0.032585
3116  0.000000  1.107539  0.000000  0.909158  0.908573  0.032606
3117  0.000000  1.107278  0.000000  0.908890  0.908304  0.032627
3118  0.000000  1.107016  0.000000  0.908621  0.908035  0.032647
3119  0.000000  1.106754  0.000000  0.908353  0.907766  0.032668
3120  0.000000  1.106492  0.000000  0.908085  0.907497  0.032689
3121  0.000000  1.106230  0.000000  0.907817  0.907227  0.032710
3122  0.000000  1.105968  0.000000  0.907548  0.906958  0.032731
3123  0.000000  1.105705  0.000000  0.907280  0.906689  0.032752
3124  0.000000  1.105443  0.000000  0.907011  0.906419  0.032773
3125  0.000000  1.105180  0.000000  0.906743  0.906150  0.032793
3126  0.000000  1.104918  0.000000  0.906474  0.905880  0.032814
3127  0.000000  1.104655  0.000000  0.906205  0.905610  0.032835
3128  0.000000  1.104392  0.000000  0.905937  0.905341  0.032856
3129  0.000000  1.104129  0.000000  0.905668  0.905071  0.032877
3130  0.000000  1.103866  0.000000  0.905399  0.904801  0.032898
3131  0.000000  1.103602  0.000000  0.905130  0.904531  0.032919
3132  0.000000  1.103339  0.000000  0.904861  0.904261  0.032940
3133  0.000000  1.103075  0.000000  0.904592  0.903991  0.032961
3134  0.000000  1.102812  0.000000  0.904322  0.903721  0.032982
3135  0.000000  1.102548  0.000000  0.904053  0.903450  0.033003
3136  0.000000  1.102284  0.000000  0.903784  0.903180  0.033024
3137  0.000000  1.102020  0.000000  0.903514  0.902910  0.033045
3138  0.000000  1.101756  0.000000  0.903245  0.902639  0.033066
3139  0.000000  1.101491  0.000000  0.902975  0.902368  0.033087
3140  0.000000  1.101227  0.000000  0.902705  0.902098  0.033108
3141  0.000000  1.100963  0.000000  0.902435  0.901827  0.033129
3142  0.000000  1.100698  0.000000  0.902166  0.901556  0.033150
3143  0.000000  1.100433  0.000000  0.901896  0.901285  0.033172
3144  0.000000  1.100168  0.000000  0.901626  0.901014  0.033193
3145  0.000000  1.099903  0.000000  0.901356  0.900743  0.033214
3146  0.000000  1.099638  0.000000  0.901085  0.900472  0.033235
3147  0.000000  1.099373  0.000000  0.900815  0.900201  0.033256
3148  0.000000  1.099108  0.000000  0.900545  0.899930  0.033277
3149  0.000000  1.098842  0.000000  0.900275  0.899659  0.033298
3150  0.000000  1.098576  0.000000  0.900004  0.899387  0.033320
3151  0.000000  1.098311  0.000000  0.899734  0.899116  0.033341
3152  0.000000  1.098045  0.000000  0.899463  0.898844  0.033362
3153  0.000000  1.097779  0.000000  0.899193  0.898573  0.033383
3154  0.000000  1.097513  0.000000  0.898922  0.898301  0.033405
3155  0.000000  1.097247  0.000000  0.898651  0.898029  0.033426
3156  0.000000  1.096980  0.000000  0.898380  0.897757  0.033447
3157  0.000000  1.096714  0.000000  0.898109  0.897485  0.033468
3158  0.000000  1.096447  0.000000  0.897838  0.897213  0.033490
3159  0.000000  1.096181  0.000000  0.897567  0.896941  0.033511
3160  0.000000  1.095914  0.000000  0.897296  0.896669  0.033532
3161  0.000000  1.095647  0.000000  0.897025  0.896397  0.033554
3162  0.000000  1.095380  0.000000  0.896753  0.896125  0.033575
3163  0.000000  1.095113  0.000000  0.896482  0.895852  0.033596
3164  0.000000  1.094845  0.000000  0.896211  0.895580  0.033618
3165  0.000000  1.094578  0.000000  0.895939  0.895307  0.033639
3166  0.000000  1.094310  0.000000  0.895668  0.895035  0.033661
3167  0.000000  1.094043  0.000000  0.895396  0.894762  0.033682
3168  0.000000  1.093775  0.000000  0.895124  0.894489  0.033703
3169  0.000000  1.093507  0.000000  0.894852  0.894217  0.033725
3170  0.000000  1.093239  0.000000  0.894580  0.893944  0.033746
3171  0.000000  1.092971  0.000000  0.894308  0.893671  0.033768
3172  0.000000  1.092703  0.000000  0.894036  0.893398  0.033789
3173  0.000000  1.092434  0.000000  0.893764  0.893125  0.033811
3174  0.000000  1.092166  0.000000  0.893492  0.892851  0.033832
3175  0.000000  1.091897  0.000000  0.893220  0.892578  0.033854
3176  0.000000  1.091628  0.000000  0.892948  0.892305  0.033875
3177  0.000000  1.091359  0.000000  0.892675  0.892031  0.033897
3178  0.000000  1.091090  0.000000  0.892403  0.891758  0.033918
3179  0.000000  1.090821  0.000000  0.892130  0.891484  0.033940
3180  0.000000  1.090552  0.000000  0.891858  0.891211  0.033962
3181  0.000000  1.090283  0.000000  0.891585  0.890937  0.033983
3182  0.000000  1.090013  0.000000  0.891312  0.890663  0.034005
3183  0.000000  1.089744  0.000000  0.891039  0.890389  0.034026
3184  0.000000  1.089474  0.000000  0.890767  0.890116  0.034048
3185  0.000000  1.089204  0.000000  0.890494  0.889842  0.034070
3186  0.000000  1.088934  0.000000  0.890221  0.889568  0.034091
3187  0.000000  1.088664  0.000000  0.889947  0.889293  0.034113
3188  0.000000  1.088394  0.000000  0.889674  0.889019  0.034135
3189  0.000000  1.088123  0.000000  0.889401  0.888745  0.034156
3190  0.000000  1.087853  0.000000  0.889128  0.888471  0.034178
3191  0.000000  1.087582  0.000000  0.888854  0.888196  0.034200
3192  0.000000  1.087312  0.000000  0.888581  0.887922  0.034222
3193  0.000000  1.087041  0.000000  0.888307  0.887647  0.034243
3194  0.000000  1.086770  0.000000  0.888034  0.887372  0.034265
3195  0.000000  1.086499  0.000000  0.887760  0.887098  0.034287
3196  0.000000  1.086228  0.000000  0.887486  0.886823  0.034309
3197  0.000000  1.085956  0.000000  0.887212  0.886548  0.034330
3198  0.000000  1.085685  0.000000  0.886938  0.886273  0.034352
3199  0.000000  1.085413  0.000000  0.886665  0.885998  0.034374
3200  0.000000  1.085142  0.000000  0.886390  0.885723  0.034396
3201  0.000000  1.084870  0.000000  0.886116  0.885448  0.034418
3202  0.000000  1.084598  0.000000  0.885842  0.885172  0.034440
3203  0.000000  1.084326  0.000000  0.885568  0.884897  0.034461
3204  0.000000  1.084054  0.000000  0.885294  0.884622  0.034483
3205  0.000000  1.083781  0.000000  0.885019  0.884346  0.034505
3206  0.000000  1.083509  0.000000  0.884745  0.884071  0.034527
3207  0.000000  1.083236  0.000000  0.884470  0.883795  0.034549
3208  0.000000  1.082964  0.000000  0.884196  0.883519  0.034571
3209  0.000000  1.082691  0.000000  0.883921  0.883244  0.034593
3210  0.000000  1.082418  0.000000  0.883646  0.882968  0.034615
3211  0.000000  1.082145  0.000000  0.883371  0.882692  0.034637
3212  0.000000  1.081872  0.000000  0.883096  0.882416  0.034659
3213  0.000000  1.081599  0.000000  0.882821  0.882140  0.034681
3214  0.000000  1.081325  0.000000  0.882546  0.881864  0.034703
3215  0.000000  1.081052  0.000000  0.882271  0.881588  0.034725
3216  0.000000  1.080778  0.000000  0.881996  0.881311  0.034747
3217  0.000000  1.080504  0.000000  0.881721  0.881035  0.034769
3218  0.000000  1.080230  0.000000  0.881445  0.880759  0.034791
3219  0.000000  1.079956  0.000000  0.881170  0.880482  0.034813
3220  0.000000  1.079682  0.000000  0.880895  0.880205  0.034835
3221  0.000000  1.079408  0.000000  0.880619  0.879929  0.034857
3222  0.000000  1.079134  0.000000  0.880343  0.879652  0.034880
3223  0.000000  1.078859  0.000000  0.880068  0.879375  0.034902
3224  0.000000  1.078585  0.000000  0.879792  0.879099  0.034924
3225  0.000000  1.078310  0.000000  0.879516  0.878822  0.034946
3226  0.000000  1.078035  0.000000  0.879240  0.878545  0.034968
3227  0.000000  1.077760  0.000000  0.878964  0.878268  0.034990
3228  0.000000  1.077485  0.000000  0.878688  0.877990  0.035013
3229  0.000000  1.077210  0.000000  0.878412  0.877713  0.035035
3230  0.000000  1.076934  0.000000  0.878136  0.877436  0.035057
3231  0.000000  1.076659  0.000000  0.877860  0.877158  0.035079
3232  0.000000  1.076383  0.000000  0.877583  0.876881  0.035102
3233  0.000000  1.076108  0.000000  0.877307  0.876604  0.035124
3234  0.000000  1.075832  0.000000  0.877030  0.876326  0.035146
3235  0.000000  1.075556  0.000000  0.876754  0.876048  0.035168
3236  0.000000  1.075280  0.000000  0.876477  0.875771  0.035191
3237  0.000000  1.075003  0.000000  0.876201  0.875493  0.035213
3238  0.000000  1.074727  0.000000  0.875924  0.875215  0.035235
3239  0.000000  1.074451  0.000000  0.875647  0.874937  0.035258
3240  0.000000  1.074174  0.000000  0.875370  0.874659  0.035280
3241  0.000000  1.073897  0.000000  0.875093  0.874381  0.035302
3242  0.000000  1.073621  0.000000  0.874816  0.874103  0.035325
3243  0.000000  1.073344  0.000000  0.874539  0.873824  0.035347
3244  0.000000  1.073067  0.000000  0.874262  0.873546  0.035370
3245  0.000000  1.072789  0.000000  0.873985  0.873268  0.035392
3246  0.000000  1.072512  0.000000  0.873707  0.872989  0.035415
3247  0.000000  1.072235  0.000000  0.873430  0.872711  0.035437
3248  0.000000  1.071957  0.000000  0.873152  0.872432  0.035459
3249  0.000000  1.071679  0.000000  0.872875  0.872153  0.035482
3250  0.000000  1.071402  0.000000  0.872597  0.871875  0.035504
3251  0.000000  1.071124  0.000000  0.872320  0.871596  0.035527
3252  0.000000  1.070846  0.000000  0.872042  0.871317  0.035549
3253  0.000000  1.070567  0.000000  0.871764  0.871038  0.035572
3254  0.000000  1.070289  0.000000  0.871486  0.870759  0.035595
3255  0.000000  1.070011  0.000000  0.871208  0.870480  0.035617
3256  0.000000  1.069732  0.000000  0.870930  0.870201  0.035640
3257  0.000000  1.069454  0.000000  0.870652  0.869921  0.035662
3258  0.000000  1.069175  0.000000  0.870374  0.869642  0.035685
3259  0.000000  1.068896  0.000000  0.870096  0.869363  0.035707
3260  0.000000  1.068617  0.000000  0.869817  0.869083  0.035730
3261  0.000000  1.068338  0.000000  0.869539  0.868804  0.035753
3262  0.000000  1.068058  0.000000  0.869261  0.868524  0.035775
3263  0.000000  1.067779  0.000000  0.868982  0.868244  0.035798
3264  0.000000  1.067499  0.000000  0.868704  0.867965  0.035821
3265  0.000000  1.067220  0.000000  0.868425  0.867685  0.035843
3266  0.000000  1.066940  0.000000  0.868146  0.867405  0.035866
3267  0.000000  1.066660  0.000000  0.867867  0.867125  0.035889
3268  0.000000  1.066380  0.000000  0.867589  0.866845  0.035912
3269  0.000000  1.066100  0.000000  0.867310  0.866565  0.035934
3270  0.000000  1.065820  0.000000  0.867031  0.866285  0.035957
3271  0.000000  1.065539  0.000000  0.866751  0.866004  0.035980
3272  0.000000  1.065259  0.000000  0.866472  0.865724  0.036003
3273  0.000000  1.064978  0.000000  0.866193  0.865444  0.036025
3274  0.000000  1.064697  0.000000  0.865914  0.865163  0.036048
3275  0.000000  1.064416  0.000000  0.865634  0.864883  0.036071
3276  0.000000  1.064135  0.000000  0.865355  0.864602  0.036094
3277  0.000000  1.063854  0.000000  0.865076  0.864321  0.036117
3278  0.000000  1.063573  0.000000  0.864796  0.864041  0.036140
3279  0.000000  1.063292  0.000000  0.864516  0.863760  0.036163
3280  0.000000  1.063010  0.000000  0.864237  0.863479  0.036185
3281  0.000000  1.062728  0.000000  0.863957  0.863198  0.036208
3282  0.000000  1.062447  0.000000  0.863677  0.862917  0.036231
3283  0.000000  1.062165  0.000000  0.863397  0.862636  0.036254
3284  0.000000  1.061883  0.000000  0.863117  0.862354  0.036277
3285  0.000000  1.061601  0.000000  0.862837  0.862073  0.036300
3286  0.000000  1.061318  0.000000  0.862557  0.861792  0.036323
3287  0.000000  1.061036  0.000000  0.862277  0.861510  0.036346
3288  0.000000  1.060754  0.000000  0.861997  0.861229  0.036369
3289  0.000000  1.060471  0.000000  0.861716  0.860947  0.036392
3290  0.000000  1.060188  0.000000  0.861436  0.860666  0.036415
3291  0.000000  1.059905  0.000000  0.861155  0.860384  0.036438
3292  0.000000  1.059622  0.000000  0.860875  0.860102  0.036461
3293  0.000000  1.059339  0.000000  0.860594  0.859820  0.036484
3294  0.000000  1.059056  0.000000  0.860314  0.859539  0.036507
3295  0.000000  1.058773  0.000000  0.860033  0.859257  0.036531
3296  0.000000  1.058489  0.000000  0.859752  0.858975  0.036554
3297  0.000000  1.058206  0.000000  0.859471  0.858692  0.036577
3298  0.000000  1.057922  0.000000  0.859190  0.858410  0.036600
3299  0.000000  1.057638  0.000000  0.858909  0.858128  0.036623
3300  0.000000  1.057354  0.000000  0.858628  0.857846  0.036646
3301  0.000000  1.057070  0.000000  0.858347  0.857563  0.036669
3302  0.000000  1.056786  0.000000  0.858066  0.857281  0.036693
3303  0.000000  1.056501  0.000000  0.857784  0.856998  0.036716
3304  0.000000  1.056217  0.000000  0.857503  0.856716  0.036739
3305  0.000000  1.055932  0.000000  0.857222  0.856433  0.036762
3306  0.000000  1.055647  0.000000  0.856940  0.856150  0.036786
3307  0.000000  1.055363  0.000000  0.856658  0.855867  0.036809
3308  0.000000  1.055078  0.000000  0.856377  0.855584  0.036832
3309  0.000000  1.054792  0.000000  0.856095  0.855301  0.036855
3310  0.000000  1.054507  0.000000  0.855813  0.855018  0.036879
3311  0.000000  1.054222  0.000000  0.855531  0.854735  0.036902
3312  0.000000  1.053936  0.000000  0.855250  0.854452  0.036925
3313  0.000000  1.053651  0.000000  0.854968  0.854169  0.036949
3314  0.000000  1.053365  0.000000  0.854686  0.853885  0.036972
3315  0.000000  1.053079  0.000000  0.854403  0.853602  0.036995
3316  0.000000  1.052793  0.000000  0.854121  0.853319  0.037019
3317  0.000000  1.052507  0.000000  0.853839  0.853035  0.037042
3318  0.000000  1.052221  0.000000  0.853557  0.852751  0.037066
3319  0.000000  1.051935  0.000000  0.853274  0.852468  0.037089
3320  0.000000  1.051648  0.000000  0.852992  0.852184  0.037113
3321  0.000000  1.051362  0.000000  0.852709  0.851900  0.037136
3322  0.000000  1.051075  0.000000  0.852427  0.851616  0.037159
3323  0.000000  1.050788  0.000000  0.852144  0.851332  0.037183
3324  0.000000  1.050501  0.000000  0.851861  0.851048  0.037206
3325  0.000000  1.050214  0.000000  0.851578  0.850764  0.037230
3326  0.000000  1.049927  0.000000  0.851295  0.850480  0.037254
3327  0.000000  1.049639  0.000000  0.851013  0.850196  0.037277
3328  0.000000  1.049352  0.000000  0.850730  0.849911  0.037301
3329  0.000000  1.049064  0.000000  0.850446  0.849627  0.037324
3330  0.000000  1.048777  0.000000  0.850163  0.849343  0.037348
3331  0.000000  1.048489  0.000000  0.849880  0.849058  0.037371
3332  0.000000  1.048201  0.000000  0.849597  0.848773  0.037395
3333  0.000000  1.047913  0.000000  0.849313  0.848489  0.037419
3334  0.000000  1.047625  0.000000  0.849030  0.848204  0.037442
3335  0.000000  1.047336  0.000000  0.848746  0.847919  0.037466
3336  0.000000  1.047048  0.000000  0.848463  0.847634  0.037490
3337  0.000000  1.046759  0.000000  0.848179  0.847349  0.037513
3338  0.000000  1.046470  0.000000  0.847896  0.847064  0.037537
3339  0.000000  1.046182  0.000000  0.847612  0.846779  0.037561
3340  0.000000  1.045893  0.000000  0.847328  0.846494  0.037584
3341  0.000000  1.045604  0.000000  0.847044  0.846209  0.037608
3342  0.000000  1.045314  0.000000  0.846760  0.845923  0.037632
3343  0.000000  1.045025  0.000000  0.846476  0.845638  0.037656
3344  0.000000  1.044736  0.000000  0.846192  0.845353  0.037679
3345  0.000000  1.044446  0.000000  0.845908  0.845067  0.037703
3346  0.000000  1.044156  0.000000  0.845624  0.844782  0.037727
3347  0.000000  1.043866  0.000000  0.845339  0.844496  0.037751
3348  0.000000  1.043576  0.000000  0.845055  0.844210  0.037775
3349  0.000000  1.043286  0.000000  0.844770  0.843924  0.037799
3350  0.000000  1.042996  0.000000  0.844486  0.843638  0.037822
3351  0.000000  1.042706  0.000000  0.844201  0.843353  0.037846
3352  0.000000  1.042415  0.000000  0.843917  0.843067  0.037870
3353  0.000000  1.042125  0.000000  0.843632  0.842780  0.037894
3354  0.000000  1.041834  0.000000  0.843347  0.842494  0.037918
3355  0.000000  1.041543  0.000000  0.843062  0.842208  0.037942
3356  0.000000  1.041252  0.000000  0.842777  0.841922  0.037966
3357  0.000000  1.040961  0.000000  0.842492  0.841635  0.037990
3358  0.000000  1.040670  0.000000  0.842207  0.841349  0.038014
3359  0.000000  1.040379  0.000000  0.841922  0.841063  0.038038
3360  0.000000  1.040087  0.000000  0.841637  0.840776  0.038062
3361  0.000000  1.039796  0.000000  0.841352  0.840489  0.038086
3362  0.000000  1.039504  0.000000  0.841066  0.840203  0.038110
3363  0.000000  1.039212  0.000000  0.840781  0.839916  0.038134
3364  0.000000  1.038920  0.000000  0.840496  0.839629  0.038158
3365  0.000000  1.038628  0.000000  0.840210  0.839342  0.038182
3366  0.000000  1.038336  0.000000  0.839924  0.839055  0.038206
3367  0.000000  1.038043  0.000000  0.839639  0.838768  0.038230
3368  0.000000  1.037751  0.000000  0.839353  0.838481  0.038254
3369  0.000000  1.037458  0.000000  0.839067  0.838194  0.038279
3370  0.000000  1.037166  0.000000  0.838781  0.837906  0.038303
3371  0.000000  1.036873  0.000000  0.838496  0.837619  0.038327
3372  0.000000  1.036580  0.000000  0.838210  0.837332  0.038351
3373  0.000000  1.036287  0.000000  0.837923  0.837044  0.038375
3374  0.000000  1.035994  0.000000  0.837637  0.836757  0.038399
3375  0.000000  1.035700  0.000000  0.837351  0.836469  0.038424
3376  0.000000  1.035407  0.000000  0.837065  0.836181  0.038448
3377  0.000000  1.035113  0.000000  0.836779  0.835894  0.038472
3378  0.000000  1.034819  0.000000  0.836492  0.835606  0.038496
3379  0.000000  1.034526  0.000000  0.836206  0.835318  0.038521
3380  0.000000  1.034232  0.000000  0.835919  0.835030  0.038545
3381  0.000000  1.033938  0.000000  0.835633  0.834742  0.038569
3382  0.000000  1.033643  0.000000  0.835346  0.834454  0.038594
3383  0.000000  1.033349  0.000000  0.835059  0.834166  0.038618
3384  0.000000  1.033055  0.000000  0.834772  0.833877  0.038642
3385  0.000000  1.032760  0.000000  0.834485  0.833589  0.038667
3386  0.000000  1.032465  0.000000  0.834199  0.833301  0.038691
3387  0.000000  1.032170  0.000000  0.833912  0.833012  0.038715
3388  0.000000  1.031875  0.000000  0.833624  0.832724  0.038740
3389  0.000000  1.031580  0.000000  0.833337  0.832435  0.038764
3390  0.000000  1.031285  0.000000  0.833050  0.832147  0.038789
3391  0.000000  1.030990  0.000000  0.832763  0.831858  0.038813
3392  0.000000  1.030694  0.000000  0.832475  0.831569  0.038838
3393  0.000000  1.030399  0.000000  0.832188  0.831280  0.038862
3394  0.000000  1.030103  0.000000  0.831901  0.830991  0.038887
3395  0.000000  1.029807  0.000000  0.831613  0.830702  0.038911
3396  0.000000  1.029511  0.000000  0.831325  0.830413  0.038936
3397  0.000000  1.029215  0.000000  0.831038  0.830124  0.038960
3398  0.000000  1.028919  0.000000  0.830750  0.829835  0.038985
3399  0.000000  1.028622  0.000000  0.830462  0.829546  0.039009
3400  0.000000  1.028326  0.000000  0.830174  0.829256  0.039034
3401  0.000000  1.028029  0.000000  0.829886  0.828967  0.039059
3402  0.000000  1.027733  0.000000  0.829598  0.828677  0.039083
3403  0.000000  1.027436  0.000000  0.829310  0.828388  0.039108
3404  0.000000  1.027139  0.000000  0.829022  0.828098  0.039132
3405  0.000000  1.026842  0.000000  0.828734  0.827809  0.039157
3406  0.000000  1.026544  0.000000  0.828446  0.827519  0.039182
3407  0.000000  1.026247  0.000000  0.828158  0.827229  0.039206
3408  0.000000  1.025950  0.000000  0.827869  0.826939  0.039231
3409  0.000000  1.025652  0.000000  0.827581  0.826649  0.039256
3410  0.000000  1.025354  0.000000  0.827292  0.826359  0.039281
3411  0.000000  1.025056  0.000000  0.827004  0.826069  0.039305
3412  0.000000  1.024758  0.000000  0.826715  0.825779  0.039330
3413  0.000000  1.024460  0.000000  0.826426  0.825489  0.039355
3414  0.000000  1.024162  0.000000  0.826137  0.825198  0.039380
3415  0.000000  1.023864  0.000000  0.825848  0.824908  0.039404
3416  0.000000  1.023565  0.000000  0.825560  0.824617  0.039429
3417  0.000000  1.023267  0.000000  0.825271  0.824327  0.039454
3418  0.000000  1.022968  0.000000  0.824982  0.824036  0.039479
3419  0.000000  1.022669  0.000000  0.824692  0.823746  0.039504
3420  0.000000  1.022370  0.000000  0.824403  0.823455  0.039529
3421  0.000000  1.022071  0.000000  0.824114  0.823164  0.039554
3422  0.000000  1.021772  0.000000  0.823825  0.822873  0.039579
3423  0.000000  1.021472  0.000000  0.823535  0.822582  0.039603
3424  0.000000  1.021173  0.000000  0.823246  0.822291  0.039628
3425  0.000000  1.020873  0.000000  0.822956  0.822000  0.039653
3426  0.000000  1.020573  0.000000  0.822667  0.821709  0.039678
3427  0.000000  1.020273  0.000000  0.822377  0.821418  0.039703
3428  0.000000  1.019973  0.000000  0.822087  0.821127  0.039728
3429  0.000000  1.019673  0.000000  0.821798  0.820836  0.039753
3430  0.000000  1.019373  0.000000  0.821508  0.820544  0.039778
3431  0.000000  1.019073  0.000000  0.821218  0.820253  0.039803
3432  0.000000  1.018772  0.000000  0.820928  0.819961  0.039828
3433  0.000000  1.018471  0.000000  0.820638  0.819670  0.039853
3434  0.000000  1.018171  0.000000  0.820348  0.819378  0.039879
3435  0.000000  1.017870  0.000000  0.820058  0.819086  0.039904
3436  0.000000  1.017569  0.000000  0.819767  0.818794  0.039929
3437  0.000000  1.017268  0.000000  0.819477  0.818502  0.039954
3438  0.000000  1.016966  0.000000  0.819187  0.818211  0.039979
3439  0.000000  1.016665  0.000000  0.818896  0.817919  0.040004
3440  0.000000  1.016363  0.000000  0.818606  0.817626  0.040029
3441  0.000000  1.016062  0.000000  0.818315  0.817334  0.040055
3442  0.000000  1.015760  0.000000  0.818025  0.817042  0.040080
3443  0.000000  1.015458  0.000000  0.817734  0.816750  0.040105
3444  0.000000  1.015156  0.000000  0.817443  0.816457  0.040130
3445  0.000000  1.014854  0.000000  0.817152  0.816165  0.040155
3446  0.000000  1.014552  0.000000  0.816861  0.815873  0.040181
3447  0.000000  1.014249  0.000000  0.816570  0.815580  0.040206
3448  0.000000  1.013947  0.000000  0.816279  0.815287  0.040231
3449  0.000000  1.013644  0.000000  0.815988  0.814995  0.040257
3450  0.000000  1.013341  0.000000  0.815697  0.814702  0.040282
3451  0.000000  1.013038  0.000000  0.815406  0.814409  0.040307
3452  0.000000  1.012735  0.000000  0.815115  0.814116  0.040333
3453  0.000000  1.012432  0.000000  0.814823  0.813823  0.040358
3454  0.000000  1.012129  0.000000  0.814532  0.813530  0.040383
3455  0.000000  1.011825  0.000000  0.814241  0.813237  0.040409
3456  0.000000  1.011522  0.000000  0.813949  0.812944  0.040434
3457  0.000000  1.011218  0.000000  0.813657  0.812651  0.040460
3458  0.000000  1.010914  0.000000  0.813366  0.812358  0.040485
3459  0.000000  1.010610  0.000000  0.813074  0.812064  0.040511
3460  0.000000  1.010306  0.000000  0.812782  0.811771  0.040536
3461  0.000000  1.010002  0.000000  0.812490  0.811477  0.040561
3462  0.000000  1.009698  0.000000  0.812198  0.811184  0.040587
3463  0.000000  1.009393  0.000000  0.811906  0.810890  0.040613
3464  0.000000  1.009089  0.000000  0.811614  0.810596  0.040638
3465  0.000000  1.008784  0.000000  0.811322  0.810303  0.040664
3466  0.000000  1.008479  0.000000  0.811030  0.810009  0.040689
3467  0.000000  1.008174  0.000000  0.810738  0.809715  0.040715
3468  0.000000  1.007869  0.000000  0.810446  0.809421  0.040740
3469  0.000000  1.007564  0.000000  0.810153  0.809127  0.040766
3470  0.000000  1.007259  0.000000  0.809861  0.808833  0.040792
3471  0.000000  1.006953  0.000000  0.809568  0.808539  0.040817
3472  0.000000  1.006648  0.000000  0.809276  0.808244  0.040843
3473  0.000000  1.006342  0.000000  0.808983  0.807950  0.040869
3474  0.000000  1.006036  0.000000  0.808690  0.807656  0.040894
3475  0.000000  1.005730  0.000000  0.808398  0.807361  0.040920
3476  0.000000  1.005424  0.000000  0.808105  0.807067  0.040946
3477  0.000000  1.005118  0.000000  0.807812  0.806772  0.040971
3478  0.000000  1.004812  0.000000  0.807519  0.806478  0.040997
3479  0.000000  1.004505  0.000000  0.807226  0.806183  0.041023
3480  0.000000  1.004199  0.000000  0.806933  0.805888  0.041049
3481  0.000000  1.003892  0.000000  0.806640  0.805593  0.041074
3482  0.000000  1.003585  0.000000  0.806347  0.805298  0.041100
3483  0.000000  1.003278  0.000000  0.806053  0.805003  0.041126
3484  0.000000  1.002971  0.000000  0.805760  0.804708  0.041152
3485  0.000000  1.002664  0.000000  0.805467  0.804413  0.041178
3486  0.000000  1.002356  0.000000  0.805173  0.804118  0.041204
3487  0.000000  1.002049  0.000000  0.804880  0.803823  0.041230
3488  0.000000  1.001741  0.000000  0.804586  0.803528  0.041255
3489  0.000000  1.001433  0.000000  0.804292  0.803232  0.041281
3490  0.000000  1.001126  0.000000  0.803999  0.802937  0.041307
3491  0.000000  1.000818  0.000000  0.803705  0.802641  0.041333
3492  0.000000  1.000509  0.000000  0.803411  0.802346  0.041359
3493  0.000000  1.000201  0.000000  0.803117  0.802050  0.041385
3494  0.000000  0.999893  0.000000  0.802823  0.801754  0.041411
3495  0.000000  0.999584  0.000000  0.802529  0.801459  0.041437
3496  0.000000  0.999276  0.000000  0.802235  0.801163  0.041463
3497  0.000000  0.998967  0.000000  0.801941  0.800867  0.041489
3498  0.000000  0.998658  0.000000  0.801647  0.800571  0.041515
3499  0.000000  0.998349  0.000000  0.801352  0.800275  0.041541
3500  0.000000  0.998040  0.000000  0.801058  0.799979  0.041568
3501  0.000000  0.997731  0.000000  0.800764  0.799683  0.041594
3502  0.000000  0.997421  0.000000  0.800469  0.799386  0.041620
3503  0.000000  0.997112  0.000000  0.800175  0.799090  0.041646
3504  0.000000  0.996802  0.000000  0.799880  0.798794  0.041672
3505  0.000000  0.996492  0.000000  0.799585  0.798497  0.041698
3506  0.000000  0.996182  0.000000  0.799291  0.798201  0.041724
3507  0.000000  0.995872  0.000000  0.798996  0.797904  0.041751
3508  0.000000  0.995562  0.000000  0.798701  0.797608  0.041777
3509  0.000000  0.995252  0.000000  0.798406  0.797311  0.041803
3510  0.000000  0.994941  0.000000  0.798111  0.797014  0.041829
3511  0.000000  0.994631  0.000000  0.797816  0.796717  0.041856
3512  0.000000  0.994320  0.000000  0.797521  0.796420  0.041882
3513  0.000000  0.994009  0.000000  0.797226  0.796124  0.041908
3514  0.000000  0.993698  0.000000  0.796931  0.795827  0.041934
3515  0.000000  0.993387  0.000000  0.796635  0.795529  0.041961
3516  0.000000  0.993076  0.000000  0.796340  0.795232  0.041987
3517  0.000000  0.992765  0.000000  0.796045  0.794935  0.042013
3518  0.000000  0.992453  0.000000  0.795749  0.794638  0.042040
3519  0.000000  0.992142  0.000000  0.795453  0.794340  0.042066
3520  0.000000  0.991830  0.000000  0.795158  0.794043  0.042093
3521  0.000000  0.991518  0.000000  0.794862  0.793746  0.042119
3522  0.000000  0.991206  0.000000  0.794566  0.793448  0.042145
3523  0.000000  0.990894  0.000000  0.794271  0.793150  0.042172
3524  0.000000  0.990582  0.000000  0.793975  0.792853  0.042198
3525  0.000000  0.990270  0.000000  0.793679  0.792555  0.042225
3526  0.000000  0.989957  0.000000  0.793383  0.792257  0.042251
3527  0.000000  0.989645  0.000000  0.793087  0.791959  0.042278
3528  0.000000  0.989332  0.000000  0.792791  0.791661  0.042304
3529  0.000000  0.989019  0.000000  0.792495  0.791363  0.042331
3530  0.000000  0.988706  0.000000  0.792198  0.791065  0.042357
3531  0.000000  0.988393  0.000000  0.791902  0.790767  0.042384
3532  0.000000  0.988080  0.000000  0.791606  0.790469  0.042411
3533  0.000000  0.987767  0.000000  0.791309  0.790171  0.042437
3534  0.000000  0.987453  0.000000  0.791013  0.789872  0.042464
3535  0.000000  0.987139  0.000000  0.790716  0.789574  0.042490
3536  0.000000  0.986826  0.000000  0.790420  0.789275  0.042517
3537  0.000000  0.986512  0.000000  0.790123  0.788977  0.042544
3538  0.000000  0.986198  0.000000  0.789826  0.788678  0.042570
3539  0.000000  0.985884  0.000000  0.789530  0.788380  0.042597
3540  0.000000  0.985570  0.000000  0.789233  0.788081  0.042624
3541  0.000000  0.985255  0.000000  0.788936  0.787782  0.042651
3542  0.000000  0.984941  0.000000  0.788639  0.787483  0.042677
3543  0.000000  0.984626  0.000000  0.788342  0.787184  0.042704
3544  0.000000  0.984311  0.000000  0.788045  0.786885  0.042731
3545  0.000000  0.983996  0.000000  0.787748  0.786586  0.042758
3546  0.000000  0.983681  0.000000  0.787450  0.786287  0.042785
3547  0.000000  0.983366  0.000000  0.787153  0.785988  0.042811
3548  0.000000  0.983051  0.000000  0.786856  0.785689  0.042838
3549  0.000000  0.982735  0.000000  0.786558  0.785389  0.042865
3550  0.000000  0.982420  0.000000  0.786261  0.785090  0.042892
3551  0.000000  0.982104  0.000000  0.785963  0.784791  0.042919
3552  0.000000  0.981789  0.000000  0.785666  0.784491  0.042946
3553  0.000000  0.981473  0.000000  0.785368  0.784192  0.042973
3554  0.000000  0.981157  0.000000  0.785070  0.783892  0.043000
3555  0.000000  0.980840  0.000000  0.784773  0.783592  0.043027
3556  0.000000  0.980524  0.000000  0.784475  0.783292  0.043054
3557  0.000000  0.980208  0.000000  0.784177  0.782993  0.043081
3558  0.000000  0.979891  0.000000  0.783879  0.782693  0.043108
3559  0.000000  0.979574  0.000000  0.783581  0.782393  0.043135
3560  0.000000  0.979258  0.000000  0.783283  0.782093  0.043162
3561  0.000000  0.978941  0.000000  0.782985  0.781793  0.043189
3562  0.000000  0.978624  0.000000  0.782686  0.781492  0.043216
3563  0.000000  0.978306  0.000000  0.782388  0.781192  0.043243
3564  0.000000  0.977989  0.000000  0.782090  0.780892  0.043270
3565  0.000000  0.977672  0.000000  0.781791  0.780592  0.043297
3566  0.000000  0.977354  0.000000  0.781493  0.780291  0.043324
3567  0.000000  0.977036  0.000000  0.781194  0.779991  0.043351
3568  0.000000  0.976718  0.000000  0.780896  0.779690  0.043378
3569  0.000000  0.976401  0.000000  0.780597  0.779390  0.043406
3570  0.000000  0.976082  0.000000  0.780299  0.779089  0.043433
3571  0.000000  0.975764  0.000000  0.780000  0.778788  0.043460
3572  0.000000  0.975446  0.000000  0.779701  0.778487  0.043487
3573  0.000000  0.975127  0.000000  0.779402  0.778186  0.043515
3574  0.000000  0.974809  0.000000  0.779103  0.777886  0.043542
3575  0.000000  0.974490  0.000000  0.778804  0.777585  0.043569
3576  0.000000  0.974171  0.000000  0.778505  0.777283  0.043596
3577  0.000000  0.973852  0.000000  0.778206  0.776982  0.043624
3578  0.000000  0.973533  0.000000  0.777907  0.776681  0.043651
3579  0.000000  0.973214  0.000000  0.777608  0.776380  0.043678
3580  0.000000  0.972894  0.000000  0.777308  0.776079  0.043706
3581  0.000000  0.972575  0.000000  0.777009  0.775777  0.043733
3582  0.000000  0.972255  0.000000  0.776710  0.775476  0.043761
3583  0.000000  0.971936  0.000000  0.776410  0.775174  0.043788
3584  0.000000  0.971616  0.000000  0.776111  0.774873  0.043815
3585  0.000000  0.971296  0.000000  0.775811  0.774571  0.043843
3586  0.000000  0.970975  0.000000  0.775511  0.774269  0.043870
3587  0.000000  0.970655  0.000000  0.775212  0.773968  0.043898
3588  0.000000  0.970335  0.000000  0.774912  0.773666  0.043925
3589  0.000000  0.970014  0.000000  0.774612  0.773364  0.043953
3590  0.000000  0.969694  0.000000  0.774312  0.773062  0.043980
3591  0.000000  0.969373  0.000000  0.774012  0.772760  0.044008
3592  0.000000  0.969052  0.000000  0.773712  0.772458  0.044035
3593  0.000000  0.968731  0.000000  0.773412  0.772156  0.044063
3594  0.000000  0.968410  0.000000  0.773112  0.771854  0.044091
3595  0.000000  0.968088  0.000000  0.772812  0.771551  0.044118
3596  0.000000  0.967767  0.000000  0.772511  0.771249  0.044146
3597  0.000000  0.967445  0.000000  0.772211  0.770946  0.044173
3598  0.000000  0.967124  0.000000  0.771911  0.770644  0.044201
3599  0.000000  0.966802  0.000000  0.771610  0.770342  0.044229
3600  0.000000  0.966480  0.000000  0.771310  0.770039  0.044256
3601  0.000000  0.966158  0.000000  0.771009  0.769736  0.044284
3602  0.000000  0.965836  0.000000  0.770708  0.769434  0.044312
3603  0.000000  0.965513  0.000000  0.770408  0.769131  0.044340
3604  0.000000  0.965191  0.000000  0.770107  0.768828  0.044367
3605  0.000000  0.964868  0.000000  0.769806  0.768525  0.044395
3606  0.000000  0.964545  0.000000  0.769505  0.768222  0.044423
3607  0.000000  0.964223  0.000000  0.769204  0.767919  0.044451
3608  0.000000  0.963900  0.000000  0.768903  0.767616  0.044479
3609  0.000000  0.963576  0.000000  0.768602  0.767313  0.044506
3610  0.000000  0.963253  0.000000  0.768301  0.767010  0.044534
3611  0.000000  0.962930  0.000000  0.768000  0.766706  0.044562
3612  0.000000  0.962606  0.000000  0.767699  0.766403  0.044590
3613  0.000000  0.962283  0.000000  0.767398  0.766099  0.044618
3614  0.000000  0.961959  0.000000  0.767096  0.765796  0.044646
3615  0.000000  0.961635  0.000000  0.766795  0.765492  0.044674
3616  0.000000  0.961311  0.000000  0.766493  0.765189  0.044702
3617  0.000000  0.960987  0.000000  0.766192  0.764885  0.044730
3618  0.000000  0.960663  0.000000  0.765890  0.764581  0.044758
3619  0.000000  0.960338  0.000000  0.765589  0.764278  0.044786
3620  0.000000  0.960014  0.000000  0.765287  0.763974  0.044814
3621  0.000000  0.959689  0.000000  0.764985  0.763670  0.044842
3622  0.000000  0.959364  0.000000  0.764683  0.763366  0.044870
3623  0.000000  0.959039  0.000000  0.764382  0.763062  0.044898
3624  0.000000  0.958714  0.000000  0.764080  0.762758  0.044926
3625  0.000000  0.958389  0.000000  0.763778  0.762454  0.044954
3626  0.000000  0.958064  0.000000  0.763476  0.762149  0.044982
3627  0.000000  0.957738  0.000000  0.763173  0.761845  0.045010
3628  0.000000  0.957413  0.000000  0.762871  0.761541  0.045039
3629  0.000000  0.957087  0.000000  0.762569  0.761236  0.045067
3630  0.000000  0.956761  0.000000  0.762267  0.760932  0.045095
3631  0.000000  0.956435  0.000000  0.761964  0.760627  0.045123
3632  0.000000  0.956109  0.000000  0.761662  0.760323  0.045151
3633  0.000000  0.955783  0.000000  0.761360  0.760018  0.045180
3634  0.000000  0.955457  0.000000  0.761057  0.759713  0.045208
3635  0.000000  0.955130  0.000000  0.760754  0.759408  0.045236
3636  0.000000  0.954804  0.000000  0.760452  0.759104  0.045265
3637  0.000000  0.954477  0.000000  0.760149  0.758799  0.045293
3638  0.000000  0.954150  0.000000  0.759846  0.758494  0.045321
3639  0.000000  0.953823  0.000000  0.759544  0.758189  0.045350
3640  0.000000  0.953496  0.000000  0.759241  0.757883  0.045378
3641  0.000000  0.953169  0.000000  0.758938  0.757578  0.045406
3642  0.000000  0.952841  0.000000  0.758635  0.757273  0.045435
3643  0.000000  0.952514  0.000000  0.758332  0.756968  0.045463
3644  0.000000  0.952186  0.000000  0.758029  0.756662  0.045492
3645  0.000000  0.951859  0.000000  0.757725  0.756357  0.045520
3646  0.000000  0.951531  0.000000  0.757422  0.756051  0.045548
3647  0.000000  0.951203  0.000000  0.757119  0.755746  0.045577
3648  0.000000  0.950874  0.000000  0.756816  0.755440  0.045605
3649  0.000000  0.950546  0.000000  0.756512  0.755135  0.045634
3650  0.000000  0.950218  0.000000  0.756209  0.754829  0.045662
3651  0.000000  0.949889  0.000000  0.755905  0.754523  0.045691
3652  0.000000  0.949561  0.000000  0.755602  0.754217  0.045720
3653  0.000000  0.949232  0.000000  0.755298  0.753911  0.045748
3654  0.000000  0.948903  0.000000  0.754994  0.753605  0.045777
3655  0.000000  0.948574  0.000000  0.754691  0.753299  0.045805
3656  0.000000  0.948245  0.000000  0.754387  0.752993  0.045834
3657  0.000000  0.947915  0.000000  0.754083  0.752687  0.045863
3658  0.000000  0.947586  0.000000  0.753779  0.752381  0.045891
3659  0.000000  0.947256  0.000000  0.753475  0.752074  0.045920
3660  0.000000  0.946927  0.000000  0.753171  0.751768  0.045949
3661  0.000000  0.946597  0.000000  0.752867  0.751462  0.045977
3662  0.000000  0.946267  0.000000  0.752563  0.751155  0.046006
3663  0.000000  0.945937  0.000000  0.752259  0.750849  0.046035
3664  0.000000  0.945607  0.000000  0.751954  0.750542  0.046064
3665  0.000000  0.945276  0.000000  0.751650  0.750235  0.046093
3666  0.000000  0.944946  0.000000  0.751346  0.749929  0.046121
3667  0.000000  0.944615  0.000000  0.751041  0.749622  0.046150
3668  0.000000  0.944284  0.000000  0.750737  0.749315  0.046179
3669  0.000000  0.943954  0.000000  0.750432  0.749008  0.046208
3670  0.000000  0.943623  0.000000  0.750127  0.748701  0.046237
3671  0.000000  0.943291  0.000000  0.749823  0.748394  0.046266
3672  0.000000  0.942960  0.000000  0.749518  0.748087  0.046295
3673  0.000000  0.942629  0.000000  0.749213  0.747780  0.046324
3674  0.000000  0.942297  0.000000  0.748908  0.747473  0.046352
3675  0.000000  0.941966  0.000000  0.748604  0.747165  0.046381
3676  0.000000  0.941634  0.000000  0.748299  0.746858  0.046410
3677  0.000000  0.941302  0.000000  0.747994  0.746551  0.046439
3678  0.000000  0.940970  0.000000  0.747689  0.746243  0.046468
3679  0.000000  0.940638  0.000000  0.747383  0.745936  0.046497
3680  0.000000  0.940306  0.000000  0.747078  0.745628  0.046527
3681  0.000000  0.939973  0.000000  0.746773  0.745320  0.046556
3682  0.000000  0.939641  0.000000  0.746468  0.745013  0.046585
3683  0.000000  0.939308  0.000000  0.746162  0.744705  0.046614
3684  0.000000  0.938975  0.000000  0.745857  0.744397  0.046643
3685  0.000000  0.938642  0.000000  0.745551  0.744089  0.046672
3686  0.000000  0.938309  0.000000  0.745246  0.743781  0.046701
3687  0.000000  0.937976  0.000000  0.744940  0.743473  0.046730
3688  0.000000  0.937643  0.000000  0.744635  0.743165  0.046760
3689  0.000000  0.937309  0.000000  0.744329  0.742857  0.046789
3690  0.000000  0.936975  0.000000  0.744023  0.742549  0.046818
3691  0.000000  0.936642  0.000000  0.743717  0.742240  0.046847
3692  0.000000  0.936308  0.000000  0.743412  0.741932  0.046877
3693  0.000000  0.935974  0.000000  0.743106  0.741624  0.046906
3694  0.000000  0.935640  0.000000  0.742800  0.741315  0.046935
3695  0.000000  0.935306  0.000000  0.742494  0.741007  0.046964
3696  0.000000  0.934971  0.000000  0.742188  0.740698  0.046994
3697  0.000000  0.934637  0.000000  0.741881  0.740390  0.047023
3698  0.000000  0.934302  0.000000  0.741575  0.740081  0.047053
3699  0.000000  0.933967  0.000000  0.741269  0.739772  0.047082
3700  0.000000  0.933632  0.000000  0.740963  0.739463  0.047111
3701  0.000000  0.933297  0.000000  0.740656  0.739155  0.047141
3702  0.000000  0.932962  0.000000  0.740350  0.738846  0.047170
3703  0.000000  0.932627  0.000000  0.740043  0.738537  0.047200
3704  0.000000  0.932292  0.000000  0.739737  0.738228  0.047229
3705  0.000000  0.931956  0.000000  0.739430  0.737918  0.047259
3706  0.000000  0.931620  0.000000  0.739124  0.737609  0.047288
3707  0.000000  0.931285  0.000000  0.738817  0.737300  0.047318
3708  0.000000  0.930949  0.000000  0.738510  0.736991  0.047347
3709  0.000000  0.930613  0.000000  0.738203  0.736681  0.047377
3710  0.000000  0.930276  0.000000  0.737896  0.736372  0.047406
3711  0.000000  0.929940  0.000000  0.737589  0.736062  0.047436
3712  0.000000  0.929604  0.000000  0.737282  0.735753  0.047466
3713  0.000000  0.929267  0.000000  0.736975  0.735443  0.047495
3714  0.000000  0.928930  0.000000  0.736668  0.735134  0.047525
3715  0.000000  0.928594  0.000000  0.736361  0.734824  0.047555
3716  0.000000  0.928257  0.000000  0.736054  0.734514  0.047584
3717  0.000000  0.927920  0.000000  0.735747  0.734204  0.047614
3718  0.000000  0.927582  0.000000  0.735439  0.733894  0.047644
3719  0.000000  0.927245  0.000000  0.735132  0.733584  0.047673
3720  0.000000  0.926907  0.000000  0.734824  0.733274  0.047703
3721  0.000000  0.926570  0.000000  0.734517  0.732964  0.047733
3722  0.000000  0.926232  0.000000  0.734209  0.732654  0.047763
3723  0.000000  0.925894  0.000000  0.733902  0.732344  0.047793
3724  0.000000  0.925556  0.000000  0.733594  0.732034  0.047822
3725  0.000000  0.925218  0.000000  0.733286  0.731723  0.047852
3726  0.000000  0.924880  0.000000  0.732979  0.731413  0.047882
3727  0.000000  0.924541  0.000000  0.732671  0.731103  0.047912
3728  0.000000  0.924203  0.000000  0.732363  0.730792  0.047942
3729  0.000000  0.923864  0.000000  0.732055  0.730482  0.047972
3730  0.000000  0.923525  0.000000  0.731747  0.730171  0.048002
3731  0.000000  0.923187  0.000000  0.731439  0.729860  0.048032
3732  0.000000  0.922848  0.000000  0.731131  0.729550  0.048062
3733  0.000000  0.922508  0.000000  0.730823  0.729239  0.048092
3734  0.000000  0.922169  0.000000  0.730515  0.728928  0.048122
3735  0.000000  0.921830  0.000000  0.730206  0.728617  0.048152
3736  0.000000  0.921490  0.000000  0.729898  0.728306  0.048182
3737  0.000000  0.921150  0.000000  0.729590  0.727995  0.048212
3738  0.000000  0.920811  0.000000  0.729281  0.727684  0.048242
3739  0.000000  0.920471  0.000000  0.728973  0.727373  0.048272
3740  0.000000  0.920130  0.000000  0.728664  0.727061  0.048302
3741  0.000000  0.919790  0.000000  0.728356  0.726750  0.048332
3742  0.000000  0.919450  0.000000  0.728047  0.726439  0.048363
3743  0.000000  0.919109  0.000000  0.727738  0.726127  0.048393
3744  0.000000  0.918769  0.000000  0.727429  0.725816  0.048423
3745  0.000000  0.918428  0.000000  0.727121  0.725504  0.048453
3746  0.000000  0.918087  0.000000  0.726812  0.725193  0.048483
3747  0.000000  0.917746  0.000000  0.726503  0.724881  0.048514
3748  0.000000  0.917405  0.000000  0.726194  0.724570  0.048544
3749  0.000000  0.917064  0.000000  0.725885  0.724258  0.048574
3750  0.000000  0.916722  0.000000  0.725576  0.723946  0.048605
3751  0.000000  0.916381  0.000000  0.725267  0.723634  0.048635
3752  0.000000  0.916039  0.000000  0.724957  0.723322  0.048665
3753  0.000000  0.915697  0.000000  0.724648  0.723010  0.048696
3754  0.000000  0.915356  0.000000  0.724339  0.722698  0.048726
3755  0.000000  0.915014  0.000000  0.724030  0.722386  0.048756
3756  0.000000  0.914671  0.000000  0.723720  0.722074  0.048787
3757  0.000000  0.914329  0.000000  0.723411  0.721762  0.048817
3758  0.000000  0.913987  0.000000  0.723101  0.721449  0.048848
3759  0.000000  0.913644  0.000000  0.722792  0.721137  0.048878
3760  0.000000  0.913301  0.000000  0.722482  0.720825  0.048909
3761  0.000000  0.912959  0.000000  0.722172  0.720512  0.048939
3762  0.000000  0.912616  0.000000  0.721863  0.720200  0.048970
3763  0.000000  0.912272  0.000000  0.721553  0.719887  0.049000
3764  0.000000  0.911929  0.000000  0.721243  0.719574  0.049031
3765  0.000000  0.911586  0.000000  0.720933  0.719262  0.049061
3766  0.000000  0.911242  0.000000  0.720623  0.718949  0.049092
3767  0.000000  0.910899  0.000000  0.720313  0.718636  0.049123
3768  0.000000  0.910555  0.000000  0.720003  0.718323  0.049153
3769  0.000000  0.910211  0.000000  0.719693  0.718010  0.049184
3770  0.000000  0.909867  0.000000  0.719383  0.717697  0.049215
3771  0.000000  0.909523  0.000000  0.719073  0.717384  0.049245
3772  0.000000  0.909179  0.000000  0.718762  0.717071  0.049276
3773  0.000000  0.908834  0.000000  0.718452  0.716758  0.049307
3774  0.000000  0.908490  0.000000  0.718142  0.716445  0.049337
3775  0.000000  0.908145  0.000000  0.717831  0.716132  0.049368
3776  0.000000  0.907800  0.000000  0.717521  0.715818  0.049399
3777  0.000000  0.907456  0.000000  0.717210  0.715505  0.049430
3778  0.000000  0.907110  0.000000  0.716900  0.715191  0.049461
3779  0.000000  0.906765  0.000000  0.716589  0.714878  0.049492
3780  0.000000  0.906420  0.000000  0.716278  0.714564  0.049522
3781  0.000000  0.906075  0.000000  0.715967  0.714251  0.049553
3782  0.000000  0.905729  0.000000  0.715657  0.713937  0.049584
3783  0.000000  0.905383  0.000000  0.715346  0.713623  0.049615
3784  0.000000  0.905037  0.000000  0.715035  0.713309  0.049646
3785  0.000000  0.904692  0.000000  0.714724  0.712995  0.049677
3786  0.000000  0.904345  0.000000  0.714413  0.712681  0.049708
3787  0.000000  0.903999  0.000000  0.714102  0.712368  0.049739
3788  0.000000  0.903653  0.000000  0.713791  0.712053  0.049770
3789  0.000000  0.903306  0.000000  0.713480  0.711739  0.049801
3790  0.000000  0.902960  0.000000  0.713168  0.711425  0.049832
3791  0.000000  0.902613  0.000000  0.712857  0.711111  0.049863
3792  0.000000  0.902266  0.000000  0.712546  0.710797  0.049894
3793  0.000000  0.901919  0.000000  0.712234  0.710482  0.049925
3794  0.000000  0.901572  0.000000  0.711923  0.710168  0.049956
3795  0.000000  0.901225  0.000000  0.711611  0.709854  0.049988
3796  0.000000  0.900877  0.000000  0.711300  0.709539  0.050019
3797  0.000000  0.900530  0.000000  0.710988  0.709224  0.050050
3798  0.000000  0.900182  0.000000  0.710677  0.708910  0.050081
3799  0.000000  0.899834  0.000000  0.710365  0.708595  0.050112
3800  0.000000  0.899486  0.000000  0.710053  0.708280  0.050144
3801  0.000000  0.899138  0.000000  0.709741  0.707966  0.050175
3802  0.000000  0.898790  0.000000  0.709430  0.707651  0.050206
3803  0.000000  0.898442  0.000000  0.709118  0.707336  0.050238
3804  0.000000  0.898093  0.000000  0.708806  0.707021  0.050269
3805  0.000000  0.897745  0.000000  0.708494  0.706706  0.050300
3806  0.000000  0.897396  0.000000  0.708182  0.706391  0.050332
3807  0.000000  0.897047  0.000000  0.707869  0.706076  0.050363
3808  0.000000  0.896698  0.000000  0.707557  0.705760  0.050394
3809  0.000000  0.896349  0.000000  0.707245  0.705445  0.050426
3810  0.000000  0.896000  0.000000  0.706933  0.705130  0.050457
3811  0.000000  0.895651  0.000000  0.706620  0.704814  0.050489
3812  0.000000  0.895301  0.000000  0.706308  0.704499  0.050520
3813  0.000000  0.894952  0.000000  0.705996  0.704183  0.050552
3814  0.000000  0.894602  0.000000  0.705683  0.703868  0.050583
3815  0.000000  0.894252  0.000000  0.705371  0.703552  0.050615
3816  0.000000  0.893902  0.000000  0.705058  0.703237  0.050646
3817  0.000000  0.893552  0.000000  0.704745  0.702921  0.050678
3818  0.000000  0.893201  0.000000  0.704433  0.702605  0.050709
3819  0.000000  0.892851  0.000000  0.704120  0.702289  0.050741
3820  0.000000  0.892501  0.000000  0.703807  0.701973  0.050773
3821  0.000000  0.892150  0.000000  0.703494  0.701657  0.050804
3822  0.000000  0.891799  0.000000  0.703181  0.701341  0.050836
3823  0.000000  0.891448  0.000000  0.702869  0.701025  0.050868
3824  0.000000  0.891097  0.000000  0.702556  0.700709  0.050899
3825  0.000000  0.890746  0.000000  0.702242  0.700393  0.050931
3826  0.000000  0.890395  0.000000  0.701929  0.700077  0.050963
3827  0.000000  0.890043  0.000000  0.701616  0.699761  0.050994
3828  0.000000  0.889691  0.000000  0.701303  0.699444  0.051026
3829  0.000000  0.889340  0.000000  0.700990  0.699128  0.051058
3830  0.000000  0.888988  0.000000  0.700676  0.698811  0.051090
3831  0.000000  0.888636  0.000000  0.700363  0.698495  0.051122
3832  0.000000  0.888284  0.000000  0.700050  0.698178  0.051154
3833  0.000000  0.887932  0.000000  0.699736  0.697862  0.051185
3834  0.000000  0.887579  0.000000  0.699423  0.697545  0.051217
3835  0.000000  0.887227  0.000000  0.699109  0.697228  0.051249
3836  0.000000  0.886874  0.000000  0.698796  0.696911  0.051281
3837  0.000000  0.886521  0.000000  0.698482  0.696595  0.051313
3838  0.000000  0.886168  0.000000  0.698168  0.696278  0.051345
3839  0.000000  0.885815  0.000000  0.697854  0.695961  0.051377
3840  0.000000  0.885462  0.000000  0.697541  0.695644  0.051409
3841  0.000000  0.885109  0.000000  0.697227  0.695327  0.051441
3842  0.000000  0.884755  0.000000  0.696913  0.695009  0.051473
3843  0.000000  0.884402  0.000000  0.696599  0.694692  0.051505
3844  0.000000  0.884048  0.000000  0.696285  0.694375  0.051537
3845  0.000000  0.883694  0.000000  0.695971  0.694058  0.051570
3846  0.000000  0.883340  0.000000  0.695657  0.693740  0.051602
3847  0.000000  0.882986  0.000000  0.695343  0.693423  0.051634
3848  0.000000  0.882632  0.000000  0.695028  0.693105  0.051666
3849  0.000000  0.882278  0.000000  0.694714  0.692788  0.051698
3850  0.000000  0.881923  0.000000  0.694400  0.692470  0.051730
3851  0.000000  0.881569  0.000000  0.694085  0.692153  0.051763
3852  0.000000  0.881214  0.000000  0.693771  0.691835  0.051795
3853  0.000000  0.880859  0.000000  0.693456  0.691517  0.051827
3854  0.000000  0.880504  0.000000  0.693142  0.691199  0.051859
3855  0.000000  0.880149  0.000000  0.692827  0.690881  0.051892
3856  0.000000  0.879794  0.000000  0.692513  0.690563  0.051924
3857  0.000000  0.879438  0.000000  0.692198  0.690245  0.051956
3858  0.000000  0.879083  0.000000  0.691883  0.689927  0.051989
3859  0.000000  0.878727  0.000000  0.691569  0.689609  0.052021
3860  0.000000  0.878371  0.000000  0.691254  0.689291  0.052054
3861  0.000000  0.878015  0.000000  0.690939  0.688973  0.052086
3862  0.000000  0.877659  0.000000  0.690624  0.688655  0.052118
3863  0.000000  0.877303  0.000000  0.690309  0.688336  0.052151
3864  0.000000  0.876947  0.000000  0.689994  0.688018  0.052183
3865  0.000000  0.876590  0.000000  0.689679  0.687700  0.052216
3866  0.000000  0.876234  0.000000  0.689364  0.687381  0.052248
3867  0.000000  0.875877  0.000000  0.689049  0.687062  0.052281
3868  0.000000  0.875520  0.000000  0.688734  0.686744  0.052314
3869  0.000000  0.875163  0.000000  0.688418  0.686425  0.052346
3870  0.000000  0.874806  0.000000  0.688103  0.686106  0.052379
3871  0.000000  0.874449  0.000000  0.687788  0.685788  0.052411
3872  0.000000  0.874092  0.000000  0.687472  0.685469  0.052444
3873  0.000000  0.873734  0.000000  0.687157  0.685150  0.052477
3874  0.000000  0.873377  0.000000  0.686841  0.684831  0.052509
3875  0.000000  0.873019  0.000000  0.686526  0.684512  0.052542
3876  0.000000  0.872661  0.000000  0.686210  0.684193  0.052575
3877  0.000000  0.872303  0.000000  0.685894  0.683874  0.052608
3878  0.000000  0.871945  0.000000  0.685579  0.683555  0.052640
3879  0.000000  0.871586  0.000000  0.685263  0.683236  0.052673
3880  0.000000  0.871228  0.000000  0.684947  0.682916  0.052706
3881  0.000000  0.870870  0.000000  0.684631  0.682597  0.052739
3882  0.000000  0.870511  0.000000  0.684315  0.682278  0.052772
3883  0.000000  0.870152  0.000000  0.683999  0.681958  0.052805
3884  0.000000  0.869793  0.000000  0.683683  0.681639  0.052837
3885  0.000000  0.869434  0.000000  0.683367  0.681319  0.052870
3886  0.000000  0.869075  0.000000  0.683051  0.680999  0.052903
3887  0.000000  0.868715  0.000000  0.682735  0.680680  0.052936
3888  0.000000  0.868356  0.000000  0.682419  0.680360  0.052969
3889  0.000000  0.867996  0.000000  0.682103  0.680040  0.053002
3890  0.000000  0.867637  0.000000  0.681786  0.679720  0.053035
3891  0.000000  0.867277  0.000000  0.681470  0.679401  0.053068
3892  0.000000  0.866917  0.000000  0.681154  0.679081  0.053101
3893  0.000000  0.866557  0.000000  0.680837  0.678761  0.053134
3894  0.000000  0.866196  0.000000  0.680521  0.678441  0.053167
3895  0.000000  0.865836  0.000000  0.680204  0.678121  0.053201
3896  0.000000  0.865476  0.000000  0.679888  0.677800  0.053234
3897  0.000000  0.865115  0.000000  0.679571  0.677480  0.053267
3898  0.000000  0.864754  0.000000  0.679254  0.677160  0.053300
3899  0.000000  0.864393  0.000000  0.678938  0.676840  0.053333
3900  0.000000  0.864032  0.000000  0.678621  0.676519  0.053366
3901  0.000000  0.863671  0.000000  0.678304  0.676199  0.053400
3902  0.000000  0.863310  0.000000  0.677987  0.675878  0.053433
3903  0.000000  0.862948  0.000000  0.677670  0.675558  0.053466
3904  0.000000  0.862587  0.000000  0.677353  0.675237  0.053499
3905  0.000000  0.862225  0.000000  0.677036  0.674917  0.053533
3906  0.000000  0.861863  0.000000  0.676719  0.674596  0.053566
3907  0.000000  0.861501  0.000000  0.676402  0.674275  0.053599
3908  0.000000  0.861139  0.000000  0.676085  0.673954  0.053633
3909  0.000000  0.860777  0.000000  0.675768  0.673633  0.053666
3910  0.000000  0.860414  0.000000  0.675450  0.673312  0.053700
3911  0.000000  0.860052  0.000000  0.675133  0.672991  0.053733
3912  0.000000  0.859689  0.000000  0.674816  0.672670  0.053767
3913  0.000000  0.859327  0.000000  0.674498  0.672349  0.053800
3914  0.000000  0.858964  0.000000  0.674181  0.672028  0.053834
3915  0.000000  0.858601  0.000000  0.673863  0.671707  0.053867
3916  0.000000  0.858237  0.000000  0.673546  0.671386  0.053901
3917  0.000000  0.857874  0.000000  0.673228  0.671064  0.053934
3918  0.000000  0.857511  0.000000  0.672911  0.670743  0.053968
3919  0.000000  0.857147  0.000000  0.672593  0.670422  0.054001
3920  0.000000  0.856784  0.000000  0.672275  0.670100  0.054035
3921  0.000000  0.856420  0.000000  0.671958  0.669779  0.054069
3922  0.000000  0.856056  0.000000  0.671640  0.669457  0.054102
3923  0.000000  0.855692  0.000000  0.671322  0.669136  0.054136
3924  0.000000  0.855328  0.000000  0.671004  0.668814  0.054170
3925  0.000000  0.854963  0.000000  0.670686  0.668492  0.054203
3926  0.000000  0.854599  0.000000  0.670368  0.668170  0.054237
3927  0.000000  0.854234  0.000000  0.670050  0.667848  0.054271
3928  0.000000  0.853869  0.000000  0.669732  0.667527  0.054305
3929  0.000000  0.853504  0.000000  0.669414  0.667205  0.054339
3930  0.000000  0.853139  0.000000  0.669096  0.666883  0.054372
3931  0.000000  0.852774  0.000000  0.668777  0.666561  0.054406
3932  0.000000  0.852409  0.000000  0.668459  0.666238  0.054440
3933  0.000000  0.852044  0.000000  0.668141  0.665916  0.054474
3934  0.000000  0.851678  0.000000  0.667822  0.665594  0.054508
3935  0.000000  0.851313  0.000000  0.667504  0.665272  0.054542
3936  0.000000  0.850947  0.000000  0.667185  0.664949  0.054576
3937  0.000000  0.850581  0.000000  0.666867  0.664627  0.054610
3938  0.000000  0.850215  0.000000  0.666548  0.664305  0.054644
3939  0.000000  0.849849  0.000000  0.666230  0.663982  0.054678
3940  0.000000  0.849482  0.000000  0.665911  0.663660  0.054712
3941  0.000000  0.849116  0.000000  0.665592  0.663337  0.054746
3942  0.000000  0.848749  0.000000  0.665274  0.663014  0.054780
3943  0.000000  0.848382  0.000000  0.664955  0.662692  0.054814
3944  0.000000  0.848016  0.000000  0.664636  0.662369  0.054848
3945  0.000000  0.847649  0.000000  0.664317  0.662046  0.054882
3946  0.000000  0.847282  0.000000  0.663998  0.661723  0.054917
3947  0.000000  0.846914  0.000000  0.663679  0.661400  0.054951
3948  0.000000  0.846547  0.000000  0.663360  0.661077  0.054985
3949  0.000000  0.846179  0.000000  0.663041  0.660754  0.055019
3950  0.000000  0.845812  0.000000  0.662722  0.660431  0.055054
3951  0.000000  0.845444  0.000000  0.662403  0.660108  0.055088
3952  0.000000  0.845076  0.000000  0.662084  0.659785  0.055122
3953  0.000000  0.844708  0.000000  0.661764  0.659462  0.055156
3954  0.000000  0.844340  0.000000  0.661445  0.659138  0.055191
3955  0.000000  0.843972  0.000000  0.661126  0.658815  0.055225
3956  0.000000  0.843603  0.000000  0.660806  0.658492  0.055260
3957  0.000000  0.843235  0.000000  0.660487  0.658168  0.055294
3958  0.000000  0.842866  0.000000  0.660167  0.657845  0.055328
3959  0.000000  0.842497  0.000000  0.659848  0.657521  0.055363
3960  0.000000  0.842128  0.000000  0.659528  0.657198  0.055397
3961  0.000000  0.841759  0.000000  0.659209  0.656874  0.055432
3962  0.000000  0.841390  0.000000  0.658889  0.656550  0.055466
3963  0.000000  0.841020  0.000000  0.658569  0.656226  0.055501
3964  0.000000  0.840651  0.000000  0.658250  0.655903  0.055535
3965  0.000000  0.840281  0.000000  0.657930  0.655579  0.055570
3966  0.000000  0.839912  0.000000  0.657610  0.655255  0.055605
3967  0.000000  0.839542  0.000000  0.657290  0.654931  0.055639
3968  0.000000  0.839172  0.000000  0.656970  0.654607  0.055674
3969  0.000000  0.838802  0.000000  0.656650  0.654283  0.055708
3970  0.000000  0.838431  0.000000  0.656330  0.653959  0.055743
3971  0.000000  0.838061  0.000000  0.656010  0.653634  0.055778
3972  0.000000  0.837690  0.000000  0.655690  0.653310  0.055813
3973  0.000000  0.837320  0.000000  0.655370  0.652986  0.055847
3974  0.000000  0.836949  0.000000  0.655050  0.652662  0.055882
3975  0.000000  0.836578  0.000000  0.654729  0.652337  0.055917
3976  0.000000  0.836207  0.000000  0.654409  0.652013  0.055952
3977  0.000000  0.835836  0.000000  0.654089  0.651688  0.055987
3978  0.000000  0.835464  0.000000  0.653768  0.651364  0.056021
3979  0.000000  0.835093  0.000000  0.653448  0.651039  0.056056
3980  0.000000  0.834721  0.000000  0.653127  0.650714  0.056091
3981  0.000000  0.834349  0.000000  0.652807  0.650390  0.056126
3982  0.000000  0.833978  0.000000  0.652486  0.650065  0.056161
3983  0.000000  0.833606  0.000000  0.652166  0.649740  0.056196
3984  0.000000  0.833233  0.000000  0.651845  0.649415  0.056231
3985  0.000000  0.832861  0.000000  0.651524  0.649090  0.056266
3986  0.000000  0.832489  0.000000  0.651204  0.648765  0.056301
3987  0.000000  0.832116  0.000000  0.650883  0.648440  0.056336
3988  0.000000  0.831744  0.000000  0.650562  0.648115  0.056371
3989  0.000000  0.831371  0.000000  0.650241  0.647790  0.056406
3990  0.000000  0.830998  0.000000  0.649920  0.647465  0.056441
3991  0.000000  0.830625  0.000000  0.649599  0.647140  0.056477
3992  0.000000  0.830252  0.000000  0.649278  0.646814  0.056512
3993  0.000000  0.829878  0.000000  0.648957  0.646489  0.056547
3994  0.000000  0.829505  0.000000  0.648636  0.646164  0.056582
3995  0.000000  0.829131  0.000000  0.648315  0.645838  0.056617
3996  0.000000  0.828758  0.000000  0.647994  0.645513  0.056653
3997  0.000000  0.828384  0.000000  0.647673  0.645187  0.056688
3998  0.000000  0.828010  0.000000  0.647352  0.644862  0.056723
3999  0.000000  0.827636  0.000000  0.647030  0.644536  0.056758
4000  0.000000  0.827261  0.000000  0.646709  0.644210  0.056794
4001  0.000000  0.826887  0.000000  0.646388  0.643885  0.056829
4002  0.000000  0.826512  0.000000  0.646066  0.643559  0.056865
4003  0.000000  0.826138  0.000000  0.645745  0.643233  0.056900
4004  0.000000  0.825763  0.000000  0.645423  0.642907  0.056935
4005  0.000000  0.825388  0.000000  0.645102  0.642581  0.056971
4006  0.000000  0.825013  0.000000  0.644780  0.642255  0.057006
4007  0.000000  0.824638  0.000000  0.644458  0.641929  0.057042
4008  0.000000  0.824263  0.000000  0.644137  0.641603  0.057077
4009  0.000000  0.823887  0.000000  0.643815  0.641277  0.057113
4010  0.000000  0.823512  0.000000  0.643493  0.640950  0.057148
4011  0.000000  0.823136  0.000000  0.643171  0.640624  0.057184
4012  0.000000  0.822760  0.000000  0.642850  0.640298  0.057220
4013  0.000000  0.822384  0.000000  0.642528  0.639972  0.057255
4014  0.000000  0.822008  0.000000  0.642206  0.639645  0.057291
4015  0.000000  0.821632  0.000000  0.641884  0.639319  0.057327
4016  0.000000  0.821255  0.000000  0.641562  0.638992  0.057362
4017  0.000000  0.820879  0.000000  0.641240  0.638666  0.057398
4018  0.000000  0.820502  0.000000  0.640918  0.638339  0.057434
4019  0.000000  0.820125  0.000000  0.640595  0.638012  0.057469
4020  0.000000  0.819748  0.000000  0.640273  0.637686  0.057505
4021  0.000000  0.819371  0.000000  0.639951  0.637359  0.057541
4022  0.000000  0.818994  0.000000  0.639629  0.637032  0.057577
4023  0.000000  0.818617  0.000000  0.639306  0.636705  0.057613
4024  0.000000  0.818240  0.000000  0.638984  0.636378  0.057649
4025  0.000000  0.817862  0.000000  0.638662  0.636051  0.057684
4026  0.000000  0.817484  0.000000  0.638339  0.635724  0.057720
4027  0.000000  0.817106  0.000000  0.638017  0.635397  0.057756
4028  0.000000  0.816728  0.000000  0.637694  0.635070  0.057792
4029  0.000000  0.816350  0.000000  0.637372  0.634743  0.057828
4030  0.000000  0.815972  0.000000  0.637049  0.634416  0.057864
4031  0.000000  0.815594  0.000000  0.636726  0.634088  0.057900
4032  0.000000  0.815215  0.000000  0.636404  0.633761  0.057936
4033  0.000000  0.814837  0.000000  0.636081  0.633434  0.057972
4034  0.000000  0.814458  0.000000  0.635758  0.633106  0.058009
4035  0.000000  0.814079  0.000000  0.635435  0.632779  0.058045
4036  0.000000  0.813700  0.000000  0.635112  0.632451  0.058081
4037  0.000000  0.813321  0.000000  0.634789  0.632123  0.058117
4038  0.000000  0.812942  0.000000  0.634467  0.631796  0.058153
4039  0.000000  0.812562  0.000000  0.634144  0.631468  0.058189
4040  0.000000  0.812183  0.000000  0.633821  0.631140  0.058226
4041  0.000000  0.811803  0.000000  0.633497  0.630813  0.058262
4042  0.000000  0.811423  0.000000  0.633174  0.630485  0.058298
4043  0.000000  0.811043  0.000000  0.632851  0.630157  0.058334
4044  0.000000  0.810663  0.000000  0.632528  0.629829  0.058371
4045  0.000000  0.810283  0.000000  0.632205  0.629501  0.058407
4046  0.000000  0.809902  0.000000  0.631881  0.629173  0.058443
4047  0.000000  0.809522  0.000000  0.631558  0.628845  0.058480
4048  0.000000  0.809141  0.000000  0.631235  0.628517  0.058516
4049  0.000000  0.808761  0.000000  0.630911  0.628189  0.058553
4050  0.000000  0.808380  0.000000  0.630588  0.627860  0.058589
4051  0.000000  0.807999  0.000000  0.630265  0.627532  0.058626
4052  0.000000  0.807618  0.000000  0.629941  0.627204  0.058662
4053  0.000000  0.807236  0.000000  0.629617  0.626875  0.058699
4054  0.000000  0.806855  0.000000  0.629294  0.626547  0.058735
4055  0.000000  0.806473  0.000000  0.628970  0.626218  0.058772
4056  0.000000  0.806092  0.000000  0.628647  0.625890  0.058808
4057  0.000000  0.805710  0.000000  0.628323  0.625561  0.058845
4058  0.000000  0.805328  0.000000  0.627999  0.625233  0.058882
4059  0.000000  0.804946  0.000000  0.627675  0.624904  0.058918
4060  0.000000  0.804564  0.000000  0.627351  0.624575  0.058955
4061  0.000000  0.804181  0.000000  0.627028  0.624246  0.058992
4062  0.000000  0.803799  0.000000  0.626704  0.623918  0.059028
4063  0.000000  0.803416  0.000000  0.626380  0.623589  0.059065
4064  0.000000  0.803033  0.000000  0.626056  0.623260  0.059102
4065  0.000000  0.802651  0.000000  0.625732  0.622931  0.059139
4066  0.000000  0.802268  0.000000  0.625408  0.622602  0.059176
4067  0.000000  0.801884  0.000000  0.625083  0.622273  0.059212
4068  0.000000  0.801501  0.000000  0.624759  0.621943  0.059249
4069  0.000000  0.801118  0.000000  0.624435  0.621614  0.059286
4070  0.000000  0.800734  0.000000  0.624111  0.621285  0.059323
4071  0.000000  0.800350  0.000000  0.623787  0.620956  0.059360
4072  0.000000  0.799967  0.000000  0.623462  0.620626  0.059397
4073  0.000000  0.799583  0.000000  0.623138  0.620297  0.059434
4074  0.000000  0.799199  0.000000  0.622813  0.619968  0.059471
4075  0.000000  0.798814  0.000000  0.622489  0.619638  0.059508
4076  0.000000  0.798430  0.000000  0.622165  0.619309  0.059545
4077  0.000000  0.798046  0.000000  0.621840  0.618979  0.059582
4078  0.000000  0.797661  0.000000  0.621516  0.618649  0.059619
4079  0.000000  0.797276  0.000000  0.621191  0.618320  0.059657
4080  0.000000  0.796891  0.000000  0.620866  0.617990  0.059694
4081  0.000000  0.796506  0.000000  0.620542  0.617660  0.059731
4082  0.000000  0.796121  0.000000  0.620217  0.617330  0.059768
4083  0.000000  0.795736  0.000000  0.619892  0.617001  0.059805
4084  0.000000  0.795351  0.000000  0.619567  0.616671  0.059843
4085  0.000000  0.794965  0.000000  0.619243  0.616341  0.059880
4086  0.000000  0.794579  0.000000  0.618918  0.616011  0.059917
4087  0.000000  0.794194  0.000000  0.618593  0.615681  0.059954
4088  0.000000  0.793808  0.000000  0.618268  0.615350  0.059992
4089  0.000000  0.793422  0.000000  0.617943  0.615020  0.060029
4090  0.000000  0.793035  0.000000  0.617618  0.614690  0.060067
4091  0.000000  0.792649  0.000000  0.617293  0.614360  0.060104
4092  0.000000  0.792263  0.000000  0.616968  0.614029  0.060141
4093  0.000000  0.791876  0.000000  0.616643  0.613699  0.060179
4094  0.000000  0.791489  0.000000  0.616317  0.613369  0.060216
4095  0.000000  0.791102  0.000000  0.615992  0.613038  0.060254
4096  0.000000  0.790715  0.000000  0.615667  0.612708  0.060291
4097  0.000000  0.790328  0.000000  0.615342  0.612377  0.060329
4098  0.000000  0.789941  0.000000  0.615016  0.612047  0.060367
4099  0.000000  0.789554  0.000000  0.614691  0.611716  0.060404
4100  0.000000  0.789166  0.000000  0.614366  0.611385  0.060442
4101  0.000000  0.788778  0.000000  0.614040  0.611054  0.060479
4102  0.000000  0.788390  0.000000  0.613715  0.610724  0.060517
4103  0.000000  0.788003  0.000000  0.613389  0.610393  0.060555
4104  0.000000  0.787614  0.000000  0.613064  0.610062  0.060593
4105  0.000000  0.787226  0.000000  0.612738  0.609731  0.060630
4106  0.000000  0.786838  0.000000  0.612412  0.609400  0.060668
4107  0.000000  0.786449  0.000000  0.612087  0.609069  0.060706
4108  0.000000  0.786061  0.000000  0.611761  0.608738  0.060744
4109  0.000000  0.785672  0.000000  0.611435  0.608407  0.060781
4110  0.000000  0.785283  0.000000  0.611110  0.608076  0.060819
4111  0.000000  0.784894  0.000000  0.610784  0.607744  0.060857
4112  0.000000  0.784505  0.000000  0.610458  0.607413  0.060895
4113  0.000000  0.784116  0.000000  0.610132  0.607082  0.060933
4114  0.000000  0.783726  0.000000  0.609806  0.606750  0.060971
4115  0.000000  0.783337  0.000000  0.609480  0.606419  0.061009
4116  0.000000  0.782947  0.000000  0.609154  0.606087  0.061047
4117  0.000000  0.782557  0.000000  0.608828  0.605756  0.061085
4118  0.000000  0.782167  0.000000  0.608502  0.605424  0.061123
4119  0.000000  0.781777  0.000000  0.608176  0.605093  0.061161
4120  0.000000  0.781387  0.000000  0.607850  0.604761  0.061199
4121  0.000000  0.780997  0.000000  0.607524  0.604429  0.061237
4122  0.000000  0.780606  0.000000  0.607197  0.604098  0.061276
4123  0.000000  0.780216  0.000000  0.606871  0.603766  0.061314
4124  0.000000  0.779825  0.000000  0.606545  0.603434  0.061352
4125  0.000000  0.779434  0.000000  0.606219  0.603102  0.061390
4126  0.000000  0.779043  0.000000  0.605892  0.602770  0.061428
4127  0.000000  0.778652  0.000000  0.605566  0.602438  0.061467
4128  0.000000  0.778261  0.000000  0.605239  0.602106  0.061505
4129  0.000000  0.777869  0.000000  0.604913  0.601774  0.061543
4130  0.000000  0.777478  0.000000  0.604586  0.601442  0.061582
4131  0.000000  0.777086  0.000000  0.604260  0.601110  0.061620
4132  0.000000  0.776694  0.000000  0.603933  0.600777  0.061659
4133  0.000000  0.776302  0.000000  0.603607  0.600445  0.061697
4134  0.000000  0.775910  0.000000  0.603280  0.600113  0.061735
4135  0.000000  0.775518  0.000000  0.602953  0.599781  0.061774
4136  0.000000  0.775126  0.000000  0.602627  0.599448  0.061812
4137  0.000000  0.774733  0.000000  0.602300  0.599116  0.061851
4138  0.000000  0.774341  0.000000  0.601973  0.598783  0.061889
4139  0.000000  0.773948  0.000000  0.601646  0.598451  0.061928
4140  0.000000  0.773555  0.000000  0.601319  0.598118  0.061967
4141  0.000000  0.773162  0.000000  0.600992  0.597785  0.062005
4142  0.000000  0.772769  0.000000  0.600665  0.597453  0.062044
4143  0.000000  0.772376  0.000000  0.600339  0.597120  0.062083
4144  0.000000  0.771982  0.000000  0.600012  0.596787  0.062121
4145  0.000000  0.771589  0.000000  0.599684  0.596454  0.062160
4146  0.000000  0.771195  0.000000  0.599357  0.596121  0.062199
4147  0.000000  0.770801  0.000000  0.599030  0.595788  0.062237
4148  0.000000  0.770407  0.000000  0.598703  0.595455  0.062276
4149  0.000000  0.770013  0.000000  0.598376  0.595122  0.062315
4150  0.000000  0.769619  0.000000  0.598049  0.594789  0.062354
4151  0.000000  0.769224  0.000000  0.597721  0.594456  0.062393
4152  0.000000  0.768830  0.000000  0.597394  0.594123  0.062432
4153  0.000000  0.768435  0.000000  0.597067  0.593790  0.062471
4154  0.000000  0.768041  0.000000  0.596740  0.593457  0.062510
4155  0.000000  0.767646  0.000000  0.596412  0.593123  0.062548
4156  0.000000  0.767251  0.000000  0.596085  0.592790  0.062587
4157  0.000000  0.766856  0.000000  0.595757  0.592456  0.062626
4158  0.000000  0.766460  0.000000  0.595430  0.592123  0.062666
4159  0.000000  0.766065  0.000000  0.595102  0.591789  0.062705
4160  0.000000  0.765669  0.000000  0.594775  0.591456  0.062744
4161  0.000000  0.765274  0.000000  0.594447  0.591122  0.062783
4162  0.000000  0.764878  0.000000  0.594119  0.590789  0.062822
4163  0.000000  0.764482  0.000000  0.593792  0.590455  0.062861
4164  0.000000  0.764086  0.000000  0.593464  0.590121  0.062900
4165  0.000000  0.763689  0.000000  0.593136  0.589788  0.062939
4166  0.000000  0.763293  0.000000  0.592809  0.589454  0.062979
4167  0.000000  0.762897  0.000000  0.592481  0.589120  0.063018
4168  0.000000  0.762500  0.000000  0.592153  0.588786  0.063057
4169  0.000000  0.762103  0.000000  0.591825  0.588452  0.063097
4170  0.000000  0.761706  0.000000  0.591497  0.588118  0.063136
4171  0.000000  0.761309  0.000000  0.591169  0.587784  0.063175
4172  0.000000  0.760912  0.000000  0.590841  0.587450  0.063215
4173  0.000000  0.760515  0.000000  0.590513  0.587116  0.063254
4174  0.000000  0.760117  0.000000  0.590185  0.586782  0.063294
4175  0.000000  0.759720  0.000000  0.589857  0.586447  0.063333
4176  0.000000  0.759322  0.000000  0.589529  0.586113  0.063373
4177  0.000000  0.758924  0.000000  0.589201  0.585779  0.063412
4178  0.000000  0.758526  0.000000  0.588873  0.585444  0.063452
4179  0.000000  0.758128  0.000000  0.588545  0.585110  0.063491
4180  0.000000  0.757730  0.000000  0.588216  0.584775  0.063531
4181  0.000000  0.757331  0.000000  0.587888  0.584441  0.063570
4182  0.000000  0.756933  0.000000  0.587560  0.584106  0.063610
4183  0.000000  0.756534  0.000000  0.587231  0.583772  0.063650
4184  0.000000  0.756136  0.000000  0.586903  0.583437  0.063689
4185  0.000000  0.755737  0.000000  0.586575  0.583102  0.063729
4186  0.000000  0.755338  0.000000  0.586246  0.582768  0.063769
4187  0.000000  0.754938  0.000000  0.585918  0.582433  0.063809
4188  0.000000  0.754539  0.000000  0.585589  0.582098  0.063848
4189  0.000000  0.754140  0.000000  0.585261  0.581763  0.063888
4190  0.000000  0.753740  0.000000  0.584932  0.581428  0.063928
4191  0.000000  0.753340  0.000000  0.584604  0.581093  0.063968
4192  0.000000  0.752940  0.000000  0.584275  0.580758  0.064008
4193  0.000000  0.752540  0.000000  0.583946  0.580423  0.064048
4194  0.000000  0.752140  0.000000  0.583618  0.580088  0.064088
4195  0.000000  0.751740  0.000000  0.583289  0.579753  0.064128
4196  0.000000  0.751340  0.000000  0.582960  0.579418  0.064168
4197  0.000000  0.750939  0.000000  0.582631  0.579083  0.064208
4198  0.000000  0.750538  0.000000  0.582303  0.578747  0.064248
4199  0.000000  0.750138  0.000000  0.581974  0.578412  0.064288
4200  0.000000  0.749737  0.000000  0.581645  0.578077  0.064328
4201  0.000000  0.749336  0.000000  0.581316  0.577741  0.064368
4202  0.000000  0.748934  0.000000  0.580987  0.577406  0.064408
4203  0.000000  0.748533  0.000000  0.580658  0.577070  0.064448
4204  0.000000  0.748132  0.000000  0.580329  0.576735  0.064489
4205  0.000000  0.747730  0.000000  0.580000  0.576399  0.064529
4206  0.000000  0.747328  0.000000  0.579671  0.576063  0.064569
4207  0.000000  0.746926  0.000000  0.579342  0.575728  0.064609
4208  0.000000  0.746524  0.000000  0.579013  0.575392  0.064650
4209  0.000000  0.746122  0.000000  0.578683  0.575056  0.064690
4210  0.000000  0.745720  0.000000  0.578354  0.574720  0.064730
4211  0.000000  0.745318  0.000000  0.578025  0.574385  0.064771
4212  0.000000  0.744915  0.000000  0.577696  0.574049  0.064811
4213  0.000000  0.744512  0.000000  0.577366  0.573713  0.064852
4214  0.000000  0.744110  0.000000  0.577037  0.573377  0.064892
4215  0.000000  0.743707  0.000000  0.576708  0.573041  0.064933
4216  0.000000  0.743303  0.000000  0.576378  0.572705  0.064973
4217  0.000000  0.742900  0.000000  0.576049  0.572368  0.065014
4218  0.000000  0.742497  0.000000  0.575720  0.572032  0.065054
4219  0.000000  0.742093  0.000000  0.575390  0.571696  0.065095
4220  0.000000  0.741690  0.000000  0.575061  0.571360  0.065135
4221  0.000000  0.741286  0.000000  0.574731  0.571024  0.065176
4222  0.000000  0.740882  0.000000  0.574401  0.570687  0.065217
4223  0.000000  0.740478  0.000000  0.574072  0.570351  0.065257
4224  0.000000  0.740074  0.000000  0.573742  0.570014  0.065298
4225  0.000000  0.739670  0.000000  0.573413  0.569678  0.065339
4226  0.000000  0.739265  0.000000  0.573083  0.569341  0.065380
4227  0.000000  0.738861  0.000000  0.572753  0.569005  0.065421
4228  0.000000  0.738456  0.000000  0.572423  0.568668  0.065461
4229  0.000000  0.738051  0.000000  0.572094  0.568331  0.065502
4230  0.000000  0.737646  0.000000  0.571764  0.567995  0.065543
4231  0.000000  0.737241  0.000000  0.571434  0.567658  0.065584
4232  0.000000  0.736836  0.000000  0.571104  0.567321  0.065625
4233  0.000000  0.736430  0.000000  0.570774  0.566984  0.065666
4234  0.000000  0.736025  0.000000  0.570444  0.566648  0.065707
4235  0.000000  0.735619  0.000000  0.570114  0.566311  0.065748
4236  0.000000  0.735213  0.000000  0.569784  0.565974  0.065789
4237  0.000000  0.734807  0.000000  0.569454  0.565637  0.065830
4238  0.000000  0.734401  0.000000  0.569124  0.565300  0.065871
4239  0.000000  0.733995  0.000000  0.568794  0.564962  0.065912
4240  0.000000  0.733589  0.000000  0.568464  0.564625  0.065953
4241  0.000000  0.733182  0.000000  0.568134  0.564288  0.065995
4242  0.000000  0.732776  0.000000  0.567804  0.563951  0.066036
4243  0.000000  0.732369  0.000000  0.567474  0.563614  0.066077
4244  0.000000  0.731962  0.000000  0.567144  0.563276  0.066118
4245  0.000000  0.731555  0.000000  0.566813  0.562939  0.066160
4246  0.000000  0.731148  0.000000  0.566483  0.562602  0.066201
4247  0.000000  0.730741  0.000000  0.566153  0.562264  0.066242
4248  0.000000  0.730333  0.000000  0.565822  0.561927  0.066284
4249  0.000000  0.729926  0.000000  0.565492  0.561589  0.066325
4250  0.000000  0.729518  0.000000  0.565162  0.561252  0.066366
4251  0.000000  0.729110  0.000000  0.564831  0.560914  0.066408
4252  0.000000  0.728702  0.000000  0.564501  0.560576  0.066449
4253  0.000000  0.728294  0.000000  0.564170  0.560239  0.066491
4254  0.000000  0.727886  0.000000  0.563840  0.559901  0.066532
4255  0.000000  0.727477  0.000000  0.563509  0.559563  0.066574
4256  0.000000  0.727069  0.000000  0.563179  0.559225  0.066616
4257  0.000000  0.726660  0.000000  0.562848  0.558887  0.066657
4258  0.000000  0.726252  0.000000  0.562518  0.558549  0.066699
4259  0.000000  0.725843  0.000000  0.562187  0.558211  0.066740
4260  0.000000  0.725434  0.000000  0.561856  0.557873  0.066782
4261  0.000000  0.725024  0.000000  0.561526  0.557535  0.066824
4262  0.000000  0.724615  0.000000  0.561195  0.557197  0.066866
4263  0.000000  0.724206  0.000000  0.560864  0.556859  0.066907
4264  0.000000  0.723796  0.000000  0.560533  0.556521  0.066949
4265  0.000000  0.723386  0.000000  0.560203  0.556183  0.066991
4266  0.000000  0.722976  0.000000  0.559872  0.555844  0.067033
4267  0.000000  0.722566  0.000000  0.559541  0.555506  0.067075
4268  0.000000  0.722156  0.000000  0.559210  0.555168  0.067117
4269  0.000000  0.721746  0.000000  0.558879  0.554829  0.067158
4270  0.000000  0.721336  0.000000  0.558548  0.554491  0.067200
4271  0.000000  0.720925  0.000000  0.558217  0.554152  0.067242
4272  0.000000  0.720514  0.000000  0.557886  0.553814  0.067284
4273  0.000000  0.720104  0.000000  0.557555  0.553475  0.067326
4274  0.000000  0.719693  0.000000  0.557224  0.553137  0.067369
4275  0.000000  0.719282  0.000000  0.556893  0.552798  0.067411
4276  0.000000  0.718870  0.000000  0.556562  0.552459  0.067453
4277  0.000000  0.718459  0.000000  0.556231  0.552121  0.067495
4278  0.000000  0.718047  0.000000  0.555900  0.551782  0.067537
4279  0.000000  0.717636  0.000000  0.555569  0.551443  0.067579
4280  0.000000  0.717224  0.000000  0.555237  0.551104  0.067622
4281  0.000000  0.716812  0.000000  0.554906  0.550765  0.067664
4282  0.000000  0.716400  0.000000  0.554575  0.550426  0.067706
4283  0.000000  0.715988  0.000000  0.554244  0.550087  0.067748
4284  0.000000  0.715576  0.000000  0.553912  0.549748  0.067791
4285  0.000000  0.715163  0.000000  0.553581  0.549409  0.067833
4286  0.000000  0.714751  0.000000  0.553250  0.549070  0.067876
4287  0.000000  0.714338  0.000000  0.552918  0.548731  0.067918
4288  0.000000  0.713925  0.000000  0.552587  0.548392  0.067960
4289  0.000000  0.713512  0.000000  0.552255  0.548053  0.068003
4290  0.000000  0.713099  0.000000  0.551924  0.547713  0.068045
4291  0.000000  0.712686  0.000000  0.551593  0.547374  0.068088
4292  0.000000  0.712272  0.000000  0.551261  0.547035  0.068130
4293  0.000000  0.711859  0.000000  0.550929  0.546695  0.068173
4294  0.000000  0.711445  0.000000  0.550598  0.546356  0.068216
4295  0.000000  0.711031  0.000000  0.550266  0.546016  0.068258
4296  0.000000  0.710617  0.000000  0.549935  0.545677  0.068301
4297  0.000000  0.710203  0.000000  0.549603  0.545337  0.068344
4298  0.000000  0.709789  0.000000  0.549271  0.544998  0.068386
4299  0.000000  0.709375  0.000000  0.548940  0.544658  0.068429
4300  0.000000  0.708960  0.000000  0.548608  0.544318  0.068472
4301  0.000000  0.708545  0.000000  0.548276  0.543979  0.068515
4302  0.000000  0.708131  0.000000  0.547945  0.543639  0.068558
4303  0.000000  0.707716  0.000000  0.547613  0.543299  0.068601
4304  0.000000  0.707301  0.000000  0.547281  0.542959  0.068643
4305  0.000000  0.706885  0.000000  0.546949  0.542619  0.068686
4306  0.000000  0.706470  0.000000  0.546617  0.542279  0.068729
4307  0.000000  0.706055  0.000000  0.546285  0.541939  0.068772
4308  0.000000  0.705639  0.000000  0.545954  0.541599  0.068815
4309  0.000000  0.705223  0.000000  0.545622  0.541259  0.068858
4310  0.000000  0.704807  0.000000  0.545290  0.540919  0.068901
4311  0.000000  0.704391  0.000000  0.544958  0.540579  0.068945
4312  0.000000  0.703975  0.000000  0.544626  0.540239  0.068988
4313  0.000000  0.703559  0.000000  0.544294  0.539898  0.069031
4314  0.000000  0.703143  0.000000  0.543962  0.539558  0.069074
4315  0.000000  0.702726  0.000000  0.543630  0.539218  0.069117
4316  0.000000  0.702309  0.000000  0.543297  0.538878  0.069160
4317  0.000000  0.701892  0.000000  0.542965  0.538537  0.069204
4318  0.000000  0.701476  0.000000  0.542633  0.538197  0.069247
4319  0.000000  0.701058  0.000000  0.542301  0.537856  0.069290
4320  0.000000  0.700641  0.000000  0.541969  0.537516  0.069334
4321  0.000000  0.700224  0.000000  0.541637  0.537175  0.069377
4322  0.000000  0.699806  0.000000  0.541304  0.536835  0.069420
4323  0.000000  0.699389  0.000000  0.540972  0.536494  0.069464
4324  0.000000  0.698971  0.000000  0.540640  0.536153  0.069507
4325  0.000000  0.698553  0.000000  0.540308  0.535812  0.069551
4326  0.000000  0.698135  0.000000  0.539975  0.535472  0.069594
4327  0.000000  0.697717  0.000000  0.539643  0.535131  0.069638
4328  0.000000  0.697298  0.000000  0.539311  0.534790  0.069681
4329  0.000000  0.696880  0.000000  0.538978  0.534449  0.069725
4330  0.000000  0.696461  0.000000  0.538646  0.534108  0.069769
4331  0.000000  0.696042  0.000000  0.538313  0.533767  0.069812
4332  0.000000  0.695623  0.000000  0.537981  0.533426  0.069856
4333  0.000000  0.695204  0.000000  0.537648  0.533085  0.069900
4334  0.000000  0.694785  0.000000  0.537316  0.532744  0.069944
4335  0.000000  0.694366  0.000000  0.536983  0.532403  0.069987
4336  0.000000  0.693946  0.000000  0.536651  0.532062  0.070031
4337  0.000000  0.693527  0.000000  0.536318  0.531721  0.070075
4338  0.000000  0.693107  0.000000  0.535986  0.531379  0.070119
4339  0.000000  0.692687  0.000000  0.535653  0.531038  0.070163
4340  0.000000  0.692267  0.000000  0.535321  0.530697  0.070207
4341  0.000000  0.691847  0.000000  0.534988  0.530355  0.070251
4342  0.000000  0.691427  0.000000  0.534655  0.530014  0.070295
4343  0.000000  0.691006  0.000000  0.534323  0.529673  0.070339
4344  0.000000  0.690586  0.000000  0.533990  0.529331  0.070383
4345  0.000000  0.690165  0.000000  0.533657  0.528990  0.070427
4346  0.000000  0.689744  0.000000  0.533324  0.528648  0.070471
4347  0.000000  0.689323  0.000000  0.532992  0.528306  0.070515
4348  0.000000  0.688902  0.000000  0.532659  0.527965  0.070559
4349  0.000000  0.688481  0.000000  0.532326  0.527623  0.070603
4350  0.000000  0.688060  0.000000  0.531993  0.527281  0.070647
4351  0.000000  0.687638  0.000000  0.531660  0.526940  0.070692
4352  0.000000  0.687216  0.000000  0.531327  0.526598  0.070736
4353  0.000000  0.686795  0.000000  0.530994  0.526256  0.070780
4354  0.000000  0.686373  0.000000  0.530662  0.525914  0.070825
4355  0.000000  0.685951  0.000000  0.530329  0.525572  0.070869
4356  0.000000  0.685528  0.000000  0.529996  0.525230  0.070913
4357  0.000000  0.685106  0.000000  0.529663  0.524888  0.070958
4358  0.000000  0.684684  0.000000  0.529330  0.524546  0.071002
4359  0.000000  0.684261  0.000000  0.528997  0.524204  0.071047
4360  0.000000  0.683838  0.000000  0.528664  0.523862  0.071091
4361  0.000000  0.683415  0.000000  0.528331  0.523520  0.071136
4362  0.000000  0.682992  0.000000  0.527998  0.523178  0.071180
4363  0.000000  0.682569  0.000000  0.527664  0.522835  0.071225
4364  0.000000  0.682146  0.000000  0.527331  0.522493  0.071269
4365  0.000000  0.681722  0.000000  0.526998  0.522151  0.071314
4366  0.000000  0.681299  0.000000  0.526665  0.521808  0.071359
4367  0.000000  0.680875  0.000000  0.526332  0.521466  0.071404
4368  0.000000  0.680451  0.000000  0.525999  0.521124  0.071448
4369  0.000000  0.680027  0.000000  0.525665  0.520781  0.071493
4370  0.000000  0.679603  0.000000  0.525332  0.520439  0.071538
4371  0.000000  0.679178  0.000000  0.524999  0.520096  0.071583
4372  0.000000  0.678754  0.000000  0.524666  0.519753  0.071628
4373  0.000000  0.678329  0.000000  0.524332  0.519411  0.071672
4374  0.000000  0.677905  0.000000  0.523999  0.519068  0.071717
4375  0.000000  0.677480  0.000000  0.523666  0.518725  0.071762
4376  0.000000  0.677055  0.000000  0.523332  0.518383  0.071807
4377  0.000000  0.676630  0.000000  0.522999  0.518040  0.071852
4378  0.000000  0.676204  0.000000  0.522666  0.517697  0.071897
4379  0.000000  0.675779  0.000000  0.522332  0.517354  0.071942
4380  0.000000  0.675353  0.000000  0.521999  0.517011  0.071987
4381  0.000000  0.674928  0.000000  0.521665  0.516668  0.072033
4382  0.000000  0.674502  0.000000  0.521332  0.516325  0.072078
4383  0.000000  0.674076  0.000000  0.520999  0.515982  0.072123
4384  0.000000  0.673650  0.000000  0.520665  0.515639  0.072168
4385  0.000000  0.673223  0.000000  0.520332  0.515296  0.072213
4386  0.000000  0.672797  0.000000  0.519998  0.514953  0.072259
4387  0.000000  0.672370  0.000000  0.519665  0.514610  0.072304
4388  0.000000  0.671944  0.000000  0.519331  0.514267  0.072349
4389  0.000000  0.671517  0.000000  0.518997  0.513923  0.072395
4390  0.000000  0.671090  0.000000  0.518664  0.513580  0.072440
4391  0.000000  0.670663  0.000000  0.518330  0.513237  0.072486
4392  0.000000  0.670236  0.000000  0.517997  0.512894  0.072531
4393  0.000000  0.669808  0.000000  0.517663  0.512550  0.072576
4394  0.000000  0.669381  0.000000  0.517329  0.512207  0.072622
4395  0.000000  0.668953  0.000000  0.516996  0.511863  0.072668
4396  0.000000  0.668525  0.000000  0.516662  0.511520  0.072713
4397  0.000000  0.668097  0.000000  0.516328  0.511176  0.072759
4398  0.000000  0.667669  0.000000  0.515995  0.510833  0.072804
4399  0.000000  0.667241  0.000000  0.515661  0.510489  0.072850
4400  0.000000  0.666813  0.000000  0.515327  0.510145  0.072896
4401  0.000000  0.666384  0.000000  0.514993  0.509802  0.072941
4402  0.000000  0.665955  0.000000  0.514659  0.509458  0.072987
4403  0.000000  0.665527  0.000000  0.514326  0.509114  0.073033
4404  0.000000  0.665098  0.000000  0.513992  0.508770  0.073079
4405  0.000000  0.664669  0.000000  0.513658  0.508426  0.073125
4406  0.000000  0.664239  0.000000  0.513324  0.508082  0.073171
4407  0.000000  0.663810  0.000000  0.512990  0.507739  0.073216
4408  0.000000  0.663380  0.000000  0.512656  0.507395  0.073262
4409  0.000000  0.662951  0.000000  0.512323  0.507051  0.073308
4410  0.000000  0.662521  0.000000  0.511989  0.506707  0.073354
4411  0.000000  0.662091  0.000000  0.511655  0.506362  0.073400
4412  0.000000  0.661661  0.000000  0.511321  0.506018  0.073447
4413  0.000000  0.661231  0.000000  0.510987  0.505674  0.073493
4414  0.000000  0.660800  0.000000  0.510653  0.505330  0.073539
4415  0.000000  0.660370  0.000000  0.510319  0.504986  0.073585
4416  0.000000  0.659939  0.000000  0.509985  0.504642  0.073631
4417  0.000000  0.659509  0.000000  0.509651  0.504297  0.073677
4418  0.000000  0.659078  0.000000  0.509317  0.503953  0.073724
4419  0.000000  0.658647  0.000000  0.508983  0.503608  0.073770
4420  0.000000  0.658215  0.000000  0.508649  0.503264  0.073816
4421  0.000000  0.657784  0.000000  0.508315  0.502920  0.073862
4422  0.000000  0.657353  0.000000  0.507981  0.502575  0.073909
4423  0.000000  0.656921  0.000000  0.507646  0.502231  0.073955
4424  0.000000  0.656489  0.000000  0.507312  0.501886  0.074002
4425  0.000000  0.656057  0.000000  0.506978  0.501541  0.074048
4426  0.000000  0.655625  0.000000  0.506644  0.501197  0.074095
4427  0.000000  0.655193  0.000000  0.506310  0.500852  0.074141
4428  0.000000  0.654761  0.000000  0.505976  0.500507  0.074188
4429  0.000000  0.654328  0.000000  0.505642  0.500163  0.074234
4430  0.000000  0.653895  0.000000  0.505307  0.499818  0.074281
4431  0.000000  0.653463  0.000000  0.504973  0.499473  0.074328
4432  0.000000  0.653030  0.000000  0.504639  0.499128  0.074374
4433  0.000000  0.652597  0.000000  0.504305  0.498783  0.074421
4434  0.000000  0.652164  0.000000  0.503971  0.498438  0.074468
4435  0.000000  0.651730  0.000000  0.503636  0.498093  0.074515
4436  0.000000  0.651297  0.000000  0.503302  0.497748  0.074561
4437  0.000000  0.650863  0.000000  0.502968  0.497403  0.074608
4438  0.000000  0.650429  0.000000  0.502633  0.497058  0.074655
4439  0.000000  0.649995  0.000000  0.502299  0.496713  0.074702
4440  0.000000  0.649561  0.000000  0.501965  0.496368  0.074749
4441  0.000000  0.649127  0.000000  0.501630  0.496023  0.074796
4442  0.000000  0.648693  0.000000  0.501296  0.495678  0.074843
4443  0.000000  0.648258  0.000000  0.500962  0.495332  0.074890
4444  0.000000  0.647824  0.000000  0.500627  0.494987  0.074937
4445  0.000000  0.647389  0.000000  0.500293  0.494642  0.074984
4446  0.000000  0.646954  0.000000  0.499959  0.494296  0.075031
4447  0.000000  0.646519  0.000000  0.499624  0.493951  0.075078
4448  0.000000  0.646084  0.000000  0.499290  0.493606  0.075125
4449  0.000000  0.645648  0.000000  0.498955  0.493260  0.075173
4450  0.000000  0.645213  0.000000  0.498621  0.492915  0.075220
4451  0.000000  0.644777  0.000000  0.498286  0.492569  0.075267
4452  0.000000  0.644341  0.000000  0.497952  0.492223  0.075315
4453  0.000000  0.643906  0.000000  0.497618  0.491878  0.075362
4454  0.000000  0.643469  0.000000  0.497283  0.491532  0.075409
4455  0.000000  0.643033  0.000000  0.496949  0.491187  0.075457
4456  0.000000  0.642597  0.000000  0.496614  0.490841  0.075504
4457  0.000000  0.642160  0.000000  0.496280  0.490495  0.075552
4458  0.000000  0.641724  0.000000  0.495945  0.490149  0.075599
4459  0.000000  0.641287  0.000000  0.495611  0.489803  0.075647
4460  0.000000  0.640850  0.000000  0.495276  0.489458  0.075694
4461  0.000000  0.640413  0.000000  0.494941  0.489112  0.075742
4462  0.000000  0.639976  0.000000  0.494607  0.488766  0.075789
4463  0.000000  0.639538  0.000000  0.494272  0.488420  0.075837
4464  0.000000  0.639101  0.000000  0.493938  0.488074  0.075885
4465  0.000000  0.638663  0.000000  0.493603  0.487728  0.075933
4466  0.000000  0.638225  0.000000  0.493268  0.487382  0.075980
4467  0.000000  0.637787  0.000000  0.492934  0.487035  0.076028
4468  0.000000  0.637349  0.000000  0.492599  0.486689  0.076076
4469  0.000000  0.636911  0.000000  0.492265  0.486343  0.076124
4470  0.000000  0.636473  0.000000  0.491930  0.485997  0.076172
4471  0.000000  0.636034  0.000000  0.491595  0.485651  0.076220
4472  0.000000  0.635595  0.000000  0.491261  0.485304  0.076268
4473  0.000000  0.635157  0.000000  0.490926  0.484958  0.076316
4474  0.000000  0.634718  0.000000  0.490591  0.484612  0.076364
4475  0.000000  0.634279  0.000000  0.490257  0.484265  0.076412
4476  0.000000  0.633839  0.000000  0.489922  0.483919  0.076460
4477  0.000000  0.633400  0.000000  0.489587  0.483572  0.076508
4478  0.000000  0.632960  0.000000  0.489253  0.483226  0.076556
4479  0.000000  0.632521  0.000000  0.488918  0.482879  0.076604
4480  0.000000  0.632081  0.000000  0.488583  0.482533  0.076652
4481  0.000000  0.631641  0.000000  0.488248  0.482186  0.076701
4482  0.000000  0.631201  0.000000  0.487914  0.481840  0.076749
4483  0.000000  0.630760  0.000000  0.487579  0.481493  0.076797
4484  0.000000  0.630320  0.000000  0.487244  0.481146  0.076845
4485  0.000000  0.629879  0.000000  0.486909  0.480799  0.076894
4486  0.000000  0.629439  0.000000  0.486575  0.480453  0.076942
4487  0.000000  0.628998  0.000000  0.486240  0.480106  0.076991
4488  0.000000  0.628557  0.000000  0.485905  0.479759  0.077039
4489  0.000000  0.628116  0.000000  0.485570  0.479412  0.077088
4490  0.000000  0.627674  0.000000  0.485235  0.479065  0.077136
4491  0.000000  0.627233  0.000000  0.484901  0.478718  0.077185
4492  0.000000  0.626791  0.000000  0.484566  0.478371  0.077233
4493  0.000000  0.626349  0.000000  0.484231  0.478024  0.077282
4494  0.000000  0.625908  0.000000  0.483896  0.477677  0.077331
4495  0.000000  0.625465  0.000000  0.483561  0.477330  0.077379
4496  0.000000  0.625023  0.000000  0.483226  0.476983  0.077428
4497  0.000000  0.624581  0.000000  0.482892  0.476636  0.077477
4498  0.000000  0.624138  0.000000  0.482557  0.476289  0.077526
4499  0.000000  0.623696  0.000000  0.482222  0.475941  0.077575
4500  0.000000  0.623253  0.000000  0.481887  0.475594  0.077623
4501  0.000000  0.622810  0.000000  0.481552  0.475247  0.077672
4502  0.000000  0.622367  0.000000  0.481217  0.474899  0.077721
4503  0.000000  0.621924  0.000000  0.480882  0.474552  0.077770
4504  0.000000  0.621480  0.000000  0.480548  0.474205  0.077819
4505  0.000000  0.621037  0.000000  0.480213  0.473857  0.077868
4506  0.000000  0.620593  0.000000  0.479878  0.473510  0.077917
4507  0.000000  0.620149  0.000000  0.479543  0.473162  0.077966
4508  0.000000  0.619705  0.000000  0.479208  0.472815  0.078016
4509  0.000000  0.619261  0.000000  0.478873  0.472467  0.078065
4510  0.000000  0.618817  0.000000  0.478538  0.472120  0.078114
4511  0.000000  0.618373  0.000000  0.478203  0.471772  0.078163
4512  0.000000  0.617928  0.000000  0.477868  0.471424  0.078212
4513  0.000000  0.617483  0.000000  0.477533  0.471077  0.078262
4514  0.000000  0.617038  0.000000  0.477198  0.470729  0.078311
4515  0.000000  0.616593  0.000000  0.476863  0.470381  0.078360
4516  0.000000  0.616148  0.000000  0.476529  0.470033  0.078410
4517  0.000000  0.615703  0.000000  0.476194  0.469686  0.078459
4518  0.000000  0.615257  0.000000  0.475859  0.469338  0.078509
4519  0.000000  0.614812  0.000000  0.475524  0.468990  0.078558
4520  0.000000  0.614366  0.000000  0.475189  0.468642  0.078608
4521  0.000000  0.613920  0.000000  0.474854  0.468294  0.078657
4522  0.000000  0.613474  0.000000  0.474519  0.467946  0.078707
4523  0.000000  0.613028  0.000000  0.474184  0.467598  0.078757
4524  0.000000  0.612581  0.000000  0.473849  0.467250  0.078806
4525  0.000000  0.612135  0.000000  0.473514  0.466902  0.078856
4526  0.000000  0.611688  0.000000  0.473179  0.466554  0.078906
4527  0.000000  0.611241  0.000000  0.472844  0.466205  0.078955
4528  0.000000  0.610794  0.000000  0.472509  0.465857  0.079005
4529  0.000000  0.610347  0.000000  0.472174  0.465509  0.079055
4530  0.000000  0.609900  0.000000  0.471839  0.465161  0.079105
4531  0.000000  0.609453  0.000000  0.471504  0.464812  0.079155
4532  0.000000  0.609005  0.000000  0.471169  0.464464  0.079205
4533  0.000000  0.608557  0.000000  0.470834  0.464116  0.079255
4534  0.000000  0.608109  0.000000  0.470499  0.463767  0.079305
4535  0.000000  0.607661  0.000000  0.470164  0.463419  0.079355
4536  0.000000  0.607213  0.000000  0.469829  0.463070  0.079405
4537  0.000000  0.606765  0.000000  0.469494  0.462722  0.079455
4538  0.000000  0.606316  0.000000  0.469159  0.462373  0.079505
4539  0.000000  0.605868  0.000000  0.468824  0.462025  0.079555
4540  0.000000  0.605419  0.000000  0.468489  0.461676  0.079606
4541  0.000000  0.604970  0.000000  0.468154  0.461328  0.079656
4542  0.000000  0.604521  0.000000  0.467819  0.460979  0.079706
4543  0.000000  0.604072  0.000000  0.467484  0.460630  0.079756
4544  0.000000  0.603622  0.000000  0.467149  0.460282  0.079807
4545  0.000000  0.603173  0.000000  0.466814  0.459933  0.079857
4546  0.000000  0.602723  0.000000  0.466479  0.459584  0.079908
4547  0.000000  0.602273  0.000000  0.466144  0.459235  0.079958
4548  0.000000  0.601823  0.000000  0.465809  0.458886  0.080008
4549  0.000000  0.601373  0.000000  0.465474  0.458538  0.080059
4550  0.000000  0.600923  0.000000  0.465139  0.458189  0.080110
4551  0.000000  0.600472  0.000000  0.464804  0.457840  0.080160
4552  0.000000  0.600022  0.000000  0.464469  0.457491  0.080211
4553  0.000000  0.599571  0.000000  0.464134  0.457142  0.080261
4554  0.000000  0.599120  0.000000  0.463799  0.456793  0.080312
4555  0.000000  0.598669  0.000000  0.463464  0.456444  0.080363
4556  0.000000  0.598218  0.000000  0.463129  0.456094  0.080414
4557  0.000000  0.597766  0.000000  0.462794  0.455745  0.080464
4558  0.000000  0.597315  0.000000  0.462459  0.455396  0.080515
4559  0.000000  0.596863  0.000000  0.462124  0.455047  0.080566
4560  0.000000  0.596411  0.000000  0.461789  0.454698  0.080617
4561  0.000000  0.595959  0.000000  0.461454  0.454349  0.080668
4562  0.000000  0.595507  0.000000  0.461119  0.453999  0.080719
4563  0.000000  0.595055  0.000000  0.460784  0.453650  0.080770
4564  0.000000  0.594602  0.000000  0.460449  0.453301  0.080821
4565  0.000000  0.594149  0.000000  0.460114  0.452951  0.080872
4566  0.000000  0.593697  0.000000  0.459779  0.452602  0.080923
4567  0.000000  0.593244  0.000000  0.459444  0.452252  0.080974
4568  0.000000  0.592791  0.000000  0.459109  0.451903  0.081025
4569  0.000000  0.592337  0.000000  0.458774  0.451553  0.081077
4570  0.000000  0.591884  0.000000  0.458439  0.451204  0.081128
4571  0.000000  0.591430  0.000000  0.458104  0.450854  0.081179
4572  0.000000  0.590977  0.000000  0.457769  0.450505  0.081231
4573  0.000000  0.590523  0.000000  0.457434  0.450155  0.081282
4574  0.000000  0.590069  0.000000  0.457099  0.449805  0.081333
4575  0.000000  0.589615  0.000000  0.456764  0.449456  0.081385
4576  0.000000  0.589160  0.000000  0.456430  0.449106  0.081436
4577  0.000000  0.588706  0.000000  0.456095  0.448756  0.081488
4578  0.000000  0.588251  0.000000  0.455760  0.448406  0.081539
4579  0.000000  0.587796  0.000000  0.455425  0.448056  0.081591
4580  0.000000  0.587341  0.000000  0.455090  0.447707  0.081642
4581  0.000000  0.586886  0.000000  0.454755  0.447357  0.081694
4582  0.000000  0.586431  0.000000  0.454420  0.447007  0.081746
4583  0.000000  0.585975  0.000000  0.454085  0.446657  0.081797
4584  0.000000  0.585520  0.000000  0.453750  0.446307  0.081849
4585  0.000000  0.585064  0.000000  0.453415  0.445957  0.081901
4586  0.000000  0.584608  0.000000  0.453080  0.445607  0.081953
4587  0.000000  0.584152  0.000000  0.452745  0.445257  0.082005
4588  0.000000  0.583696  0.000000  0.452411  0.444907  0.082057
4589  0.000000  0.583239  0.000000  0.452076  0.444557  0.082108
4590  0.000000  0.582783  0.000000  0.451741  0.444206  0.082160
4591  0.000000  0.582326  0.000000  0.451406  0.443856  0.082212
4592  0.000000  0.581869  0.000000  0.451071  0.443506  0.082264
4593  0.000000  0.581412  0.000000  0.450736  0.443156  0.082317
4594  0.000000  0.580955  0.000000  0.450401  0.442806  0.082369
4595  0.000000  0.580498  0.000000  0.450066  0.442455  0.082421
4596  0.000000  0.580040  0.000000  0.449732  0.442105  0.082473
4597  0.000000  0.579583  0.000000  0.449397  0.441754  0.082525
4598  0.000000  0.579125  0.000000  0.449062  0.441404  0.082577
4599  0.000000  0.578667  0.000000  0.448727  0.441054  0.082630
4600  0.000000  0.578209  0.000000  0.448392  0.440703  0.082682
4601  0.000000  0.577750  0.000000  0.448057  0.440353  0.082734
4602  0.000000  0.577292  0.000000  0.447723  0.440002  0.082787
4603  0.000000  0.576833  0.000000  0.447388  0.439652  0.082839
4604  0.000000  0.576374  0.000000  0.447053  0.439301  0.082892
4605  0.000000  0.575916  0.000000  0.446718  0.438950  0.082944
4606  0.000000  0.575456  0.000000  0.446384  0.438600  0.082997
4607  0.000000  0.574997  0.000000  0.446049  0.438249  0.083049
4608  0.000000  0.574538  0.000000  0.445714  0.437898  0.083102
4609  0.000000  0.574078  0.000000  0.445379  0.437548  0.083155
4610  0.000000  0.573618  0.000000  0.445045  0.437197  0.083207
4611  0.000000  0.573158  0.000000  0.444710  0.436846  0.083260
4612  0.000000  0.572698  0.000000  0.444375  0.436495  0.083313
4613  0.000000  0.572238  0.000000  0.444040  0.436145  0.083365
4614  0.000000  0.571778  0.000000  0.443706  0.435794  0.083418
4615  0.000000  0.571317  0.000000  0.443371  0.435443  0.083471
4616  0.000000  0.570856  0.000000  0.443036  0.435092  0.083524
4617  0.000000  0.570396  0.000000  0.442702  0.434741  0.083577
4618  0.000000  0.569934  0.000000  0.442367  0.434390  0.083630
4619  0.000000  0.569473  0.000000  0.442032  0.434039  0.083683
4620  0.000000  0.569012  0.000000  0.441698  0.433688  0.083736
4621  0.000000  0.568550  0.000000  0.441363  0.433337  0.083789
4622  0.000000  0.568089  0.000000  0.441028  0.432986  0.083842
4623  0.000000  0.567627  0.000000  0.440694  0.432634  0.083895
4624  0.000000  0.567165  0.000000  0.440359  0.432283  0.083949
4625  0.000000  0.566702  0.000000  0.440025  0.431932  0.084002
4626  0.000000  0.566240  0.000000  0.439690  0.431581  0.084055
4627  0.000000  0.565778  0.000000  0.439355  0.431230  0.084108
4628  0.000000  0.565315  0.000000  0.439021  0.430878  0.084162
4629  0.000000  0.564852  0.000000  0.438686  0.430527  0.084215
4630  0.000000  0.564389  0.000000  0.438352  0.430176  0.084268
4631  0.000000  0.563926  0.000000  0.438017  0.429824  0.084322
4632  0.000000  0.563462  0.000000  0.437683  0.429473  0.084375
4633  0.000000  0.562999  0.000000  0.437348  0.429122  0.084429
4634  0.000000  0.562535  0.000000  0.437014  0.428770  0.084483
4635  0.000000  0.562071  0.000000  0.436679  0.428419  0.084536
4636  0.000000  0.561607  0.000000  0.436345  0.428067  0.084590
4637  0.000000  0.561143  0.000000  0.436010  0.427716  0.084643
4638  0.000000  0.560679  0.000000  0.435676  0.427364  0.084697
4639  0.000000  0.560214  0.000000  0.435342  0.427012  0.084751
4640  0.000000  0.559750  0.000000  0.435007  0.426661  0.084805
4641  0.000000  0.559285  0.000000  0.434673  0.426309  0.084859
4642  0.000000  0.558820  0.000000  0.434338  0.425957  0.084912
4643  0.000000  0.558354  0.000000  0.434004  0.425606  0.084966
4644  0.000000  0.557889  0.000000  0.433670  0.425254  0.085020
4645  0.000000  0.557424  0.000000  0.433335  0.424902  0.085074
4646  0.000000  0.556958  0.000000  0.433001  0.424550  0.085128
4647  0.000000  0.556492  0.000000  0.432667  0.424199  0.085182
4648  0.000000  0.556026  0.000000  0.432332  0.423847  0.085236
4649  0.000000  0.555560  0.000000  0.431998  0.423495  0.085290
4650  0.000000  0.555093  0.000000  0.431664  0.423143  0.085345
4651  0.000000  0.554627  0.000000  0.431330  0.422791  0.085399
4652  0.000000  0.554160  0.000000  0.430995  0.422439  0.085453
4653  0.000000  0.553693  0.000000  0.430661  0.422087  0.085507
4654  0.000000  0.553226  0.000000  0.430327  0.421735  0.085562
4655  0.000000  0.552759  0.000000  0.429993  0.421383  0.085616
4656  0.000000  0.552292  0.000000  0.429659  0.421031  0.085670
4657  0.000000  0.551824  0.000000  0.429324  0.420679  0.085725
4658  0.000000  0.551356  0.000000  0.428990  0.420327  0.085779
4659  0.000000  0.550888  0.000000  0.428656  0.419975  0.085834
4660  0.000000  0.550420  0.000000  0.428322  0.419622  0.085888
4661  0.000000  0.549952  0.000000  0.427988  0.419270  0.085943
4662  0.000000  0.549484  0.000000  0.427654  0.418918  0.085997
4663  0.000000  0.549015  0.000000  0.427320  0.418566  0.086052
4664  0.000000  0.548546  0.000000  0.426986  0.418213  0.086107
4665  0.000000  0.548077  0.000000  0.426652  0.417861  0.086162
4666  0.000000  0.547608  0.000000  0.426318  0.417509  0.086216
4667  0.000000  0.547139  0.000000  0.425984  0.417156  0.086271
4668  0.000000  0.546670  0.000000  0.425650  0.416804  0.086326
4669  0.000000  0.546200  0.000000  0.425316  0.416452  0.086381
4670  0.000000  0.545730  0.000000  0.424982  0.416099  0.086436
4671  0.000000  0.545260  0.000000  0.424648  0.415747  0.086491
4672  0.000000  0.544790  0.000000  0.424314  0.415394  0.086546
4673  0.000000  0.544320  0.000000  0.423980  0.415042  0.086601
4674  0.000000  0.543849  0.000000  0.423646  0.414689  0.086656
4675  0.000000  0.543378  0.000000  0.423313  0.414337  0.086711
4676  0.000000  0.542908  0.000000  0.422979  0.413984  0.086766
4677  0.000000  0.542437  0.000000  0.422645  0.413631  0.086821
4678  0.000000  0.541965  0.000000  0.422311  0.413279  0.086877
4679  0.000000  0.541494  0.000000  0.421977  0.412926  0.086932
4680  0.000000  0.541022  0.000000  0.421644  0.412573  0.086987
4681  0.000000  0.540551  0.000000  0.421310  0.412220  0.087042
4682  0.000000  0.540079  0.000000  0.420976  0.411868  0.087098
4683  0.000000  0.539607  0.000000  0.420643  0.411515  0.087153
4684  0.000000  0.539135  0.000000  0.420309  0.411162  0.087209
4685  0.000000  0.538662  0.000000  0.419975  0.410809  0.087264
4686  0.000000  0.538189  0.000000  0.419642  0.410456  0.087320
4687  0.000000  0.537717  0.000000  0.419308  0.410103  0.087375
4688  0.000000  0.537244  0.000000  0.418975  0.409751  0.087431
4689  0.000000  0.536771  0.000000  0.418641  0.409398  0.087487
4690  0.000000  0.536297  0.000000  0.418308  0.409045  0.087542
4691  0.000000  0.535824  0.000000  0.417974  0.408692  0.087598
4692  0.000000  0.535350  0.000000  0.417641  0.408339  0.087654
4693  0.000000  0.534876  0.000000  0.417307  0.407986  0.087710
4694  0.000000  0.534402  0.000000  0.416974  0.407632  0.087765
4695  0.000000  0.533928  0.000000  0.416640  0.407279  0.087821
4696  0.000000  0.533454  0.000000  0.416307  0.406926  0.087877
4697  0.000000  0.532979  0.000000  0.415973  0.406573  0.087933
4698  0.000000  0.532504  0.000000  0.415640  0.406220  0.087989
4699  0.000000  0.532029  0.000000  0.415307  0.405867  0.088045
4700  0.000000  0.531554  0.000000  0.414974  0.405513  0.088101
4701  0.000000  0.531079  0.000000  0.414640  0.405160  0.088158
4702  0.000000  0.530603  0.000000  0.414307  0.404807  0.088214
4703  0.000000  0.530128  0.000000  0.413974  0.404454  0.088270
4704  0.000000  0.529652  0.000000  0.413641  0.404100  0.088326
4705  0.000000  0.529176  0.000000  0.413307  0.403747  0.088382
4706  0.000000  0.528700  0.000000  0.412974  0.403393  0.088439
4707  0.000000  0.528223  0.000000  0.412641  0.403040  0.088495
4708  0.000000  0.527747  0.000000  0.412308  0.402687  0.088552
4709  0.000000  0.527270  0.000000  0.411975  0.402333  0.088608
4710  0.000000  0.526793  0.000000  0.411642  0.401980  0.088664
4711  0.000000  0.526316  0.000000  0.411309  0.401626  0.088721
4712  0.000000  0.525839  0.000000  0.410976  0.401273  0.088778
4713  0.000000  0.525361  0.000000  0.410643  0.400919  0.088834
4714  0.000000  0.524883  0.000000  0.410310  0.400565  0.088891
4715  0.000000  0.524406  0.000000  0.409977  0.400212  0.088947
4716  0.000000  0.523927  0.000000  0.409644  0.399858  0.089004
4717  0.000000  0.523449  0.000000  0.409311  0.399505  0.089061
4718  0.000000  0.522971  0.000000  0.408978  0.399151  0.089118
4719  0.000000  0.522492  0.000000  0.408646  0.398797  0.089175
4720  0.000000  0.522013  0.000000  0.408313  0.398443  0.089231
4721  0.000000  0.521534  0.000000  0.407980  0.398090  0.089288
4722  0.000000  0.521055  0.000000  0.407647  0.397736  0.089345
4723  0.000000  0.520576  0.000000  0.407315  0.397382  0.089402
4724  0.000000  0.520096  0.000000  0.406982  0.397028  0.089459
4725  0.000000  0.519617  0.000000  0.406649  0.396674  0.089516
4726  0.000000  0.519137  0.000000  0.406317  0.396321  0.089574
4727  0.000000  0.518657  0.000000  0.405984  0.395967  0.089631
4728  0.000000  0.518176  0.000000  0.405652  0.395613  0.089688
4729  0.000000  0.517696  0.000000  0.405319  0.395259  0.089745
4730  0.000000  0.517215  0.000000  0.404987  0.394905  0.089802
4731  0.000000  0.516734  0.000000  0.404654  0.394551  0.089860
4732  0.000000  0.516253  0.000000  0.404322  0.394197  0.089917
4733  0.000000  0.515772  0.000000  0.403989  0.393843  0.089975
4734  0.000000  0.515291  0.000000  0.403657  0.393489  0.090032
4735  0.000000  0.514809  0.000000  0.403325  0.393134  0.090089
4736  0.000000  0.514327  0.000000  0.402992  0.392780  0.090147
4737  0.000000  0.513845  0.000000  0.402660  0.392426  0.090205
4738  0.000000  0.513363  0.000000  0.402328  0.392072  0.090262
4739  0.000000  0.512881  0.000000  0.401996  0.391718  0.090320
4740  0.000000  0.512398  0.000000  0.401664  0.391364  0.090378
4741  0.000000  0.511915  0.000000  0.401331  0.391009  0.090435
4742  0.000000  0.511432  0.000000  0.400999  0.390655  0.090493
4743  0.000000  0.510949  0.000000  0.400667  0.390301  0.090551
4744  0.000000  0.510466  0.000000  0.400335  0.389947  0.090609
4745  0.000000  0.509982  0.000000  0.400003  0.389592  0.090667
4746  0.000000  0.509498  0.000000  0.399671  0.389238  0.090725
4747  0.000000  0.509014  0.000000  0.399339  0.388883  0.090782
4748  0.000000  0.508530  0.000000  0.399007  0.388529  0.090841
4749  0.000000  0.508046  0.000000  0.398675  0.388175  0.090899
4750  0.000000  0.507561  0.000000  0.398344  0.387820  0.090957
4751  0.000000  0.507077  0.000000  0.398012  0.387466  0.091015
4752  0.000000  0.506592  0.000000  0.397680  0.387111  0.091073
4753  0.000000  0.506107  0.000000  0.397348  0.386757  0.091131
4754  0.000000  0.505621  0.000000  0.397017  0.386402  0.091189
4755  0.000000  0.505136  0.000000  0.396685  0.386048  0.091248
4756  0.000000  0.504650  0.000000  0.396353  0.385693  0.091306
4757  0.000000  0.504164  0.000000  0.396022  0.385338  0.091365
4758  0.000000  0.503678  0.000000  0.395690  0.384984  0.091423
4759  0.000000  0.503192  0.000000  0.395359  0.384629  0.091481
4760  0.000000  0.502705  0.000000  0.395027  0.384274  0.091540
4761  0.000000  0.502218  0.000000  0.394696  0.383920  0.091598
4762  0.000000  0.501732  0.000000  0.394364  0.383565  0.091657
4763  0.000000  0.501244  0.000000  0.394033  0.383210  0.091716
4764  0.000000  0.500757  0.000000  0.393701  0.382855  0.091774
4765  0.000000  0.500270  0.000000  0.393370  0.382501  0.091833
4766  0.000000  0.499782  0.000000  0.393039  0.382146  0.091892
4767  0.000000  0.499294  0.000000  0.392708  0.381791  0.091951
4768  0.000000  0.498806  0.000000  0.392376  0.381436  0.092010
4769  0.000000  0.498317  0.000000  0.392045  0.381081  0.092068
4770  0.000000  0.497829  0.000000  0.391714  0.380726  0.092127
4771  0.000000  0.497340  0.000000  0.391383  0.380371  0.092186
4772  0.000000  0.496851  0.000000  0.391052  0.380016  0.092245
4773  0.000000  0.496362  0.000000  0.390721  0.379661  0.092304
4774  0.000000  0.495873  0.000000  0.390390  0.379306  0.092363
4775  0.000000  0.495383  0.000000  0.390059  0.378951  0.092423
4776  0.000000  0.494893  0.000000  0.389728  0.378596  0.092482
4777  0.000000  0.494403  0.000000  0.389397  0.378241  0.092541
4778  0.000000  0.493913  0.000000  0.389067  0.377886  0.092600
4779  0.000000  0.493423  0.000000  0.388736  0.377531  0.092660
4780  0.000000  0.492932  0.000000  0.388405  0.377176  0.092719
4781  0.000000  0.492441  0.000000  0.388074  0.376821  0.092778
4782  0.000000  0.491950  0.000000  0.387744  0.376466  0.092838
4783  0.000000  0.491459  0.000000  0.387413  0.376111  0.092897
4784  0.000000  0.490968  0.000000  0.387083  0.375755  0.092957
4785  0.000000  0.490476  0.000000  0.386752  0.375400  0.093016
4786  0.000000  0.489984  0.000000  0.386422  0.375045  0.093076
4787  0.000000  0.489492  0.000000  0.386091  0.374690  0.093136
4788  0.000000  0.489000  0.000000  0.385761  0.374334  0.093195
4789  0.000000  0.488508  0.000000  0.385431  0.373979  0.093255
4790  0.000000  0.488015  0.000000  0.385100  0.373624  0.093315
4791  0.000000  0.487522  0.000000  0.384770  0.373268  0.093375
4792  0.000000  0.487029  0.000000  0.384440  0.372913  0.093434
4793  0.000000  0.486535  0.000000  0.384110  0.372557  0.093494
4794  0.000000  0.486042  0.000000  0.383780  0.372202  0.093554
4795  0.000000  0.485548  0.000000  0.383450  0.371847  0.093614
4796  0.000000  0.485054  0.000000  0.383119  0.371491  0.093674
4797  0.000000  0.484560  0.000000  0.382790  0.371136  0.093734
4798  0.000000  0.484066  0.000000  0.382460  0.370780  0.093794
4799  0.000000  0.483571  0.000000  0.382130  0.370425  0.093855
4800  0.000000  0.483076  0.000000  0.381800  0.370069  0.093915
4801  0.000000  0.482581  0.000000  0.381470  0.369714  0.093975
4802  0.000000  0.482086  0.000000  0.381140  0.369358  0.094035
4803  0.000000  0.481590  0.000000  0.380811  0.369002  0.094096
4804  0.000000  0.481095  0.000000  0.380481  0.368647  0.094156
4805  0.000000  0.480599  0.000000  0.380151  0.368291  0.094216
4806  0.000000  0.480102  0.000000  0.379822  0.367935  0.094277
4807  0.000000  0.479606  0.000000  0.379492  0.367580  0.094337
4808  0.000000  0.479110  0.000000  0.379163  0.367224  0.094398
4809  0.000000  0.478613  0.000000  0.378833  0.366868  0.094459
4810  0.000000  0.478116  0.000000  0.378504  0.366512  0.094519
4811  0.000000  0.477618  0.000000  0.378175  0.366157  0.094580
4812  0.000000  0.477121  0.000000  0.377845  0.365801  0.094641
4813  0.000000  0.476623  0.000000  0.377516  0.365445  0.094701
4814  0.000000  0.476125  0.000000  0.377187  0.365089  0.094762
4815  0.000000  0.475627  0.000000  0.376858  0.364733  0.094823
4816  0.000000  0.475129  0.000000  0.376529  0.364378  0.094884
4817  0.000000  0.474630  0.000000  0.376200  0.364022  0.094945
4818  0.000000  0.474131  0.000000  0.375871  0.363666  0.095006
4819  0.000000  0.473632  0.000000  0.375542  0.363310  0.095067
4820  0.000000  0.473133  0.000000  0.375213  0.362954  0.095128
4821  0.000000  0.472634  0.000000  0.374884  0.362598  0.095189
4822  0.000000  0.472134  0.000000  0.374555  0.362242  0.095250
4823  0.000000  0.471634  0.000000  0.374227  0.361886  0.095311
4824  0.000000  0.471134  0.000000  0.373898  0.361530  0.095373
4825  0.000000  0.470633  0.000000  0.373570  0.361174  0.095434
4826  0.000000  0.470133  0.000000  0.373241  0.360818  0.095495
4827  0.000000  0.469632  0.000000  0.372912  0.360462  0.095557
4828  0.000000  0.469131  0.000000  0.372584  0.360106  0.095618
4829  0.000000  0.468629  0.000000  0.372256  0.359749  0.095680
4830  0.000000  0.468128  0.000000  0.371927  0.359393  0.095741
4831  0.000000  0.467626  0.000000  0.371599  0.359037  0.095803
4832  0.000000  0.467124  0.000000  0.371271  0.358681  0.095864
4833  0.000000  0.466622  0.000000  0.370943  0.358325  0.095926
4834  0.000000  0.466119  0.000000  0.370614  0.357969  0.095988
4835  0.000000  0.465617  0.000000  0.370286  0.357612  0.096049
4836  0.000000  0.465114  0.000000  0.369958  0.357256  0.096111
4837  0.000000  0.464610  0.000000  0.369630  0.356900  0.096173
4838  0.000000  0.464107  0.000000  0.369303  0.356543  0.096235
4839  0.000000  0.463603  0.000000  0.368975  0.356187  0.096297
4840  0.000000  0.463099  0.000000  0.368647  0.355831  0.096359
4841  0.000000  0.462595  0.000000  0.368319  0.355475  0.096421
4842  0.000000  0.462091  0.000000  0.367992  0.355118  0.096483
4843  0.000000  0.461586  0.000000  0.367664  0.354762  0.096545
4844  0.000000  0.461081  0.000000  0.367336  0.354405  0.096607
4845  0.000000  0.460576  0.000000  0.367009  0.354049  0.096669
4846  0.000000  0.460071  0.000000  0.366681  0.353692  0.096731
4847  0.000000  0.459565  0.000000  0.366354  0.353336  0.096794
4848  0.000000  0.459059  0.000000  0.366027  0.352980  0.096856
4849  0.000000  0.458553  0.000000  0.365700  0.352623  0.096918
4850  0.000000  0.458047  0.000000  0.365372  0.352267  0.096981
4851  0.000000  0.457540  0.000000  0.365045  0.351910  0.097043
4852  0.000000  0.457034  0.000000  0.364718  0.351553  0.097106
4853  0.000000  0.456527  0.000000  0.364391  0.351197  0.097168
4854  0.000000  0.456019  0.000000  0.364064  0.350840  0.097231
4855  0.000000  0.455512  0.000000  0.363737  0.350484  0.097293
4856  0.000000  0.455004  0.000000  0.363410  0.350127  0.097356
4857  0.000000  0.454496  0.000000  0.363084  0.349770  0.097419
4858  0.000000  0.453988  0.000000  0.362757  0.349414  0.097481
4859  0.000000  0.453479  0.000000  0.362430  0.349057  0.097544
4860  0.000000  0.452970  0.000000  0.362104  0.348700  0.097607
4861  0.000000  0.452461  0.000000  0.361777  0.348344  0.097670
4862  0.000000  0.451952  0.000000  0.361451  0.347987  0.097733
4863  0.000000  0.451443  0.000000  0.361124  0.347630  0.097796
4864  0.000000  0.450933  0.000000  0.360798  0.347274  0.097859
4865  0.000000  0.450423  0.000000  0.360472  0.346917  0.097922
4866  0.000000  0.449912  0.000000  0.360146  0.346560  0.097985
4867  0.000000  0.449402  0.000000  0.359820  0.346203  0.098048
4868  0.000000  0.448891  0.000000  0.359493  0.345846  0.098112
4869  0.000000  0.448380  0.000000  0.359167  0.345489  0.098175
4870  0.000000  0.447869  0.000000  0.358842  0.345133  0.098238
4871  0.000000  0.447357  0.000000  0.358516  0.344776  0.098302
4872  0.000000  0.446845  0.000000  0.358190  0.344419  0.098365
4873  0.000000  0.446333  0.000000  0.357864  0.344062  0.098428
4874  0.000000  0.445821  0.000000  0.357539  0.343705  0.098492
4875  0.000000  0.445308  0.000000  0.357213  0.343348  0.098555
4876  0.000000  0.444795  0.000000  0.356887  0.342991  0.098619
4877  0.000000  0.444282  0.000000  0.356562  0.342634  0.098683
4878  0.000000  0.443769  0.000000  0.356237  0.342277  0.098746
4879  0.000000  0.443255  0.000000  0.355911  0.341920  0.098810
4880  0.000000  0.442741  0.000000  0.355586  0.341563  0.098874
4881  0.000000  0.442227  0.000000  0.355261  0.341206  0.098938
4882  0.000000  0.441713  0.000000  0.354936  0.340849  0.099002
4883  0.000000  0.441198  0.000000  0.354611  0.340492  0.099065
4884  0.000000  0.440683  0.000000  0.354286  0.340135  0.099129
4885  0.000000  0.440168  0.000000  0.353961  0.339778  0.099193
4886  0.000000  0.439652  0.000000  0.353636  0.339421  0.099257
4887  0.000000  0.439136  0.000000  0.353311  0.339063  0.099322
4888  0.000000  0.438620  0.000000  0.352987  0.338706  0.099386
4889  0.000000  0.438104  0.000000  0.352662  0.338349  0.099450
4890  0.000000  0.437587  0.000000  0.352337  0.337992  0.099514
4891  0.000000  0.437071  0.000000  0.352013  0.337635  0.099578
4892  0.000000  0.436553  0.000000  0.351689  0.337278  0.099643
4893  0.000000  0.436036  0.000000  0.351364  0.336920  0.099707
4894  0.000000  0.435518  0.000000  0.351040  0.336563  0.099772
4895  0.000000  0.435000  0.000000  0.350716  0.336206  0.099836
4896  0.000000  0.434482  0.000000  0.350392  0.335849  0.099901
4897  0.000000  0.433964  0.000000  0.350068  0.335491  0.099965
4898  0.000000  0.433445  0.000000  0.349744  0.335134  0.100030
4899  0.000000  0.432926  0.000000  0.349420  0.334777  0.100094
4900  0.000000  0.432406  0.000000  0.349096  0.334419  0.100159
4901  0.000000  0.431887  0.000000  0.348772  0.334062  0.100224
4902  0.000000  0.431367  0.000000  0.348449  0.333705  0.100289
4903  0.000000  0.430847  0.000000  0.348125  0.333347  0.100353
4904  0.000000  0.430326  0.000000  0.347802  0.332990  0.100418
4905  0.000000  0.429806  0.000000  0.347478  0.332632  0.100483
4906  0.000000  0.429284  0.000000  0.347155  0.332275  0.100548
4907  0.000000  0.428763  0.000000  0.346832  0.331917  0.100613
4908  0.000000  0.428242  0.000000  0.346509  0.331560  0.100678
4909  0.000000  0.427720  0.000000  0.346185  0.331203  0.100744
4910  0.000000  0.427197  0.000000  0.345862  0.330845  0.100809
4911  0.000000  0.426675  0.000000  0.345540  0.330488  0.100874
4912  0.000000  0.426152  0.000000  0.345217  0.330130  0.100939
4913  0.000000  0.425629  0.000000  0.344894  0.329773  0.101005
4914  0.000000  0.425106  0.000000  0.344571  0.329415  0.101070
4915  0.000000  0.424582  0.000000  0.344249  0.329057  0.101135
4916  0.000000  0.424058  0.000000  0.343926  0.328700  0.101201
4917  0.000000  0.423534  0.000000  0.343604  0.328342  0.101266
4918  0.000000  0.423010  0.000000  0.343281  0.327985  0.101332
4919  0.000000  0.422485  0.000000  0.342959  0.327627  0.101397
4920  0.000000  0.421960  0.000000  0.342637  0.327269  0.101463
4921  0.000000  0.421434  0.000000  0.342315  0.326912  0.101529
4922  0.000000  0.420909  0.000000  0.341993  0.326554  0.101595
4923  0.000000  0.420383  0.000000  0.341671  0.326197  0.101660
4924  0.000000  0.419856  0.000000  0.341349  0.325839  0.101726
4925  0.000000  0.419330  0.000000  0.341027  0.325481  0.101792
4926  0.000000  0.418803  0.000000  0.340706  0.325123  0.101858
4927  0.000000  0.418276  0.000000  0.340384  0.324766  0.101924
4928  0.000000  0.417748  0.000000  0.340062  0.324408  0.101990
4929  0.000000  0.417221  0.000000  0.339741  0.324050  0.102056
4930  0.000000  0.416692  0.000000  0.339420  0.323692  0.102122
4931  0.000000  0.416164  0.000000  0.339099  0.323335  0.102188
4932  0.000000  0.415635  0.000000  0.338777  0.322977  0.102255
4933  0.000000  0.415106  0.000000  0.338456  0.322619  0.102321
4934  0.000000  0.414577  0.000000  0.338135  0.322261  0.102387
4935  0.000000  0.414047  0.000000  0.337814  0.321903  0.102454
4936  0.000000  0.413517  0.000000  0.337494  0.321546  0.102520
4937  0.000000  0.412987  0.000000  0.337173  0.321188  0.102587
4938  0.000000  0.412457  0.000000  0.336852  0.320830  0.102653
4939  0.000000  0.411926  0.000000  0.336532  0.320472  0.102720
4940  0.000000  0.411394  0.000000  0.336211  0.320114  0.102786
4941  0.000000  0.410863  0.000000  0.335891  0.319756  0.102853
4942  0.000000  0.410331  0.000000  0.335571  0.319398  0.102920
4943  0.000000  0.409799  0.000000  0.335251  0.319040  0.102986
4944  0.000000  0.409267  0.000000  0.334931  0.318682  0.103053
4945  0.000000  0.408734  0.000000  0.334611  0.318325  0.103120
4946  0.000000  0.408201  0.000000  0.334291  0.317967  0.103187
4947  0.000000  0.407667  0.000000  0.333971  0.317609  0.103254
4948  0.000000  0.407134  0.000000  0.333651  0.317251  0.103321
4949  0.000000  0.406599  0.000000  0.333332  0.316893  0.103388
4950  0.000000  0.406065  0.000000  0.333012  0.316535  0.103455
4951  0.000000  0.405530  0.000000  0.332693  0.316177  0.103522
4952  0.000000  0.404995  0.000000  0.332374  0.315819  0.103590
4953  0.000000  0.404460  0.000000  0.332054  0.315460  0.103657
4954  0.000000  0.403924  0.000000  0.331735  0.315102  0.103724
4955  0.000000  0.403388  0.000000  0.331416  0.314744  0.103792
4956  0.000000  0.402852  0.000000  0.331097  0.314386  0.103859
4957  0.000000  0.402315  0.000000  0.330778  0.314028  0.103926
4958  0.000000  0.401778  0.000000  0.330460  0.313670  0.103994
4959  0.000000  0.401241  0.000000  0.330141  0.313312  0.104061
4960  0.000000  0.400703  0.000000  0.329823  0.312954  0.104129
4961  0.000000  0.400165  0.000000  0.329504  0.312596  0.104197
4962  0.000000  0.399627  0.000000  0.329186  0.312238  0.104264
4963  0.000000  0.399088  0.000000  0.328868  0.311879  0.104332
4964  0.000000  0.398549  0.000000  0.328550  0.311521  0.104400
4965  0.000000  0.398010  0.000000  0.328232  0.311163  0.104468
4966  0.000000  0.397470  0.000000  0.327914  0.310805  0.104536
4967  0.000000  0.396930  0.000000  0.327596  0.310447  0.104604
4968  0.000000  0.396389  0.000000  0.327278  0.310088  0.104672
4969  0.000000  0.395849  0.000000  0.326961  0.309730  0.104740
4970  0.000000  0.395308  0.000000  0.326643  0.309372  0.104808
4971  0.000000  0.394766  0.000000  0.326326  0.309014  0.104876
4972  0.000000  0.394224  0.000000  0.326008  0.308655  0.104944
4973  0.000000  0.393682  0.000000  0.325691  0.308297  0.105013
4974  0.000000  0.393140  0.000000  0.325374  0.307939  0.105081
4975  0.000000  0.392597  0.000000  0.325057  0.307581  0.105149
4976  0.000000  0.392054  0.000000  0.324740  0.307222  0.105218
4977  0.000000  0.391510  0.000000  0.324424  0.306864  0.105286
4978  0.000000  0.390966  0.000000  0.324107  0.306506  0.105355
4979  0.000000  0.390422  0.000000  0.323791  0.306147  0.105423
4980  0.000000  0.389877  0.000000  0.323474  0.305789  0.105492
4981  0.000000  0.389332  0.000000  0.323158  0.305431  0.105560
4982  0.000000  0.388787  0.000000  0.322842  0.305072  0.105629
4983  0.000000  0.388241  0.000000  0.322525  0.304714  0.105698
4984  0.000000  0.387695  0.000000  0.322210  0.304356  0.105767
4985  0.000000  0.387149  0.000000  0.321894  0.303997  0.105836
4986  0.000000  0.386602  0.000000  0.321578  0.303639  0.105905
4987  0.000000  0.386055  0.000000  0.321262  0.303280  0.105973
4988  0.000000  0.385508  0.000000  0.320947  0.302922  0.106042
4989  0.000000  0.384960  0.000000  0.320631  0.302564  0.106112
4990  0.000000  0.384412  0.000000  0.320316  0.302205  0.106181
4991  0.000000  0.383863  0.000000  0.320001  0.301847  0.106250
4992  0.000000  0.383314  0.000000  0.319686  0.301488  0.106319
4993  0.000000  0.382765  0.000000  0.319371  0.301130  0.106388
4994  0.000000  0.382215  0.000000  0.319056  0.300771  0.106458
4995  0.000000  0.381665  0.000000  0.318741  0.300413  0.106527
4996  0.000000  0.381114  0.000000  0.318427  0.300054  0.106596
4997  0.000000  0.380564  0.000000  0.318112  0.299696  0.106666
4998  0.000000  0.380012  0.000000  0.317798  0.299337  0.106735
4999  0.000000  0.379461  0.000000  0.317483  0.298979  0.106805
5000  0.000000  0.000000  0.000000  1.489836  1.005824  -1.099058
5001  0.000000  0.000000  0.000000  1.488205  1.005919  -1.096759
5002  0.000000  0.000000  0.000000  1.486577  1.006011  -1.094465
5003  0.000000  0.000000  0.000000  1.484952  1.006100  -1.092174
5004  0.000000  0.000000  0.000000  1.483329  1.006186  -1.089888
5005  0.000000  0.000000  0.000000  1.481709  1.006269  -1.087605
5006  0.000000  0.000000  0.000000  1.480092  1.006349  -1.085327
5007  0.000000  0.000000  0.000000  1.478478  1.006427  -1.083052
5008  0.000000  0.000000  0.000000  1.476866  1.006501  -1.080781
5009  0.000000  0.000000  0.000000  1.475257  1.006573  -1.078514
5010  0.000000  0.000000  0.000000  1.473650  1.006642  -1.076251
5011  0.000000  0.000000  0.000000  1.472046  1.006708  -1.073992
5012  0.000000  0.000000  0.000000  1.470445  1.006771  -1.071737
5013  0.000000  0.000000  0.000000  1.468846  1.006831  -1.069486
5014  0.000000  0.000000  0.000000  1.467250  1.006889  -1.067239
5015  0.000000  0.000000  0.000000  1.465657  1.006943  -1.064995
5016  0.000000  0.000000  0.000000  1.464066  1.006995  -1.062756
5017  0.000000  0.000000  0.000000  1.462478  1.007044  -1.060520
5018  0.000000  0.000000  0.000000  1.460892  1.007090  -1.058289
5019  0.000000  0.000000  0.000000  1.459309  1.007134  -1.056061
5020  0.000000  0.000000  0.000000  1.457729  1.007175  -1.053837
5021  0.000000  0.000000  0.000000  1.456151  1.007212  -1.051617
5022  0.000000  0.000000  0.000000  1.454576  1.007248  -1.049401
5023  0.000000  0.000000  0.000000  1.453003  1.007280  -1.047189
5024  0.000000  0.000000  0.000000  1.451433  1.007310  -1.044981
5025  0.000000  0.000000  0.000000  1.449865  1.007336  -1.042776
5026  0.000000  0.000000  0.000000  1.448300  1.007361  -1.040576
5027  0.000000  0.000000  0.000000  1.446738  1.007382  -1.038379
5028  0.000000  0.000000  0.000000  1.445178  1.007401  -1.036187
5029  0.000000  0.000000  0.000000  1.443621  1.007417  -1.033998
5030  0.000000  0.000000  0.000000  1.442066  1.007430  -1.031813
5031  0.000000  0.000000  0.000000  1.440513  1.007441  -1.029632
5032  0.000000  0.000000  0.000000  1.438964  1.007449  -1.027455
5033  0.000000  0.000000  0.000000  1.437416  1.007454  -1.025282
5034  0.000000  0.000000  0.000000  1.435872  1.007456  -1.023112
5035  0.000000  0.000000  0.000000  1.434329  1.007456  -1.020947
5036  0.000000  0.000000  0.000000  1.432789  1.007453  -1.018785
5037  0.000000  0.000000  0.000000  1.431252  1.007448  -1.016627
5038  0.000000  0.000000  0.000000  1.429717  1.007440  -1.014473
5039  0.000000  0.000000  0.000000  1.428185  1.007429  -1.012323
5040  0.000000  0.000000  0.000000  1.426655  1.007416  -1.010177
5041  0.000000  0.000000  0.000000  1.425128  1.007400  -1.008035
5042  0.000000  0.000000  0.000000  1.423603  1.007381  -1.005897
5043  0.000000  0.000000  0.000000  1.422080  1.007360  -1.003762
5044  0.000000  0.000000  0.000000  1.420560  1.007336  -1.001631
5045  0.000000  0.000000  0.000000  1.419043  1.007310  -0.999504
5046  0.000000  0.000000  0.000000  1.417527  1.007281  -0.997381
5047  0.000000  0.000000  0.000000  1.416015  1.007249  -0.995262
5048  0.000000  0.000000  0.000000  1.414504  1.007215  -0.993147
5049  0.000000  0.000000  0.000000  1.412996  1.007178  -0.991035
5050  0.000000  0.000000  0.000000  1.411491  1.007139  -0.988928
5051  0.000000  0.000000  0.000000  1.409988  1.007097  -0.986824
5052  0.000000  0.000000  0.000000  1.408487  1.007052  -0.984724
5053  0.000000  0.000000  0.000000  1.406989  1.007005  -0.982628
5054  0.000000  0.000000  0.000000  1.405493  1.006956  -0.980536
5055  0.000000  0.000000  0.000000  1.403999  1.006904  -0.978447
5056  0.000000  0.000000  0.000000  1.402508  1.006849  -0.976363
5057  0.000000  0.000000  0.000000  1.401019  1.006792  -0.974282
5058  0.000000  0.000000  0.000000  1.399533  1.006732  -0.972205
5059  0.000000  0.000000  0.000000  1.398049  1.006670  -0.970132
5060  0.000000  0.000000  0.000000  1.396567  1.006606  -0.968063
5061  0.000000  0.000000  0.000000  1.395088  1.006539  -0.965997
5062  0.000000  0.000000  0.000000  1.393611  1.006469  -0.963935
5063  0.000000  0.000000  0.000000  1.392136  1.006397  -0.961878
5064  0.000000  0.000000  0.000000  1.390664  1.006322  -0.959824
5065  0.000000  0.000000  0.000000  1.389194  1.006245  -0.957773
5066  0.000000  0.000000  0.000000  1.387726  1.006166  -0.955727
5067  0.000000  0.000000  0.000000  1.386261  1.006084  -0.953684
5068  0.000000  0.000000  0.000000  1.384798  1.006000  -0.951646
5069  0.000000  0.000000  0.000000  1.383337  1.005913  -0.949611
5070  0.000000  0.000000  0.000000  1.381878  1.005824  -0.947579
5071  0.000000  0.000000  0.000000  1.380422  1.005732  -0.945552
5072  0.000000  0.000000  0.000000  1.378968  1.005638  -0.943528
5073  0.000000  0.000000  0.000000  1.377517  1.005541  -0.941509
5074  0.000000  0.000000  0.000000  1.376067  1.005442  -0.939493
5075  0.000000  0.000000  0.000000  1.374620  1.005341  -0.937480
5076  0.000000  0.000000  0.000000  1.373175  1.005237  -0.935472
5077  0.000000  0.000000  0.000000  1.371733  1.005131  -0.933467
5078  0.000000  0.000000  0.000000  1.370292  1.005023  -0.931467
5079  0.000000  0.000000  0.000000  1.368854  1.004912  -0.929469
5080  0.000000  0.000000  0.000000  1.367418  1.004799  -0.927476
5081  0.000000  0.000000  0.000000  1.365985  1.004683  -0.925487
5082  0.000000  0.000000  0.000000  1.364553  1.004565  -0.923501
5083  0.000000  0.000000  0.000000  1.363124  1.004445  -0.921519
5084  0.000000  0.000000  0.000000  1.361697  1.004322  -0.919541
5085  0.000000  0.000000  0.000000  1.360272  1.004197  -0.917566
5086  0.000000  0.000000  0.000000  1.358850  1.004070  -0.915596
5087  0.000000  0.000000  0.000000  1.357429  1.003940  -0.913629
5088  0.000000  0.000000  0.000000  1.356011  1.003808  -0.911666
5089  0.000000  0.000000  0.000000  1.354595  1.003674  -0.909706
5090  0.000000  0.000000  0.000000  1.353181  1.003538  -0.907751
5091  0.000000  0.000000  0.000000  1.351770  1.003399  -0.905799
5092  0.000000  0.000000  0.000000  1.350360  1.003258  -0.903851
5093  0.000000  0.000000  0.000000  1.348953  1.003114  -0.901907
5094  0.000000  0.000000  0.000000  1.347548  1.002969  -0.899966
5095  0.000000  0.000000  0.000000  1.346145  1.002821  -0.898029
5096  0.000000  0.000000  0.000000  1.344744  1.002670  -0.896096
5097  0.000000  0.000000  0.000000  1.343345  1.002518  -0.894167
5098  0.000000  0.000000  0.000000  1.341948  1.002363  -0.892241
5099  0.000000  0.000000  0.000000  1.340554  1.002206  -0.890319
5100  0.000000  0.000000  0.000000  1.339162  1.002047  -0.888401
5101  0.000000  0.000000  0.000000  1.337771  1.001885  -0.886487
5102  0.000000  0.000000  0.000000  1.336383  1.001721  -0.884576
5103  0.000000  0.000000  0.000000  1.334997  1.001555  -0.882669
5104  0.000000  0.000000  0.000000  1.333614  1.001387  -0.880766
5105  0.000000  0.000000  0.000000  1.332232  1.001217  -0.878866
5106  0.000000  0.000000  0.000000  1.330852  1.001044  -0.876971
5107  0.000000  0.000000  0.000000  1.329474  1.000869  -0.875079
5108  0.000000  0.000000  0.000000  1.328099  1.000692  -0.873190
5109  0.000000  0.000000  0.000000  1.326725  1.000513  -0.871306
5110  0.000000  0.000000  0.000000  1.325354  1.000332  -0.869425
5111  0.000000  0.000000  0.000000  1.323985  1.000148  -0.867548
5112  0.000000  0.000000  0.000000  1.322617  0.999963  -0.865674
5113  0.000000  0.000000  0.000000  1.321252  0.999775  -0.863804
5114  0.000000  0.000000  0.000000  1.319889  0.999585  -0.861938
5115  0.000000  0.000000  0.000000  1.318528  0.999392  -0.860076
5116  0.000000  0.000000  0.000000  1.317169  0.999198  -0.858217
5117  0.000000  0.000000  0.000000  1.315812  0.999001  -0.856362
5118  0.000000  0.000000  0.000000  1.314457  0.998803  -0.854511
5119  0.000000  0.000000  0.000000  1.313104  0.998602  -0.852664
5120  0.000000  0.000000  0.000000  1.311753  0.998399  -0.850820
5121  0.000000  0.000000  0.000000  1.310404  0.998194  -0.848980
5122  0.000000  0.000000  0.000000  1.309057  0.997987  -0.847143
5123  0.000000  0.000000  0.000000  1.307712  0.997778  -0.845310
5124  0.000000  0.000000  0.000000  1.306369  0.997566  -0.843481
5125  0.000000  0.000000  0.000000  1.305027  0.997353  -0.841656
5126  0.000000  0.000000  0.000000  1.303688  0.997137  -0.839834
5127  0.000000  0.000000  0.000000  1.302351  0.996919  -0.838016
5128  0.000000  0.000000  0.000000  1.301016  0.996700  -0.836202
5129  0.000000  0.000000  0.000000  1.299683  0.996478  -0.834391
5130  0.000000  0.000000  0.000000  1.298352  0.996254  -0.832584
5131  0.000000  0.000000  0.000000  1.297023  0.996028  -0.830780
5132  0.000000  0.000000  0.000000  1.295695  0.995800  -0.828981
5133  0.000000  0.000000  0.000000  1.294370  0.995570  -0.827185
5134  0.000000  0.000000  0.000000  1.293047  0.995338  -0.825392
5135  0.000000  0.000000  0.000000  1.291725  0.995104  -0.823603
5136  0.000000  0.000000  0.000000  1.290406  0.994867  -0.821818
5137  0.000000  0.000000  0.000000  1.289088  0.994629  -0.820037
5138  0.000000  0.000000  0.000000  1.287772  0.994389  -0.818259
5139  0.000000  0.000000  0.000000  1.286458  0.994147  -0.816485
5140  0.000000  0.000000  0.000000  1.285147  0.993902  -0.814714
5141  0.000000  0.000000  0.000000  1.283837  0.993656  -0.812948
5142  0.000000  0.000000  0.000000  1.282528  0.993408  -0.811184
5143  0.000000  0.000000  0.000000  1.281222  0.993157  -0.809425
5144  0.000000  0.000000  0.000000  1.279918  0.992905  -0.807669
5145  0.000000  0.000000  0.000000  1.278615  0.992651  -0.805917
5146  0.000000  0.000000  0.000000  1.277315  0.992395  -0.804168
5147  0.000000  0.000000  0.000000  1.276016  0.992136  -0.802423
5148  0.000000  0.000000  0.000000  1.274719  0.991876  -0.800682
5149  0.000000  0.000000  0.000000  1.273424  0.991614  -0.798944
5150  0.000000  0.000000  0.000000  1.272131  0.991350  -0.797210
5151  0.000000  0.000000  0.000000  1.270840  0.991084  -0.795479
5152  0.000000  0.000000  0.000000  1.269550  0.990815  -0.793752
5153  0.000000  0.000000  0.000000  1.268263  0.990545  -0.792029
5154  0.000000  0.000000  0.000000  1.266977  0.990274  -0.790309
5155  0.000000  0.000000  0.000000  1.265693  0.990000  -0.788593
5156  0.000000  0.000000  0.000000  1.264411  0.989724  -0.786881
5157  0.000000  0.000000  0.000000  1.263130  0.989446  -0.785172
5158  0.000000  0.000000  0.000000  1.261852  0.989166  -0.783467
5159  0.000000  0.000000  0.000000  1.260575  0.988885  -0.781765
5160  0.000000  0.000000  0.000000  1.259300  0.988601  -0.780067
5161  0.000000  0.000000  0.000000  1.258027  0.988316  -0.778373
5162  0.000000  0.000000  0.000000  1.256756  0.988029  -0.776682
5163  0.000000  0.000000  0.000000  1.255486  0.987739  -0.774995
5164  0.000000  0.000000  0.000000  1.254218  0.987448  -0.773311
5165  0.000000  0.000000  0.000000  1.252952  0.987155  -0.771631
5166  0.000000  0.000000  0.000000  1.251688  0.986860  -0.769954
5167  0.000000  0.000000  0.000000  1.250426  0.986564  -0.768282
5168  0.000000  0.000000  0.000000  1.249165  0.986265  -0.766612
5169  0.000000  0.000000  0.000000  1.247906  0.985965  -0.764947
5170  0.000000  0.000000  0.000000  1.246649  0.985662  -0.763284
5171  0.000000  0.000000  0.000000  1.245393  0.985358  -0.761626
5172  0.000000  0.000000  0.000000  1.244140  0.985052  -0.759971
5173  0.000000  0.000000  0.000000  1.242888  0.984744  -0.758320
5174  0.000000  0.000000  0.000000  1.241637  0.984434  -0.756672
5175  0.000000  0.000000  0.000000  1.240389  0.984123  -0.755027
5176  0.000000  0.000000  0.000000  1.239142  0.983809  -0.753387
5177  0.000000  0.000000  0.000000  1.237897  0.983494  -0.751750
5178  0.000000  0.000000  0.000000  1.236653  0.983177  -0.750116
5179  0.000000  0.000000  0.000000  1.235412  0.982858  -0.748486
5180  0.000000  0.000000  0.000000  1.234172  0.982538  -0.746859
5181  0.000000  0.000000  0.000000  1.232933  0.982215  -0.745236
5182  0.000000  0.000000  0.000000  1.231697  0.981891  -0.743617
5183  0.000000  0.000000  0.000000  1.230462  0.981565  -0.742001
5184  0.000000  0.000000  0.000000  1.229228  0.981237  -0.740389
5185  0.000000  0.000000  0.000000  1.227997  0.980907  -0.738780
5186  0.000000  0.000000  0.000000  1.226767  0.980576  -0.737175
5187  0.000000  0.000000  0.000000  1.225538  0.980243  -0.735573
5188  0.000000  0.000000  0.000000  1.224312  0.979908  -0.733975
5189  0.000000  0.000000  0.000000  1.223087  0.979571  -0.732381
5190  0.000000  0.000000  0.000000  1.221863  0.979233  -0.730790
5191  0.000000  0.000000  0.000000  1.220642  0.978892  -0.729202
5192  0.000000  0.000000  0.000000  1.219422  0.978550  -0.727618
5193  0.000000  0.000000  0.000000  1.218203  0.978207  -0.726038
5194  0.000000  0.000000  0.000000  1.216986  0.977861  -0.724461
5195  0.000000  0.000000  0.000000  1.215771  0.977514  -0.722887
5196  0.000000  0.000000  0.000000  1.214558  0.977165  -0.721317
5197  0.000000  0.000000  0.000000  1.213346  0.976814  -0.719751
5198  0.000000  0.000000  0.000000  1.212135  0.976462  -0.718188
5199  0.000000  0.000000  0.000000  1.210926  0.976108  -0.716629
5200  0.000000  0.000000  0.000000  1.209719  0.975752  -0.715073
5201  0.000000  0.000000  0.000000  1.208514  0.975394  -0.713520
5202  0.000000  0.000000  0.000000  1.207310  0.975035  -0.711971
5203  0.000000  0.000000  0.000000  1.206107  0.974674  -0.710426
5204  0.000000  0.000000  0.000000  1.204906  0.974311  -0.708884
5205  0.000000  0.000000  0.000000  1.203707  0.973947  -0.707346
5206  0.000000  0.000000  0.000000  1.202509  0.973581  -0.705811
5207  0.000000  0.000000  0.000000  1.201313  0.973213  -0.704280
5208  0.000000  0.000000  0.000000  1.200119  0.972844  -0.702752
5209  0.000000  0.000000  0.000000  1.198926  0.972473  -0.701227
5210  0.000000  0.000000  0.000000  1.197734  0.972100  -0.699706
5211  0.000000  0.000000  0.000000  1.196544  0.971725  -0.698189
5212  0.000000  0.000000  0.000000  1.195356  0.971349  -0.696675
5213  0.000000  0.000000  0.000000  1.194169  0.970972  -0.695164
5214  0.000000  0.000000  0.000000  1.192984  0.970592  -0.693657
5215  0.000000  0.000000  0.000000  1.191800  0.970211  -0.692154
5216  0.000000  0.000000  0.000000  1.190617  0.969828  -0.690654
5217  0.000000  0.000000  0.000000  1.189437  0.969444  -0.689157
5218  0.000000  0.000000  0.000000  1.188257  0.969058  -0.687664
5219  0.000000  0.000000  0.000000  1.187080  0.968670  -0.686174
5220  0.000000  0.000000  0.000000  1.185903  0.968281  -0.684688
5221  0.000000  0.000000  0.000000  1.184728  0.967890  -0.683205
5222  0.000000  0.000000  0.000000  1.183555  0.967498  -0.681726
5223  0.000000  0.000000  0.000000  1.182383  0.967104  -0.680250
5224  0.000000  0.000000  0.000000  1.181213  0.966708  -0.678778
5225  0.000000  0.000000  0.000000  1.180044  0.966311  -0.677309
5226  0.000000  0.000000  0.000000  1.178877  0.965912  -0.675844
5227  0.000000  0.000000  0.000000  1.177711  0.965511  -0.674381
5228  0.000000  0.000000  0.000000  1.176546  0.965109  -0.672923
5229  0.000000  0.000000  0.000000  1.175383  0.964706  -0.671468
5230  0.000000  0.000000  0.000000  1.174222  0.964300  -0.670016
5231  0.000000  0.000000  0.000000  1.173062  0.963894  -0.668568
5232  0.000000  0.000000  0.000000  1.171903  0.963485  -0.667123
5233  0.000000  0.000000  0.000000  1.170746  0.963075  -0.665681
5234  0.000000  0.000000  0.000000  1.169590  0.962664  -0.664243
5235  0.000000  0.000000  0.000000  1.168435  0.962251  -0.662809
5236  0.000000  0.000000  0.000000  1.167283  0.961836  -0.661378
5237  0.000000  0.000000  0.000000  1.166131  0.961420  -0.659950
5238  0.000000  0.000000  0.000000  1.164981  0.961002  -0.658525
5239  0.000000  0.000000  0.000000  1.163832  0.960583  -0.657105
5240  0.000000  0.000000  0.000000  1.162685  0.960162  -0.655687
5241  0.000000  0.000000  0.000000  1.161539  0.959739  -0.654273
5242  0.000000  0.000000  0.000000  1.160394  0.959315  -0.652862
5243  0.000000  0.000000  0.000000  1.159251  0.958890  -0.651455
5244  0.000000  0.000000  0.000000  1.158110  0.958463  -0.650051
5245  0.000000  0.000000  0.000000  1.156969  0.958034  -0.648651
5246  0.000000  0.000000  0.000000  1.155830  0.957604  -0.647254
5247  0.000000  0.000000  0.000000  1.154693  0.957173  -0.645860
5248  0.000000  0.000000  0.000000  1.153556  0.956740  -0.644470
5249  0.000000  0.000000  0.000000  1.152421  0.956305  -0.643083
5250  0.000000  0.000000  0.000000  1.151288  0.955869  -0.641699
5251  0.000000  0.000000  0.000000  1.150156  0.955432  -0.640319
5252  0.000000  0.000000  0.000000  1.149025  0.954993  -0.638942
5253  0.000000  0.000000  0.000000  1.147895  0.954552  -0.637569
5254  0.000000  0.000000  0.000000  1.146767  0.954110  -0.636199
5255  0.000000  0.000000  0.000000  1.145640  0.953667  -0.634832
5256  0.000000  0.000000  0.000000  1.144515  0.953222  -0.633469
5257  0.000000  0.000000  0.000000  1.143391  0.952775  -0.632109
5258  0.000000  0.000000  0.000000  1.142268  0.952327  -0.630753
5259  0.000000  0.000000  0.000000  1.141147  0.951878  -0.629400
5260  0.000000  0.000000  0.000000  1.140026  0.951427  -0.628050
5261  0.000000  0.000000  0.000000  1.138907  0.950975  -0.626703
5262  0.000000  0.000000  0.000000  1.137790  0.950521  -0.625360
5263  0.000000  0.000000  0.000000  1.136674  0.950066  -0.624021
5264  0.000000  0.000000  0.000000  1.135559  0.949609  -0.622684
5265  0.000000  0.000000  0.000000  1.134445  0.949151  -0.621351
5266  0.000000  0.000000  0.000000  1.133333  0.948692  -0.620022
5267  0.000000  0.000000  0.000000  1.132221  0.948231  -0.618696
5268  0.000000  0.000000  0.000000  1.131112  0.947768  -0.617373
5269  0.000000  0.000000  0.000000  1.130003  0.947304  -0.616053
5270  0.000000  0.000000  0.000000  1.128896  0.946839  -0.614737
5271  0.000000  0.000000  0.000000  1.127790  0.946372  -0.613424
5272  0.000000  0.000000  0.000000  1.126685  0.945904  -0.612114
5273  0.000000  0.000000  0.000000  1.125581  0.945435  -0.610808
5274  0.000000  0.000000  0.000000  1.124479  0.944964  -0.609505
5275  0.000000  0.000000  0.000000  1.123378  0.944492  -0.608206
5276  0.000000  0.000000  0.000000  1.122278  0.944018  -0.606909
5277  0.000000  0.000000  0.000000  1.121180  0.943543  -0.605616
5278  0.000000  0.000000  0.000000  1.120082  0.943066  -0.604327
5279  0.000000  0.000000  0.000000  1.118986  0.942588  -0.603040
5280  0.000000  0.000000  0.000000  1.117892  0.942109  -0.601757
5281  0.000000  0.000000  0.000000  1.116798  0.941628  -0.600478
5282  0.000000  0.000000  0.000000  1.115706  0.941146  -0.599201
5283  0.000000  0.000000  0.000000  1.114614  0.940663  -0.597928
5284  0.000000  0.000000  0.000000  1.113524  0.940178  -0.596659
5285  0.000000  0.000000  0.000000  1.112436  0.939692  -0.595392
5286  0.000000  0.000000  0.000000  1.111348  0.939204  -0.594129
5287  0.000000  0.000000  0.000000  1.110262  0.938716  -0.592869
5288  0.000000  0.000000  0.000000  1.109176  0.938225  -0.591613
5289  0.000000  0.000000  0.000000  1.108092  0.937734  -0.590359
5290  0.000000  0.000000  0.000000  1.107010  0.937241  -0.589109
5291  0.000000  0.000000  0.000000  1.105928  0.936746  -0.587863
5292  0.000000  0.000000  0.000000  1.104847  0.936251  -0.586619
5293  0.000000  0.000000  0.000000  1.103768  0.935754  -0.585379
5294  0.000000  0.000000  0.000000  1.102690  0.935256  -0.584142
5295  0.000000  0.000000  0.000000  1.101613  0.934756  -0.582909
5296  0.000000  0.000000  0.000000  1.100537  0.934255  -0.581679
5297  0.000000  0.000000  0.000000  1.099463  0.933753  -0.580452
5298  0.000000  0.000000  0.000000  1.098389  0.933249  -0.579228
5299  0.000000  0.000000  0.000000  1.097317  0.932744  -0.578007
5300  0.000000  0.000000  0.000000  1.096245  0.932238  -0.576790
5301  0.000000  0.000000  0.000000  1.095175  0.931730  -0.575576
5302  0.000000  0.000000  0.000000  1.094106  0.931221  -0.574366
5303  0.000000  0.000000  0.000000  1.093039  0.930711  -0.573158
5304  0.000000  0.000000  0.000000  1.091972  0.930200  -0.571954
5305  0.000000  0.000000  0.000000  1.090906  0.929687  -0.570753
5306  0.000000  0.000000  0.000000  1.089842  0.929173  -0.569556
5307  0.000000  0.000000  0.000000  1.088779  0.928657  -0.568361
5308  0.000000  0.000000  0.000000  1.087716  0.928141  -0.567170
5309  0.000000  0.000000  0.000000  1.086655  0.927623  -0.565982
5310  0.000000  0.000000  0.000000  1.085595  0.927103  -0.564797
5311  0.000000  0.000000  0.000000  1.084536  0.926583  -0.563616
5312  0.000000  0.000000  0.000000  1.083478  0.926061  -0.562438
5313  0.000000  0.000000  0.000000  1.082422  0.925538  -0.561263
5314  0.000000  0.000000  0.000000  1.081366  0.925014  -0.560091
5315  0.000000  0.000000  0.000000  1.080311  0.924488  -0.558923
5316  0.000000  0.000000  0.000000  1.079258  0.923961  -0.557758
5317  0.000000  0.000000  0.000000  1.078205  0.923433  -0.556595
5318  0.000000  0.000000  0.000000  1.077154  0.922904  -0.555437
5319  0.000000  0.000000  0.000000  1.076104  0.922373  -0.554281
5320  0.000000  0.000000  0.000000  1.075055  0.921841  -0.553129
5321  0.000000  0.000000  0.000000  1.074006  0.921308  -0.551980
5322  0.000000  0.000000  0.000000  1.072959  0.920774  -0.550834
5323  0.000000  0.000000  0.000000  1.071913  0.920238  -0.549691
5324  0.000000  0.000000  0.000000  1.070868  0.919701  -0.548551
5325  0.000000  0.000000  0.000000  1.069824  0.919163  -0.547415
5326  0.000000  0.000000  0.000000  1.068781  0.918624  -0.546282
5327  0.000000  0.000000  0.000000  1.067739  0.918083  -0.545152
5328  0.000000  0.000000  0.000000  1.066698  0.917541  -0.544025
5329  0.000000  0.000000  0.000000  1.065659  0.916998  -0.542902
5330  0.000000  0.000000  0.000000  1.064620  0.916454  -0.541781
5331  0.000000  0.000000  0.000000  1.063582  0.915909  -0.540664
5332  0.000000  0.000000  0.000000  1.062545  0.915362  -0.539550
5333  0.000000  0.000000  0.000000  1.061509  0.914814  -0.538440
5334  0.000000  0.000000  0.000000  1.060475  0.914265  -0.537332
5335  0.000000  0.000000  0.000000  1.059441  0.913715  -0.536228
5336  0.000000  0.000000  0.000000  1.058408  0.913163  -0.535126
5337  0.000000  0.000000  0.000000  1.057376  0.912611  -0.534028
5338  0.000000  0.000000  0.000000  1.056345  0.912057  -0.532933
5339  0.000000  0.000000  0.000000  1.055316  0.911502  -0.531842
5340  0.000000  0.000000  0.000000  1.054287  0.910946  -0.530753
5341  0.000000  0.000000  0.000000  1.053259  0.910388  -0.529668
5342  0.000000  0.000000  0.000000  1.052232  0.909830  -0.528586
5343  0.000000  0.000000  0.000000  1.051206  0.909270  -0.527506
5344  0.000000  0.000000  0.000000  1.050181  0.908709  -0.526431
5345  0.000000  0.000000  0.000000  1.049157  0.908147  -0.525358
5346  0.000000  0.000000  0.000000  1.048134  0.907583  -0.524288
5347  0.000000  0.000000  0.000000  1.047112  0.907019  -0.523222
5348  0.000000  0.000000  0.000000  1.046091  0.906453  -0.522158
5349  0.000000  0.000000  0.000000  1.045071  0.905886  -0.521098
5350  0.000000  0.000000  0.000000  1.044052  0.905319  -0.520041
5351  0.000000  0.000000  0.000000  1.043034  0.904749  -0.518987
5352  0.000000  0.000000  0.000000  1.042017  0.904179  -0.517937
5353  0.000000  0.000000  0.000000  1.041000  0.903608  -0.516889
5354  0.000000  0.000000  0.000000  1.039985  0.903035  -0.515845
5355  0.000000  0.000000  0.000000  1.038970  0.902461  -0.514803
5356  0.000000  0.000000  0.000000  1.037957  0.901887  -0.513765
5357  0.000000  0.000000  0.000000  1.036944  0.901311  -0.512730
5358  0.000000  0.000000  0.000000  1.035932  0.900734  -0.511698
5359  0.000000  0.000000  0.000000  1.034922  0.900155  -0.510669
5360  0.000000  0.000000  0.000000  1.033912  0.899576  -0.509644
5361  0.000000  0.000000  0.000000  1.032903  0.898995  -0.508621
5362  0.000000  0.000000  0.000000  1.031895  0.898414  -0.507601
5363  0.000000  0.000000  0.000000  1.030887  0.897831  -0.506585
5364  0.000000  0.000000  0.000000  1.029881  0.897247  -0.505572
5365  0.000000  0.000000  0.000000  1.028876  0.896662  -0.504562
5366  0.000000  0.000000  0.000000  1.027871  0.896076  -0.503555
5367  0.000000  0.000000  0.000000  1.026868  0.895489  -0.502551
5368  0.000000  0.000000  0.000000  1.025865  0.894900  -0.501550
5369  0.000000  0.000000  0.000000  1.024863  0.894311  -0.500552
5370  0.000000  0.000000  0.000000  1.023862  0.893720  -0.499557
5371  0.000000  0.000000  0.000000  1.022862  0.893129  -0.498566
5372  0.000000  0.000000  0.000000  1.021863  0.892536  -0.497577
5373  0.000000  0.000000  0.000000  1.020865  0.891942  -0.496592
5374  0.000000  0.000000  0.000000  1.019867  0.891347  -0.495609
5375  0.000000  0.000000  0.000000  1.018870  0.890751  -0.494630
5376  0.000000  0.000000  0.000000  1.017875  0.890154  -0.493654
5377  0.000000  0.000000  0.000000  1.016880  0.889556  -0.492681
5378  0.000000  0.000000  0.000000  1.015886  0.888957  -0.491711
5379  0.000000  0.000000  0.000000  1.014892  0.888356  -0.490744
5380  0.000000  0.000000  0.000000  1.013900  0.887755  -0.489780
5381  0.000000  0.000000  0.000000  1.012909  0.887152  -0.488819
5382  0.000000  0.000000  0.000000  1.011918  0.886549  -0.487862
5383  0.000000  0.000000  0.000000  1.010928  0.885944  -0.486907
5384  0.000000  0.000000  0.000000  1.009939  0.885339  -0.485955
5385  0.000000  0.000000  0.000000  1.008951  0.884732  -0.485007
5386  0.000000  0.000000  0.000000  1.007963  0.884124  -0.484061
5387  0.000000  0.000000  0.000000  1.006977  0.883515  -0.483119
5388  0.000000  0.000000  0.000000  1.005991  0.882905  -0.482179
5389  0.000000  0.000000  0.000000  1.005006  0.882294  -0.481243
5390  0.000000  0.000000  0.000000  1.004022  0.881682  -0.480309
5391  0.000000  0.000000  0.000000  1.003039  0.881069  -0.479379
5392  0.000000  0.000000  0.000000  1.002056  0.880455  -0.478452
5393  0.000000  0.000000  0.000000  1.001075  0.879840  -0.477528
5394  0.000000  0.000000  0.000000  1.000094  0.879223  -0.476606
5395  0.000000  0.000000  0.000000  0.999113  0.878606  -0.475688
5396  0.000000  0.000000  0.000000  0.998134  0.877988  -0.474773
5397  0.000000  0.000000  0.000000  0.997156  0.877368  -0.473861
5398  0.000000  0.000000  0.000000  0.996178  0.876748  -0.472952
5399  0.000000  0.000000  0.000000  0.995201  0.876127  -0.472046
5400  0.000000  0.000000  0.000000  0.994225  0.875504  -0.471143
5401  0.000000  0.000000  0.000000  0.993249  0.874881  -0.470243
5402  0.000000  0.000000  0.000000  0.992275  0.874256  -0.469345
5403  0.000000  0.000000  0.000000  0.991301  0.873631  -0.468451
5404  0.000000  0.000000  0.000000  0.990328  0.873004  -0.467560
5405  0.000000  0.000000  0.000000  0.989355  0.872377  -0.466672
5406  0.000000  0.000000  0.000000  0.988384  0.871748  -0.465787
5407  0.000000  0.000000  0.000000  0.987413  0.871119  -0.464905
5408  0.000000  0.000000  0.000000  0.986443  0.870488  -0.464026
5409  0.000000  0.000000  0.000000  0.985474  0.869856  -0.463150
5410  0.000000  0.000000  0.000000  0.984505  0.869224  -0.462277
5411  0.000000  0.000000  0.000000  0.983537  0.868590  -0.461407
5412  0.000000  0.000000  0.000000  0.982570  0.867956  -0.460540
5413  0.000000  0.000000  0.000000  0.981604  0.867320  -0.459676
5414  0.000000  0.000000  0.000000  0.980638  0.866683  -0.458815
5415  0.000000  0.000000  0.000000  0.979673  0.866046  -0.457957
5416  0.000000  0.000000  0.000000  0.978709  0.865407  -0.457102
5417  0.000000  0.000000  0.000000  0.977746  0.864768  -0.456250
5418  0.000000  0.000000  0.000000  0.976783  0.864127  -0.455400
5419  0.000000  0.000000  0.000000  0.975821  0.863486  -0.454554
5420  0.000000  0.000000  0.000000  0.974860  0.862843  -0.453711
5421  0.000000  0.000000  0.000000  0.973899  0.862200  -0.452871
5422  0.000000  0.000000  0.000000  0.972940  0.861555  -0.452033
5423  0.000000  0.000000  0.000000  0.971981  0.860910  -0.451199
5424  0.000000  0.000000  0.000000  0.971022  0.860263  -0.450367
5425  0.000000  0.000000  0.000000  0.970064  0.859616  -0.449539
5426  0.000000  0.000000  0.000000  0.969108  0.858968  -0.448713
5427  0.000000  0.000000  0.000000  0.968151  0.858318  -0.447891
5428  0.000000  0.000000  0.000000  0.967196  0.857668  -0.447071
5429  0.000000  0.000000  0.000000  0.966241  0.857017  -0.446255
5430  0.000000  0.000000  0.000000  0.965287  0.856365  -0.445441
5431  0.000000  0.000000  0.000000  0.964333  0.855712  -0.444630
5432  0.000000  0.000000  0.000000  0.963380  0.855057  -0.443822
5433  0.000000  0.000000  0.000000  0.962428  0.854402  -0.443017
5434  0.000000  0.000000  0.000000  0.961477  0.853746  -0.442215
5435  0.000000  0.000000  0.000000  0.960526  0.853089  -0.441416
5436  0.000000  0.000000  0.000000  0.959576  0.852432  -0.440620
5437  0.000000  0.000000  0.000000  0.958626  0.851773  -0.439827
5438  0.000000  0.000000  0.000000  0.957677  0.851113  -0.439036
5439  0.000000  0.000000  0.000000  0.956729  0.850452  -0.438249
5440  0.000000  0.000000  0.000000  0.955782  0.849790  -0.437465
5441  0.000000  0.000000  0.000000  0.954835  0.849128  -0.436683
5442  0.000000  0.000000  0.000000  0.953889  0.848464  -0.435904
5443  0.000000  0.000000  0.000000  0.952944  0.847800  -0.435129
5444  0.000000  0.000000  0.000000  0.951999  0.847134  -0.434356
5445  0.000000  0.000000  0.000000  0.951055  0.846468  -0.433586
5446  0.000000  0.000000  0.000000  0.950111  0.845801  -0.432819
5447  0.000000  0.000000  0.000000  0.949168  0.845132  -0.432055
5448  0.000000  0.000000  0.000000  0.948226  0.844463  -0.431293
5449  0.000000  0.000000  0.000000  0.947284  0.843793  -0.430535
5450  0.000000  0.000000  0.000000  0.946343  0.843122  -0.429780
5451  0.000000  0.000000  0.000000  0.945403  0.842450  -0.429027
5452  0.000000  0.000000  0.000000  0.944463  0.841778  -0.428277
5453  0.000000  0.000000  0.000000  0.943524  0.841104  -0.427531
5454  0.000000  0.000000  0.000000  0.942586  0.840429  -0.426787
5455  0.000000  0.000000  0.000000  0.941648  0.839754  -0.426046
5456  0.000000  0.000000  0.000000  0.940711  0.839077  -0.425307
5457  0.000000  0.000000  0.000000  0.939774  0.838400  -0.424572
5458  0.000000  0.000000  0.000000  0.938838  0.837722  -0.423840
5459  0.000000  0.000000  0.000000  0.937903  0.837042  -0.423110
5460  0.000000  0.000000  0.000000  0.936968  0.836362  -0.422383
5461  0.000000  0.000000  0.000000  0.936034  0.835681  -0.421660
5462  0.000000  0.000000  0.000000  0.935101  0.835000  -0.420939
5463  0.000000  0.000000  0.000000  0.934168  0.834317  -0.420220
5464  0.000000  0.000000  0.000000  0.933236  0.833633  -0.419505
5465  0.000000  0.000000  0.000000  0.932304  0.832949  -0.418793
5466  0.000000  0.000000  0.000000  0.931373  0.832263  -0.418083
5467  0.000000  0.000000  0.000000  0.930442  0.831577  -0.417376
5468  0.000000  0.000000  0.000000  0.929513  0.830890  -0.416673
5469  0.000000  0.000000  0.000000  0.928583  0.830201  -0.415971
5470  0.000000  0.000000  0.000000  0.927654  0.829512  -0.415273
5471  0.000000  0.000000  0.000000  0.926726  0.828823  -0.414578
5472  0.000000  0.000000  0.000000  0.925799  0.828132  -0.413885
5473  0.000000  0.000000  0.000000  0.924872  0.827440  -0.413196
5474  0.000000  0.000000  0.000000  0.923945  0.826748  -0.412509
5475  0.000000  0.000000  0.000000  0.923020  0.826054  -0.411825
5476  0.000000  0.000000  0.000000  0.922094  0.825360  -0.411143
5477  0.000000  0.000000  0.000000  0.921170  0.824665  -0.410465
5478  0.000000  0.000000  0.000000  0.920246  0.823969  -0.409789
5479  0.000000  0.000000  0.000000  0.919322  0.823272  -0.409117
5480  0.000000  0.000000  0.000000  0.918399  0.822574  -0.408447
5481  0.000000  0.000000  0.000000  0.917477  0.821876  -0.407780
5482  0.000000  0.000000  0.000000  0.916555  0.821176  -0.407115
5483  0.000000  0.000000  0.000000  0.915634  0.820476  -0.406454
5484  0.000000  0.000000  0.000000  0.914713  0.819775  -0.405795
5485  0.000000  0.000000  0.000000  0.913793  0.819073  -0.405139
5486  0.000000  0.000000  0.000000  0.912873  0.818370  -0.404486
5487  0.000000  0.000000  0.000000  0.911954  0.817666  -0.403835
5488  0.000000  0.000000  0.000000  0.911036  0.816961  -0.403188
5489  0.000000  0.000000  0.000000  0.910118  0.816256  -0.402543
5490  0.000000  0.000000  0.000000  0.909201  0.815550  -0.401901
5491  0.000000  0.000000  0.000000  0.908284  0.814843  -0.401262
5492  0.000000  0.000000  0.000000  0.907368  0.814135  -0.400625
5493  0.000000  0.000000  0.000000  0.906452  0.813426  -0.399992
5494  0.000000  0.000000  0.000000  0.905537  0.812716  -0.399361
5495  0.000000  0.000000  0.000000  0.904622  0.812005  -0.398733
5496  0.000000  0.000000  0.000000  0.903708  0.811294  -0.398108
5497  0.000000  0.000000  0.000000  0.902794  0.810582  -0.397485
5498  0.000000  0.000000  0.000000  0.901881  0.809869  -0.396865
5499  0.000000  0.000000  0.000000  0.900968  0.809155  -0.396248
5500  0.000000  0.054361  0.000000  0.097991  0.046625  0.086188
5501  0.000000  0.054280  0.000000  0.097855  0.046513  0.086093
5502  0.000000  0.054198  0.000000  0.097719  0.046401  0.085999
5503  0.000000  0.054116  0.000000  0.097583  0.046289  0.085905
5504  0.000000  0.054035  0.000000  0.097447  0.046176  0.085811
5505  0.000000  0.053952  0.000000  0.097311  0.046064  0.085717
5506  0.000000  0.053870  0.000000  0.097175  0.045952  0.085623
5507  0.000000  0.053788  0.000000  0.097039  0.045840  0.085529
5508  0.000000  0.053705  0.000000  0.096903  0.045727  0.085436
5509  0.000000  0.053622  0.000000  0.096767  0.045615  0.085342
5510  0.000000  0.053539  0.000000  0.096632  0.045503  0.085248
5511  0.000000  0.053456  0.000000  0.096496  0.045390  0.085154
5512  0.000000  0.053372  0.000000  0.096361  0.045278  0.085061
5513  0.000000  0.053288  0.000000  0.096225  0.045166  0.084967
5514  0.000000  0.053205  0.000000  0.096090  0.045054  0.084873
5515  0.000000  0.053120  0.000000  0.095955  0.044941  0.084780
5516  0.000000  0.053036  0.000000  0.095820  0.044829  0.084686
5517  0.000000  0.052952  0.000000  0.095684  0.044717  0.084593
5518  0.000000  0.052867  0.000000  0.095549  0.044604  0.084499
5519  0.000000  0.052782  0.000000  0.095414  0.044492  0.084406
5520  0.000000  0.052697  0.000000  0.095279  0.044380  0.084313
5521  0.000000  0.052612  0.000000  0.095145  0.044267  0.084219
5522  0.000000  0.052526  0.000000  0.095010  0.044155  0.084126
5523  0.000000  0.052441  0.000000  0.094875  0.044043  0.084033
5524  0.000000  0.052355  0.000000  0.094740  0.043930  0.083940
5525  0.000000  0.052269  0.000000  0.094606  0.043818  0.083847
5526  0.000000  0.052183  0.000000  0.094471  0.043705  0.083754
5527  0.000000  0.052097  0.000000  0.094337  0.043593  0.083661
5528  0.000000  0.052010  0.000000  0.094202  0.043481  0.083568
5529  0.000000  0.051923  0.000000  0.094068  0.043368  0.083475
5530  0.000000  0.051836  0.000000  0.093934  0.043256  0.083382
5531  0.000000  0.051749  0.000000  0.093800  0.043144  0.083289
5532  0.000000  0.051662  0.000000  0.093666  0.043031  0.083196
5533  0.000000  0.051575  0.000000  0.093532  0.042919  0.083103
5534  0.000000  0.051487  0.000000  0.093398  0.042806  0.083010
5535  0.000000  0.051399  0.000000  0.093264  0.042694  0.082918
5536  0.000000  0.051311  0.000000  0.093130  0.042581  0.082825
5537  0.000000  0.051223  0.000000  0.092996  0.042469  0.082733
5538  0.000000  0.051135  0.000000  0.092862  0.042357  0.082640
5539  0.000000  0.051047  0.000000  0.092729  0.042244  0.082547
5540  0.000000  0.050958  0.000000  0.092595  0.042132  0.082455
5541  0.000000  0.050869  0.000000  0.092462  0.042019  0.082363
5542  0.000000  0.050780  0.000000  0.092328  0.041907  0.082270
5543  0.000000  0.050691  0.000000  0.092195  0.041794  0.082178
5544  0.000000  0.050602  0.000000  0.092062  0.041682  0.082085
5545  0.000000  0.050512  0.000000  0.091929  0.041569  0.081993
5546  0.000000  0.050423  0.000000  0.091796  0.041457  0.081901
5547  0.000000  0.050333  0.000000  0.091663  0.041344  0.081809
5548  0.000000  0.050243  0.000000  0.091530  0.041232  0.081717
5549  0.000000  0.050153  0.000000  0.091397  0.041119  0.081625
5550  0.000000  0.050062  0.000000  0.091264  0.041007  0.081532
5551  0.000000  0.049972  0.000000  0.091131  0.040894  0.081440
5552  0.000000  0.049881  0.000000  0.090998  0.040782  0.081348
5553  0.000000  0.049791  0.000000  0.090866  0.040669  0.081257
5554  0.000000  0.049700  0.000000  0.090733  0.040557  0.081165
5555  0.000000  0.049608  0.000000  0.090601  0.040444  0.081073
5556  0.000000  0.049517  0.000000  0.090469  0.040332  0.080981
5557  0.000000  0.049426  0.000000  0.090336  0.040219  0.080889
5558  0.000000  0.049334  0.000000  0.090204  0.040107  0.080797
5559  0.000000  0.049243  0.000000  0.090072  0.039994  0.080706
5560  0.000000  0.049151  0.000000  0.089940  0.039881  0.080614
5561  0.000000  0.049059  0.000000  0.089808  0.039769  0.080523
5562  0.000000  0.048966  0.000000  0.089676  0.039656  0.080431
5563  0.000000  0.048874  0.000000  0.089544  0.039544  0.080339
5564  0.000000  0.048782  0.000000  0.089412  0.039431  0.080248
5565  0.000000  0.048689  0.000000  0.089280  0.039318  0.080157
5566  0.000000  0.048596  0.000000  0.089149  0.039206  0.080065
5567  0.000000  0.048503  0.000000  0.089017  0.039093  0.079974
5568  0.000000  0.048410  0.000000  0.088886  0.038981  0.079882
5569  0.000000  0.048317  0.000000  0.088754  0.038868  0.079791
5570  0.000000  0.048224  0.000000  0.088623  0.038755  0.079700
5571  0.000000  0.048130  0.000000  0.088492  0.038643  0.079609
5572  0.000000  0.048036  0.000000  0.088361  0.038530  0.079518
5573  0.000000  0.047943  0.000000  0.088230  0.038417  0.079426
5574  0.000000  0.047849  0.000000  0.088099  0.038305  0.079335
5575  0.000000  0.047754  0.000000  0.087968  0.038192  0.079244
5576  0.000000  0.047660  0.000000  0.087837  0.038079  0.079153
5577  0.000000  0.047566  0.000000  0.087706  0.037967  0.079062
5578  0.000000  0.047471  0.000000  0.087575  0.037854  0.078971
5579  0.000000  0.047377  0.000000  0.087445  0.037741  0.078881
5580  0.000000  0.047282  0.000000  0.087314  0.037629  0.078790
5581  0.000000  0.047187  0.000000  0.087184  0.037516  0.078699
5582  0.000000  0.047092  0.000000  0.087053  0.037403  0.078608
5583  0.000000  0.046997  0.000000  0.086923  0.037291  0.078518
5584  0.000000  0.046901  0.000000  0.086793  0.037178  0.078427
5585  0.000000  0.046806  0.000000  0.086663  0.037065  0.078336
5586  0.000000  0.046710  0.000000  0.086532  0.036953  0.078246
5587  0.000000  0.046614  0.000000  0.086402  0.036840  0.078155
5588  0.000000  0.046519  0.000000  0.086273  0.036727  0.078065
5589  0.000000  0.046423  0.000000  0.086143  0.036614  0.077974
5590  0.000000  0.046326  0.000000  0.086013  0.036502  0.077884
5591  0.000000  0.046230  0.000000  0.085883  0.036389  0.077793
5592  0.000000  0.046134  0.000000  0.085754  0.036276  0.077703
5593  0.000000  0.046037  0.000000  0.085624  0.036163  0.077613
5594  0.000000  0.045940  0.000000  0.085495  0.036050  0.077522
5595  0.000000  0.045844  0.000000  0.085365  0.035938  0.077432
5596  0.000000  0.045747  0.000000  0.085236  0.035825  0.077342
5597  0.000000  0.045650  0.000000  0.085107  0.035712  0.077252
5598  0.000000  0.045552  0.000000  0.084978  0.035599  0.077162
5599  0.000000  0.045455  0.000000  0.084849  0.035487  0.077072
5600  0.000000  0.045358  0.000000  0.084720  0.035374  0.076982
5601  0.000000  0.045260  0.000000  0.084591  0.035261  0.076892
5602  0.000000  0.045162  0.000000  0.084462  0.035148  0.076802
5603  0.000000  0.045065  0.000000  0.084334  0.035035  0.076712
5604  0.000000  0.044967  0.000000  0.084205  0.034922  0.076622
5605  0.000000  0.044869  0.000000  0.084076  0.034810  0.076532
5606  0.000000  0.044770  0.000000  0.083948  0.034697  0.076442
5607  0.000000  0.044672  0.000000  0.083820  0.034584  0.076352
5608  0.000000  0.044574  0.000000  0.083691  0.034471  0.076263
5609  0.000000  0.044475  0.000000  0.083563  0.034358  0.076173
5610  0.000000  0.044376  0.000000  0.083435  0.034245  0.076083
5611  0.000000  0.044278  0.000000  0.083307  0.034132  0.075994
5612  0.000000  0.044179  0.000000  0.083179  0.034020  0.075904
5613  0.000000  0.044080  0.000000  0.083051  0.033907  0.075815
5614  0.000000  0.043981  0.000000  0.082924  0.033794  0.075725
5615  0.000000  0.043881  0.000000  0.082796  0.033681  0.075636
5616  0.000000  0.043782  0.000000  0.082668  0.033568  0.075546
5617  0.000000  0.043683  0.000000  0.082541  0.033455  0.075457
5618  0.000000  0.043583  0.000000  0.082413  0.033342  0.075368
5619  0.000000  0.043483  0.000000  0.082286  0.033229  0.075278
5620  0.000000  0.043383  0.000000  0.082159  0.033116  0.075189
5621  0.000000  0.043283  0.000000  0.082032  0.033003  0.075100
5622  0.000000  0.043183  0.000000  0.081905  0.032890  0.075011
5623  0.000000  0.043083  0.000000  0.081778  0.032777  0.074921
5624  0.000000  0.042983  0.000000  0.081651  0.032664  0.074832
5625  0.000000  0.042883  0.000000  0.081524  0.032551  0.074743
5626  0.000000  0.042782  0.000000  0.081397  0.032438  0.074654
5627  0.000000  0.042682  0.000000  0.081271  0.032326  0.074565
5628  0.000000  0.042581  0.000000  0.081144  0.032213  0.074476
5629  0.000000  0.042480  0.000000  0.081018  0.032100  0.074387
5630  0.000000  0.042379  0.000000  0.080891  0.031987  0.074299
5631  0.000000  0.042278  0.000000  0.080765  0.031874  0.074210
5632  0.000000  0.042177  0.000000  0.080639  0.031761  0.074121
5633  0.000000  0.042076  0.000000  0.080513  0.031647  0.074032
5634  0.000000  0.041974  0.000000  0.080387  0.031534  0.073943
5635  0.000000  0.041873  0.000000  0.080261  0.031421  0.073855
5636  0.000000  0.041771  0.000000  0.080135  0.031308  0.073766
5637  0.000000  0.041670  0.000000  0.080009  0.031195  0.073677
5638  0.000000  0.041568  0.000000  0.079884  0.031082  0.073589
5639  0.000000  0.041466  0.000000  0.079758  0.030969  0.073500
5640  0.000000  0.041364  0.000000  0.079633  0.030856  0.073412
5641  0.000000  0.041262  0.000000  0.079508  0.030743  0.073323
5642  0.000000  0.041160  0.000000  0.079382  0.030630  0.073235
5643  0.000000  0.041058  0.000000  0.079257  0.030517  0.073147
5644  0.000000  0.040955  0.000000  0.079132  0.030404  0.073058
5645  0.000000  0.040853  0.000000  0.079007  0.030291  0.072970
5646  0.000000  0.040750  0.000000  0.078882  0.030178  0.072882
5647  0.000000  0.040648  0.000000  0.078758  0.030065  0.072793
5648  0.000000  0.040545  0.000000  0.078633  0.029951  0.072705
5649  0.000000  0.040442  0.000000  0.078508  0.029838  0.072617
5650  0.000000  0.040339  0.000000  0.078384  0.029725  0.072529
5651  0.000000  0.040236  0.000000  0.078260  0.029612  0.072441
5652  0.000000  0.040133  0.000000  0.078135  0.029499  0.072353
5653  0.000000  0.040030  0.000000  0.078011  0.029386  0.072265
5654  0.000000  0.039926  0.000000  0.077887  0.029273  0.072177
5655  0.000000  0.039823  0.000000  0.077763  0.029160  0.072089
5656  0.000000  0.039719  0.000000  0.077639  0.029046  0.072001
5657  0.000000  0.039616  0.000000  0.077515  0.028933  0.071913
5658  0.000000  0.039512  0.000000  0.077392  0.028820  0.071825
5659  0.000000  0.039408  0.000000  0.077268  0.028707  0.071737
5660  0.000000  0.039304  0.000000  0.077145  0.028594  0.071650
5661  0.000000  0.039200  0.000000  0.077021  0.028480  0.071562
5662  0.000000  0.039096  0.000000  0.076898  0.028367  0.071474
5663  0.000000  0.038992  0.000000  0.076775  0.028254  0.071387
5664  0.000000  0.038888  0.000000  0.076652  0.028141  0.071299
5665  0.000000  0.038784  0.000000  0.076529  0.028028  0.071211
5666  0.000000  0.038679  0.000000  0.076406  0.027914  0.071124
5667  0.000000  0.038575  0.000000  0.076283  0.027801  0.071036
5668  0.000000  0.038470  0.000000  0.076160  0.027688  0.070949
5669  0.000000  0.038365  0.000000  0.076038  0.027575  0.070861
5670  0.000000  0.038261  0.000000  0.075915  0.027461  0.070774
5671  0.000000  0.038156  0.000000  0.075793  0.027348  0.070687
5672  0.000000  0.038051  0.000000  0.075670  0.027235  0.070599
5673  0.000000  0.037946  0.000000  0.075548  0.027122  0.070512
5674  0.000000  0.037841  0.000000  0.075426  0.027008  0.070425
5675  0.000000  0.037735  0.000000  0.075304  0.026895  0.070338
5676  0.000000  0.037630  0.000000  0.075182  0.026782  0.070250
5677  0.000000  0.037525  0.000000  0.075061  0.026668  0.070163
5678  0.000000  0.037419  0.000000  0.074939  0.026555  0.070076
5679  0.000000  0.037314  0.000000  0.074817  0.026442  0.069989
5680  0.000000  0.037208  0.000000  0.074696  0.026329  0.069902
5681  0.000000  0.037102  0.000000  0.074575  0.026215  0.069815
5682  0.000000  0.036997  0.000000  0.074454  0.026102  0.069728
5683  0.000000  0.036891  0.000000  0.074332  0.025989  0.069641
5684  0.000000  0.036785  0.000000  0.074211  0.025875  0.069554
5685  0.000000  0.036679  0.000000  0.074091  0.025762  0.069467
5686  0.000000  0.036573  0.000000  0.073970  0.025649  0.069381
5687  0.000000  0.036467  0.000000  0.073849  0.025535  0.069294
5688  0.000000  0.036360  0.000000  0.073729  0.025422  0.069207
5689  0.000000  0.036254  0.000000  0.073608  0.025308  0.069120
5690  0.000000  0.036148  0.000000  0.073488  0.025195  0.069034
5691  0.000000  0.036041  0.000000  0.073367  0.025082  0.068947
5692  0.000000  0.035935  0.000000  0.073247  0.024968  0.068860
5693  0.000000  0.035828  0.000000  0.073127  0.024855  0.068774
5694  0.000000  0.035721  0.000000  0.073007  0.024741  0.068687
5695  0.000000  0.035615  0.000000  0.072888  0.024628  0.068601
5696  0.000000  0.035508  0.000000  0.072768  0.024515  0.068514
5697  0.000000  0.035401  0.000000  0.072648  0.024401  0.068428
5698  0.000000  0.035294  0.000000  0.072529  0.024288  0.068342
5699  0.000000  0.035187  0.000000  0.072410  0.024174  0.068255
5700  0.000000  0.000000  0.000000  0.280337  0.259785  0.105361
5701  0.000000  0.000000  0.000000  0.279964  0.259122  0.105998
5702  0.000000  0.000000  0.000000  0.279593  0.258459  0.106635
5703  0.000000  0.000000  0.000000  0.279225  0.257798  0.107271
5704  0.000000  0.000000  0.000000  0.278860  0.257136  0.107906
5705  0.000000  0.000000  0.000000  0.278497  0.256475  0.108541
5706  0.000000  0.000000  0.000000  0.278137  0.255815  0.109175
5707  0.000000  0.000000  0.000000  0.277780  0.255155  0.109808
5708  0.000000  0.000000  0.000000  0.277425  0.254495  0.110440
5709  0.000000  0.000000  0.000000  0.277073  0.253836  0.111071
5710  0.000000  0.000000  0.000000  0.276724  0.253177  0.111702
5711  0.000000  0.000000  0.000000  0.276377  0.252519  0.112332
5712  0.000000  0.000000  0.000000  0.276034  0.251862  0.112961
5713  0.000000  0.000000  0.000000  0.275693  0.251205  0.113590
5714  0.000000  0.000000  0.000000  0.275354  0.250548  0.114217
5715  0.000000  0.000000  0.000000  0.275018  0.249892  0.114844
5716  0.000000  0.000000  0.000000  0.274686  0.249236  0.115471
5717  0.000000  0.000000  0.000000  0.274355  0.248581  0.116096
5718  0.000000  0.000000  0.000000  0.274028  0.247926  0.116721
5719  0.000000  0.000000  0.000000  0.273703  0.247272  0.117345
5720  0.000000  0.000000  0.000000  0.273381  0.246618  0.117969
5721  0.000000  0.000000  0.000000  0.273062  0.245965  0.118591
5722  0.000000  0.000000  0.000000  0.272745  0.245312  0.119213
5723  0.000000  0.000000  0.000000  0.272432  0.244660  0.119834
5724  0.000000  0.000000  0.000000  0.272121  0.244009  0.120455
5725  0.000000  0.000000  0.000000  0.271812  0.243357  0.121075
5726  0.000000  0.000000  0.000000  0.271507  0.242707  0.121694
5727  0.000000  0.000000  0.000000  0.271204  0.242057  0.122312
5728  0.000000  0.000000  0.000000  0.270904  0.241407  0.122930
5729  0.000000  0.000000  0.000000  0.270607  0.240758  0.123547
5730  0.000000  0.000000  0.000000  0.270313  0.240109  0.124163
5731  0.000000  0.000000  0.000000  0.270021  0.239461  0.124779
5732  0.000000  0.000000  0.000000  0.269732  0.238813  0.125394
5733  0.000000  0.000000  0.000000  0.269446  0.238166  0.126008
5734  0.000000  0.000000  0.000000  0.269163  0.237520  0.126621
5735  0.000000  0.000000  0.000000  0.268882  0.236874  0.127234
5736  0.000000  0.000000  0.000000  0.268604  0.236228  0.127846
5737  0.000000  0.000000  0.000000  0.268330  0.235583  0.128458
5738  0.000000  0.000000  0.000000  0.268057  0.234939  0.129068
5739  0.000000  0.000000  0.000000  0.267788  0.234295  0.129678
5740  0.000000  0.000000  0.000000  0.267522  0.233651  0.130288
5741  0.000000  0.000000  0.000000  0.267258  0.233008  0.130897
5742  0.000000  0.000000  0.000000  0.266997  0.232366  0.131505
5743  0.000000  0.000000  0.000000  0.266739  0.231724  0.132112
5744  0.000000  0.000000  0.000000  0.266484  0.231083  0.132719
5745  0.000000  0.000000  0.000000  0.266231  0.230442  0.133325
5746  0.000000  0.000000  0.000000  0.265981  0.229802  0.133930
5747  0.000000  0.000000  0.000000  0.265735  0.229162  0.134535
5748  0.000000  0.000000  0.000000  0.265491  0.228523  0.135139
5749  0.000000  0.000000  0.000000  0.265249  0.227884  0.135742
5750  0.000000  0.000000  0.000000  0.265011  0.227246  0.136345
5751  0.000000  0.000000  0.000000  0.264776  0.226609  0.136947
5752  0.000000  0.000000  0.000000  0.264543  0.225972  0.137549
5753  0.000000  0.000000  0.000000  0.264313  0.225335  0.138149
5754  0.000000  0.000000  0.000000  0.264086  0.224700  0.138750
5755  0.000000  0.000000  0.000000  0.263862  0.224064  0.139349
5756  0.000000  0.000000  0.000000  0.263640  0.223430  0.139948
5757  0.000000  0.000000  0.000000  0.263422  0.222795  0.140546
5758  0.000000  0.000000  0.000000  0.263206  0.222162  0.141144
5759  0.000000  0.000000  0.000000  0.262993  0.221529  0.141741
5760  0.000000  0.000000  0.000000  0.262783  0.220896  0.142337
5761  0.000000  0.000000  0.000000  0.262576  0.220264  0.142933
5762  0.000000  0.000000  0.000000  0.262372  0.219633  0.143528
5763  0.000000  0.000000  0.000000  0.262170  0.219002  0.144122
5764  0.000000  0.000000  0.000000  0.261971  0.218372  0.144716
5765  0.000000  0.000000  0.000000  0.261775  0.217742  0.145310
5766  0.000000  0.000000  0.000000  0.261582  0.217113  0.145902
5767  0.000000  0.000000  0.000000  0.261392  0.216484  0.146494
5768  0.000000  0.000000  0.000000  0.261205  0.215856  0.147086
5769  0.000000  0.000000  0.000000  0.261021  0.215229  0.147676
5770  0.000000  0.000000  0.000000  0.260839  0.214602  0.148266
5771  0.000000  0.000000  0.000000  0.260660  0.213976  0.148856
5772  0.000000  0.000000  0.000000  0.260484  0.213350  0.149445
5773  0.000000  0.000000  0.000000  0.260311  0.212725  0.150033
5774  0.000000  0.000000  0.000000  0.260141  0.212100  0.150621
5775  0.000000  0.000000  0.000000  0.259974  0.211477  0.151208
5776  0.000000  0.000000  0.000000  0.259809  0.210853  0.151795
5777  0.000000  0.000000  0.000000  0.259647  0.210230  0.152381
5778  0.000000  0.000000  0.000000  0.259488  0.209608  0.152966
5779  0.000000  0.000000  0.000000  0.259332  0.208987  0.153551
5780  0.000000  0.000000  0.000000  0.259179  0.208366  0.154135
5781  0.000000  0.000000  0.000000  0.259029  0.207745  0.154719
5782  0.000000  0.000000  0.000000  0.258882  0.207126  0.155302
5783  0.000000  0.000000  0.000000  0.258737  0.206506  0.155884
5784  0.000000  0.000000  0.000000  0.258595  0.205888  0.156466
5785  0.000000  0.000000  0.000000  0.258456  0.205270  0.157048
5786  0.000000  0.000000  0.000000  0.258320  0.204652  0.157628
5787  0.000000  0.000000  0.000000  0.258187  0.204036  0.158208
5788  0.000000  0.000000  0.000000  0.258056  0.203419  0.158788
5789  0.000000  0.000000  0.000000  0.257929  0.202804  0.159367
5790  0.000000  0.000000  0.000000  0.257804  0.202189  0.159946
5791  0.000000  0.000000  0.000000  0.257682  0.201574  0.160524
5792  0.000000  0.000000  0.000000  0.257563  0.200961  0.161101
5793  0.000000  0.000000  0.000000  0.257447  0.200347  0.161678
5794  0.000000  0.000000  0.000000  0.257333  0.199735  0.162254
5795  0.000000  0.000000  0.000000  0.257223  0.199123  0.162830
5796  0.000000  0.000000  0.000000  0.257115  0.198512  0.163405
5797  0.000000  0.000000  0.000000  0.257010  0.197901  0.163979
5798  0.000000  0.000000  0.000000  0.256908  0.197291  0.164554
5799  0.000000  0.000000  0.000000  0.256808  0.196681  0.165127
5800  0.000000  0.000000  0.000000  0.256712  0.196073  0.165700
5801  0.000000  0.000000  0.000000  0.256618  0.195464  0.166272
5802  0.000000  0.000000  0.000000  0.256527  0.194857  0.166844
5803  0.000000  0.000000  0.000000  0.256439  0.194250  0.167416
5804  0.000000  0.000000  0.000000  0.256354  0.193644  0.167987
5805  0.000000  0.000000  0.000000  0.256271  0.193038  0.168557
5806  0.000000  0.000000  0.000000  0.256192  0.192433  0.169127
5807  0.000000  0.000000  0.000000  0.256115  0.191828  0.169696
5808  0.000000  0.000000  0.000000  0.256041  0.191225  0.170265
5809  0.000000  0.000000  0.000000  0.255970  0.190621  0.170833
5810  0.000000  0.000000  0.000000  0.255901  0.190019  0.171401
5811  0.000000  0.000000  0.000000  0.255835  0.189417  0.171968
5812  0.000000  0.000000  0.000000  0.255772  0.188816  0.172534
5813  0.000000  0.000000  0.000000  0.255712  0.188215  0.173101
5814  0.000000  0.000000  0.000000  0.255655  0.187615  0.173666
5815  0.000000  0.000000  0.000000  0.255600  0.187016  0.174231
5816  0.000000  0.000000  0.000000  0.255548  0.186417  0.174796
5817  0.000000  0.000000  0.000000  0.255499  0.185819  0.175360
5818  0.000000  0.000000  0.000000  0.255453  0.185222  0.175924
5819  0.000000  0.000000  0.000000  0.255410  0.184625  0.176487
5820  0.000000  0.000000  0.000000  0.255369  0.184029  0.177050
5821  0.000000  0.000000  0.000000  0.255331  0.183434  0.177612
5822  0.000000  0.000000  0.000000  0.255295  0.182839  0.178173
5823  0.000000  0.000000  0.000000  0.255263  0.182245  0.178734
5824  0.000000  0.000000  0.000000  0.255233  0.181651  0.179295
5825  0.000000  0.000000  0.000000  0.255206  0.181058  0.179855
5826  0.000000  0.000000  0.000000  0.255182  0.180466  0.180415
5827  0.000000  0.000000  0.000000  0.255160  0.179875  0.180974
5828  0.000000  0.000000  0.000000  0.255141  0.179284  0.181533
5829  0.000000  0.000000  0.000000  0.255125  0.178694  0.182091
5830  0.000000  0.000000  0.000000  0.255112  0.178104  0.182649
5831  0.000000  0.000000  0.000000  0.255101  0.177516  0.183206
5832  0.000000  0.000000  0.000000  0.255093  0.176928  0.183763
5833  0.000000  0.000000  0.000000  0.255087  0.176340  0.184320
5834  0.000000  0.000000  0.000000  0.255085  0.175753  0.184875
5835  0.000000  0.000000  0.000000  0.255085  0.175167  0.185431
5836  0.000000  0.000000  0.000000  0.255087  0.174582  0.185986
5837  0.000000  0.000000  0.000000  0.255093  0.173997  0.186540
5838  0.000000  0.000000  0.000000  0.255101  0.173413  0.187094
5839  0.000000  0.000000  0.000000  0.255111  0.172830  0.187648
5840  0.000000  0.000000  0.000000  0.255125  0.172247  0.188201
5841  0.000000  0.000000  0.000000  0.255141  0.171665  0.188754
5842  0.000000  0.000000  0.000000  0.255160  0.171083  0.189306
5843  0.000000  0.000000  0.000000  0.255181  0.170503  0.189858
5844  0.000000  0.000000  0.000000  0.255205  0.169923  0.190409
5845  0.000000  0.000000  0.000000  0.255231  0.169344  0.190960
5846  0.000000  0.000000  0.000000  0.255261  0.168765  0.191511
5847  0.000000  0.000000  0.000000  0.255292  0.168187  0.192061
5848  0.000000  0.000000  0.000000  0.255327  0.167610  0.192610
5849  0.000000  0.000000  0.000000  0.255364  0.167033  0.193160
5850  0.000000  0.000000  0.000000  0.255404  0.166458  0.193708
5851  0.000000  0.000000  0.000000  0.255446  0.165882  0.194257
5852  0.000000  0.000000  0.000000  0.255491  0.165308  0.194804
5853  0.000000  0.000000  0.000000  0.255538  0.164734  0.195352
5854  0.000000  0.000000  0.000000  0.255588  0.164161  0.195899
5855  0.000000  0.000000  0.000000  0.255641  0.163589  0.196446
5856  0.000000  0.000000  0.000000  0.255696  0.163017  0.196992
5857  0.000000  0.000000  0.000000  0.255754  0.162446  0.197537
5858  0.000000  0.000000  0.000000  0.255814  0.161876  0.198083
5859  0.000000  0.000000  0.000000  0.255877  0.161307  0.198628
5860  0.000000  0.000000  0.000000  0.255942  0.160738  0.199172
5861  0.000000  0.000000  0.000000  0.256010  0.160170  0.199716
5862  0.000000  0.000000  0.000000  0.256080  0.159603  0.200260
5863  0.000000  0.000000  0.000000  0.256153  0.159036  0.200803
5864  0.000000  0.000000  0.000000  0.256229  0.158470  0.201346
5865  0.000000  0.000000  0.000000  0.256306  0.157905  0.201889
5866  0.000000  0.000000  0.000000  0.256387  0.157340  0.202431
5867  0.000000  0.000000  0.000000  0.256470  0.156777  0.202973
5868  0.000000  0.000000  0.000000  0.256555  0.156214  0.203514
5869  0.000000  0.000000  0.000000  0.256643  0.155651  0.204055
5870  0.000000  0.000000  0.000000  0.256733  0.155090  0.204595
5871  0.000000  0.000000  0.000000  0.256826  0.154529  0.205135
5872  0.000000  0.000000  0.000000  0.256921  0.153969  0.205675
5873  0.000000  0.000000  0.000000  0.257019  0.153409  0.206214
5874  0.000000  0.000000  0.000000  0.257119  0.152851  0.206753
5875  0.000000  0.000000  0.000000  0.257222  0.152293  0.207292
5876  0.000000  0.000000  0.000000  0.257327  0.151735  0.207830
5877  0.000000  0.000000  0.000000  0.257434  0.151179  0.208368
5878  0.000000  0.000000  0.000000  0.257544  0.150623  0.208906
5879  0.000000  0.000000  0.000000  0.257656  0.150068  0.209443
5880  0.000000  0.000000  0.000000  0.257771  0.149514  0.209979
5881  0.000000  0.000000  0.000000  0.257888  0.148961  0.210516
5882  0.000000  0.000000  0.000000  0.258007  0.148408  0.211052
5883  0.000000  0.000000  0.000000  0.258129  0.147856  0.211587
5884  0.000000  0.000000  0.000000  0.258253  0.147304  0.212123
5885  0.000000  0.000000  0.000000  0.258379  0.146754  0.212657
5886  0.000000  0.000000  0.000000  0.258508  0.146204  0.213192
5887  0.000000  0.000000  0.000000  0.258639  0.145655  0.213726
5888  0.000000  0.000000  0.000000  0.258773  0.145107  0.214260
5889  0.000000  0.000000  0.000000  0.258908  0.144559  0.214793
5890  0.000000  0.000000  0.000000  0.259047  0.144013  0.215327
5891  0.000000  0.000000  0.000000  0.259187  0.143467  0.215859
5892  0.000000  0.000000  0.000000  0.259330  0.142921  0.216392
5893  0.000000  0.000000  0.000000  0.259475  0.142377  0.216924
5894  0.000000  0.000000  0.000000  0.259622  0.141833  0.217456
5895  0.000000  0.000000  0.000000  0.259771  0.141290  0.217987
5896  0.000000  0.000000  0.000000  0.259923  0.140748  0.218518
5897  0.000000  0.000000  0.000000  0.260077  0.140206  0.219049
5898  0.000000  0.000000  0.000000  0.260233  0.139666  0.219579
5899  0.000000  0.000000  0.000000  0.260392  0.139126  0.220109
5900  0.000000  0.000000  0.000000  0.260553  0.138587  0.220639
5901  0.000000  0.000000  0.000000  0.260716  0.138048  0.221168
5902  0.000000  0.000000  0.000000  0.260881  0.137511  0.221697
5903  0.000000  0.000000  0.000000  0.261048  0.136974  0.222226
5904  0.000000  0.000000  0.000000  0.261218  0.136438  0.222754
5905  0.000000  0.000000  0.000000  0.261390  0.135902  0.223283
5906  0.000000  0.000000  0.000000  0.261564  0.135368  0.223810
5907  0.000000  0.000000  0.000000  0.261740  0.134834  0.224338
5908  0.000000  0.000000  0.000000  0.261918  0.134301  0.224865
5909  0.000000  0.000000  0.000000  0.262098  0.133769  0.225392
5910  0.000000  0.000000  0.000000  0.262281  0.133238  0.225918
5911  0.000000  0.000000  0.000000  0.262466  0.132707  0.226444
5912  0.000000  0.000000  0.000000  0.262653  0.132177  0.226970
5913  0.000000  0.000000  0.000000  0.262841  0.131648  0.227496
5914  0.000000  0.000000  0.000000  0.263033  0.131120  0.228021
5915  0.000000  0.000000  0.000000  0.263226  0.130592  0.228546
5916  0.000000  0.000000  0.000000  0.263421  0.130066  0.229071
5917  0.000000  0.000000  0.000000  0.263618  0.129540  0.229595
5918  0.000000  0.000000  0.000000  0.263818  0.129015  0.230119
5919  0.000000  0.000000  0.000000  0.264019  0.128490  0.230643
5920  0.000000  0.000000  0.000000  0.264223  0.127967  0.231167
5921  0.000000  0.000000  0.000000  0.264428  0.127444  0.231690
5922  0.000000  0.000000  0.000000  0.264636  0.126922  0.232213
5923  0.000000  0.000000  0.000000  0.264845  0.126401  0.232736
5924  0.000000  0.000000  0.000000  0.265057  0.125881  0.233258
5925  0.000000  0.000000  0.000000  0.265271  0.125361  0.233780
5926  0.000000  0.000000  0.000000  0.265486  0.124843  0.234302
5927  0.000000  0.000000  0.000000  0.265704  0.124325  0.234823
5928  0.000000  0.000000  0.000000  0.265924  0.123808  0.235345
5929  0.000000  0.000000  0.000000  0.266145  0.123292  0.235866
5930  0.000000  0.000000  0.000000  0.266369  0.122776  0.236386
5931  0.000000  0.000000  0.000000  0.266595  0.122261  0.236907
5932  0.000000  0.000000  0.000000  0.266822  0.121748  0.237427
5933  0.000000  0.000000  0.000000  0.267051  0.121235  0.237947
5934  0.000000  0.000000  0.000000  0.267283  0.120722  0.238466
5935  0.000000  0.000000  0.000000  0.267516  0.120211  0.238986
5936  0.000000  0.000000  0.000000  0.267751  0.119700  0.239505
5937  0.000000  0.000000  0.000000  0.267988  0.119191  0.240024
5938  0.000000  0.000000  0.000000  0.268227  0.118682  0.240542
5939  0.000000  0.000000  0.000000  0.268468  0.118174  0.241061
5940  0.000000  0.000000  0.000000  0.268711  0.117666  0.241579
5941  0.000000  0.000000  0.000000  0.268956  0.117160  0.242096
5942  0.000000  0.000000  0.000000  0.269202  0.116654  0.242614
5943  0.000000  0.000000  0.000000  0.269451  0.116150  0.243131
5944  0.000000  0.000000  0.000000  0.269701  0.115646  0.243648
5945  0.000000  0.000000  0.000000  0.269953  0.115143  0.244165
5946  0.000000  0.000000  0.000000  0.270207  0.114640  0.244682
5947  0.000000  0.000000  0.000000  0.270462  0.114139  0.245198
5948  0.000000  0.000000  0.000000  0.270720  0.113638  0.245714
5949  0.000000  0.000000  0.000000  0.270979  0.113138  0.246230
5950  0.000000  0.000000  0.000000  0.271240  0.112639  0.246746
5951  0.000000  0.000000  0.000000  0.271503  0.112141  0.247261
5952  0.000000  0.000000  0.000000  0.271767  0.111644  0.247776
5953  0.000000  0.000000  0.000000  0.272034  0.111148  0.248291
5954  0.000000  0.000000  0.000000  0.272302  0.110652  0.248806
5955  0.000000  0.000000  0.000000  0.272572  0.110157  0.249321
5956  0.000000  0.000000  0.000000  0.272843  0.109663  0.249835
5957  0.000000  0.000000  0.000000  0.273117  0.109170  0.250349
5958  0.000000  0.000000  0.000000  0.273392  0.108678  0.250863
5959  0.000000  0.000000  0.000000  0.273668  0.108187  0.251376
5960  0.000000  0.000000  0.000000  0.273947  0.107696  0.251890
5961  0.000000  0.000000  0.000000  0.274227  0.107207  0.252403
5962  0.000000  0.000000  0.000000  0.274509  0.106718  0.252916
5963  0.000000  0.000000  0.000000  0.274792  0.106230  0.253429
5964  0.000000  0.000000  0.000000  0.275077  0.105743  0.253941
5965  0.000000  0.000000  0.000000  0.275364  0.105257  0.254453
5966  0.000000  0.000000  0.000000  0.275653  0.104771  0.254966
5967  0.000000  0.000000  0.000000  0.275943  0.104287  0.255477
5968  0.000000  0.000000  0.000000  0.276235  0.103803  0.255989
5969  0.000000  0.000000  0.000000  0.276528  0.103320  0.256501
5970  0.000000  0.000000  0.000000  0.276823  0.102839  0.257012
5971  0.000000  0.000000  0.000000  0.277119  0.102358  0.257523
5972  0.000000  0.000000  0.000000  0.277418  0.101877  0.258034
5973  0.000000  0.000000  0.000000  0.277717  0.101398  0.258545
5974  0.000000  0.000000  0.000000  0.278019  0.100920  0.259055
5975  0.000000  0.000000  0.000000  0.278322  0.100442  0.259566
5976  0.000000  0.000000  0.000000  0.278626  0.099966  0.260076
5977  0.000000  0.000000  0.000000  0.278932  0.099490  0.260586
5978  0.000000  0.000000  0.000000  0.279240  0.099015  0.261095
5979  0.000000  0.000000  0.000000  0.279549  0.098541  0.261605
5980  0.000000  0.000000  0.000000  0.279859  0.098068  0.262115
5981  0.000000  0.000000  0.000000  0.280172  0.097595  0.262624
5982  0.000000  0.000000  0.000000  0.280485  0.097124  0.263133
5983  0.000000  0.000000  0.000000  0.280800  0.096654  0.263642
5984  0.000000  0.000000  0.000000  0.281117  0.096184  0.264150
5985  0.000000  0.000000  0.000000  0.281435  0.095715  0.264659
5986  0.000000  0.000000  0.000000  0.281755  0.095247  0.265167
5987  0.000000  0.000000  0.000000  0.282076  0.094780  0.265676
5988  0.000000  0.000000  0.000000  0.282398  0.094314  0.266184
5989  0.000000  0.000000  0.000000  0.282722  0.093849  0.266691
5990  0.000000  0.000000  0.000000  0.283048  0.093385  0.267199
5991  0.000000  0.000000  0.000000  0.283375  0.092921  0.267707
5992  0.000000  0.000000  0.000000  0.283703  0.092459  0.268214
5993  0.000000  0.000000  0.000000  0.284033  0.091997  0.268721
5994  0.000000  0.000000  0.000000  0.284364  0.091537  0.269228
5995  0.000000  0.000000  0.000000  0.284696  0.091077  0.269735
5996  0.000000  0.000000  0.000000  0.285030  0.090618  0.270242
5997  0.000000  0.000000  0.000000  0.285366  0.090160  0.270749
5998  0.000000  0.000000  0.000000  0.285702  0.089703  0.271255
5999  0.000000  0.000000  0.000000  0.286041  0.089247  0.271761
6000  0.000000  0.000000  0.000000  0.286380  0.088792  0.272267
6001  0.000000  0.000000  0.000000  0.286721  0.088337  0.272773
6002  0.000000  0.000000  0.000000  0.287063  0.087884  0.273279
6003  0.000000  0.000000  0.000000  0.287406  0.087431  0.273785
6004  0.000000  0.000000  0.000000  0.287751  0.086980  0.274291
6005  0.000000  0.000000  0.000000  0.288097  0.086529  0.274796
6006  0.000000  0.000000  0.000000  0.288445  0.086079  0.275301
6007  0.000000  0.000000  0.000000  0.288794  0.085630  0.275807
6008  0.000000  0.000000  0.000000  0.289144  0.085182  0.276312
6009  0.000000  0.000000  0.000000  0.289495  0.084735  0.276817
6010  0.000000  0.000000  0.000000  0.289848  0.084289  0.277321
6011  0.000000  0.000000  0.000000  0.290202  0.083844  0.277826
6012  0.000000  0.000000  0.000000  0.290557  0.083400  0.278330
6013  0.000000  0.000000  0.000000  0.290914  0.082957  0.278835
6014  0.000000  0.000000  0.000000  0.291271  0.082514  0.279339
6015  0.000000  0.000000  0.000000  0.291630  0.082073  0.279843
6016  0.000000  0.000000  0.000000  0.291990  0.081632  0.280347
6017  0.000000  0.000000  0.000000  0.292352  0.081193  0.280851
6018  0.000000  0.000000  0.000000  0.292715  0.080754  0.281355
6019  0.000000  0.000000  0.000000  0.293079  0.080316  0.281859
6020  0.000000  0.000000  0.000000  0.293444  0.079879  0.282362
6021  0.000000  0.000000  0.000000  0.293810  0.079443  0.282866
6022  0.000000  0.000000  0.000000  0.294178  0.079009  0.283369
6023  0.000000  0.000000  0.000000  0.294546  0.078575  0.283872
6024  0.000000  0.000000  0.000000  0.294916  0.078141  0.284376
6025  0.000000  0.000000  0.000000  0.295287  0.077709  0.284879
6026  0.000000  0.000000  0.000000  0.295659  0.077278  0.285381
6027  0.000000  0.000000  0.000000  0.296033  0.076848  0.285884
6028  0.000000  0.000000  0.000000  0.296407  0.076419  0.286387
6029  0.000000  0.000000  0.000000  0.296783  0.075990  0.286890
6030  0.000000  0.000000  0.000000  0.297160  0.075563  0.287392
6031  0.000000  0.000000  0.000000  0.297538  0.075137  0.287895
6032  0.000000  0.000000  0.000000  0.297917  0.074711  0.288397
6033  0.000000  0.000000  0.000000  0.298297  0.074287  0.288899
6034  0.000000  0.000000  0.000000  0.298679  0.073863  0.289401
6035  0.000000  0.000000  0.000000  0.299061  0.073440  0.289903
6036  0.000000  0.000000  0.000000  0.299445  0.073019  0.290405
6037  0.000000  0.000000  0.000000  0.299829  0.072598  0.290907
6038  0.000000  0.000000  0.000000  0.300215  0.072178  0.291409
6039  0.000000  0.000000  0.000000  0.300602  0.071760  0.291911
6040  0.000000  0.000000  0.000000  0.300990  0.071342  0.292412
6041  0.000000  0.000000  0.000000  0.301378  0.070925  0.292914
6042  0.000000  0.000000  0.000000  0.301768  0.070509  0.293416
6043  0.000000  0.000000  0.000000  0.302160  0.070094  0.293917
6044  0.000000  0.000000  0.000000  0.302552  0.069680  0.294418
6045  0.000000  0.000000  0.000000  0.302945  0.069267  0.294920
6046  0.000000  0.000000  0.000000  0.303339  0.068855  0.295421
6047  0.000000  0.000000  0.000000  0.303734  0.068444  0.295922
6048  0.000000  0.000000  0.000000  0.304130  0.068034  0.296423
6049  0.000000  0.000000  0.000000  0.304527  0.067625  0.296924
6050  0.000000  0.000000  0.000000  0.304926  0.067217  0.297425
6051  0.000000  0.000000  0.000000  0.305325  0.066810  0.297926
6052  0.000000  0.000000  0.000000  0.305725  0.066404  0.298426
6053  0.000000  0.000000  0.000000  0.306126  0.065999  0.298927
6054  0.000000  0.000000  0.000000  0.306528  0.065595  0.299428
6055  0.000000  0.000000  0.000000  0.306932  0.065191  0.299928
6056  0.000000  0.000000  0.000000  0.307336  0.064789  0.300429
6057  0.000000  0.000000  0.000000  0.307741  0.064388  0.300930
6058  0.000000  0.000000  0.000000  0.308147  0.063988  0.301430
6059  0.000000  0.000000  0.000000  0.308554  0.063589  0.301930
6060  0.000000  0.000000  0.000000  0.308962  0.063190  0.302431
6061  0.000000  0.000000  0.000000  0.309371  0.062793  0.302931
6062  0.000000  0.000000  0.000000  0.309780  0.062397  0.303431
6063  0.000000  0.000000  0.000000  0.310191  0.062002  0.303932
6064  0.000000  0.000000  0.000000  0.310603  0.061607  0.304432
6065  0.000000  0.000000  0.000000  0.311015  0.061214  0.304932
6066  0.000000  0.000000  0.000000  0.311429  0.060822  0.305432
6067  0.000000  0.000000  0.000000  0.311843  0.060430  0.305932
6068  0.000000  0.000000  0.000000  0.312258  0.060040  0.306432
6069  0.000000  0.000000  0.000000  0.312675  0.059651  0.306932
6070  0.000000  0.000000  0.000000  0.313092  0.059263  0.307432
6071  0.000000  0.000000  0.000000  0.313510  0.058875  0.307932
6072  0.000000  0.000000  0.000000  0.313928  0.058489  0.308432
6073  0.000000  0.000000  0.000000  0.314348  0.058104  0.308931
6074  0.000000  0.000000  0.000000  0.314769  0.057720  0.309431
6075  0.000000  0.000000  0.000000  0.315190  0.057337  0.309931
6076  0.000000  0.000000  0.000000  0.315612  0.056954  0.310431
6077  0.000000  0.000000  0.000000  0.316035  0.056573  0.310931
6078  0.000000  0.000000  0.000000  0.316459  0.056193  0.311430
6079  0.000000  0.000000  0.000000  0.316884  0.055814  0.311930
6080  0.000000  0.000000  0.000000  0.317310  0.055436  0.312430
6081  0.000000  0.000000  0.000000  0.317736  0.055059  0.312929
6082  0.000000  0.000000  0.000000  0.318163  0.054683  0.313429
6083  0.000000  0.000000  0.000000  0.318591  0.054308  0.313928
6084  0.000000  0.000000  0.000000  0.319020  0.053934  0.314428
6085  0.000000  0.000000  0.000000  0.319450  0.053561  0.314928
6086  0.000000  0.000000  0.000000  0.319880  0.053189  0.315427
6087  0.000000  0.000000  0.000000  0.320311  0.052818  0.315927
6088  0.000000  0.000000  0.000000  0.320743  0.052448  0.316426
6089  0.000000  0.000000  0.000000  0.321176  0.052079  0.316926
6090  0.000000  0.000000  0.000000  0.321610  0.051711  0.317425
6091  0.000000  0.000000  0.000000  0.322044  0.051344  0.317925
6092  0.000000  0.000000  0.000000  0.322479  0.050978  0.318424
6093  0.000000  0.000000  0.000000  0.322915  0.050614  0.318924
6094  0.000000  0.000000  0.000000  0.323352  0.050250  0.319424
6095  0.000000  0.000000  0.000000  0.323789  0.049887  0.319923
6096  0.000000  0.000000  0.000000  0.324227  0.049526  0.320423
6097  0.000000  0.000000  0.000000  0.324666  0.049165  0.320922
6098  0.000000  0.000000  0.000000  0.325106  0.048806  0.321422
6099  0.000000  0.000000  0.000000  0.325546  0.048447  0.321921
6100  0.000000  0.000000  0.000000  0.325987  0.048090  0.322421
6101  0.000000  0.000000  0.000000  0.326429  0.047733  0.322920
6102  0.000000  0.000000  0.000000  0.326872  0.047378  0.323420
6103  0.000000  0.000000  0.000000  0.327315  0.047024  0.323920
6104  0.000000  0.000000  0.000000  0.327759  0.046671  0.324419
6105  0.000000  0.000000  0.000000  0.328204  0.046318  0.324919
6106  0.000000  0.000000  0.000000  0.328649  0.045967  0.325418
6107  0.000000  0.000000  0.000000  0.329095  0.045617  0.325918
6108  0.000000  0.000000  0.000000  0.329542  0.045268  0.326418
6109  0.000000  0.000000  0.000000  0.329989  0.044920  0.326917
6110  0.000000  0.000000  0.000000  0.330437  0.044573  0.327417
6111  0.000000  0.000000  0.000000  0.330886  0.044228  0.327917
6112  0.000000  0.000000  0.000000  0.331335  0.043883  0.328417
6113  0.000000  0.000000  0.000000  0.331786  0.043539  0.328916
6114  0.000000  0.000000  0.000000  0.332236  0.043197  0.329416
6115  0.000000  0.000000  0.000000  0.332688  0.042855  0.329916
6116  0.000000  0.000000  0.000000  0.333140  0.042515  0.330416
6117  0.000000  0.000000  0.000000  0.333593  0.042175  0.330916
6118  0.000000  0.000000  0.000000  0.334046  0.041837  0.331416
6119  0.000000  0.000000  0.000000  0.334500  0.041500  0.331916
6120  0.000000  0.000000  0.000000  0.334955  0.041163  0.332416
6121  0.000000  0.000000  0.000000  0.335410  0.040828  0.332916
6122  0.000000  0.000000  0.000000  0.335866  0.040494  0.333416
6123  0.000000  0.000000  0.000000  0.336323  0.040161  0.333916
6124  0.000000  0.000000  0.000000  0.336780  0.039829  0.334416
6125  0.000000  0.000000  0.000000  0.337238  0.039499  0.334916
6126  0.000000  0.000000  0.000000  0.337696  0.039169  0.335417
6127  0.000000  0.000000  0.000000  0.338155  0.038840  0.335917
6128  0.000000  0.000000  0.000000  0.338615  0.038513  0.336417
6129  0.000000  0.000000  0.000000  0.339075  0.038186  0.336918
6130  0.000000  0.000000  0.000000  0.339536  0.037861  0.337418
6131  0.000000  0.000000  0.000000  0.339997  0.037537  0.337919
6132  0.000000  0.000000  0.000000  0.340459  0.037214  0.338419
6133  0.000000  0.000000  0.000000  0.340922  0.036892  0.338920
6134  0.000000  0.000000  0.000000  0.341385  0.036571  0.339420
6135  0.000000  0.000000  0.000000  0.341849  0.036251  0.339921
6136  0.000000  0.000000  0.000000  0.342313  0.035932  0.340422
6137  0.000000  0.000000  0.000000  0.342778  0.035614  0.340923
6138  0.000000  0.000000  0.000000  0.343243  0.035298  0.341423
6139  0.000000  0.000000  0.000000  0.343709  0.034982  0.341924
6140  0.000000  0.000000  0.000000  0.344176  0.034668  0.342425
6141  0.000000  0.000000  0.000000  0.344643  0.034355  0.342926
6142  0.000000  0.000000  0.000000  0.345111  0.034043  0.343428
6143  0.000000  0.000000  0.000000  0.345579  0.033732  0.343929
6144  0.000000  0.000000  0.000000  0.346048  0.033422  0.344430
6145  0.000000  0.000000  0.000000  0.346517  0.033113  0.344931
6146  0.000000  0.000000  0.000000  0.346987  0.032805  0.345433
6147  0.000000  0.000000  0.000000  0.347457  0.032499  0.345934
6148  0.000000  0.000000  0.000000  0.347928  0.032193  0.346436
6149  0.000000  0.000000  0.000000  0.348400  0.031889  0.346937
6150  0.000000  0.000000  0.000000  0.348872  0.031586  0.347439
6151  0.000000  0.000000  0.000000  0.349344  0.031283  0.347941
6152  0.000000  0.000000  0.000000  0.349817  0.030982  0.348442
6153  0.000000  0.000000  0.000000  0.350291  0.030683  0.348944
6154  0.000000  0.000000  0.000000  0.350765  0.030384  0.349446
6155  0.000000  0.000000  0.000000  0.351239  0.030086  0.349948
6156  0.000000  0.000000  0.000000  0.351714  0.029790  0.350450
6157  0.000000  0.000000  0.000000  0.352190  0.029494  0.350953
6158  0.000000  0.000000  0.000000  0.352666  0.029200  0.351455
6159  0.000000  0.000000  0.000000  0.353142  0.028907  0.351957
6160  0.000000  0.000000  0.000000  0.353620  0.028615  0.352460
6161  0.000000  0.000000  0.000000  0.354097  0.028324  0.352962
6162  0.000000  0.000000  0.000000  0.354575  0.028035  0.353465
6163  0.000000  0.000000  0.000000  0.355054  0.027746  0.353968
6164  0.000000  0.000000  0.000000  0.355533  0.027459  0.354471
6165  0.000000  0.000000  0.000000  0.356012  0.027172  0.354974
6166  0.000000  0.000000  0.000000  0.356492  0.026887  0.355477
6167  0.000000  0.000000  0.000000  0.356972  0.026603  0.355980
6168  0.000000  0.000000  0.000000  0.357453  0.026321  0.356483
6169  0.000000  0.000000  0.000000  0.357935  0.026039  0.356986
6170  0.000000  0.000000  0.000000  0.358416  0.025758  0.357490
6171  0.000000  0.000000  0.000000  0.358899  0.025479  0.357993
6172  0.000000  0.000000  0.000000  0.359381  0.025201  0.358497
6173  0.000000  0.000000  0.000000  0.359864  0.024924  0.359000
6174  0.000000  0.000000  0.000000  0.360348  0.024648  0.359504
6175  0.000000  0.000000  0.000000  0.360832  0.024373  0.360008
6176  0.000000  0.000000  0.000000  0.361317  0.024099  0.360512
6177  0.000000  0.000000  0.000000  0.361801  0.023827  0.361016
6178  0.000000  0.000000  0.000000  0.362287  0.023556  0.361520
6179  0.000000  0.000000  0.000000  0.362773  0.023285  0.362025
6180  0.000000  0.000000  0.000000  0.363259  0.023016  0.362529
6181  0.000000  0.000000  0.000000  0.363746  0.022749  0.363034
6182  0.000000  0.000000  0.000000  0.364233  0.022482  0.363538
6183  0.000000  0.000000  0.000000  0.364720  0.022217  0.364043
6184  0.000000  0.000000  0.000000  0.365208  0.021952  0.364548
6185  0.000000  0.000000  0.000000  0.365697  0.021689  0.365053
6186  0.000000  0.000000  0.000000  0.366185  0.021427  0.365558
6187  0.000000  0.000000  0.000000  0.366675  0.021166  0.366063
6188  0.000000  0.000000  0.000000  0.367164  0.020907  0.366568
6189  0.000000  0.000000  0.000000  0.367654  0.020648  0.367074
6190  0.000000  0.000000  0.000000  0.368145  0.020391  0.367579
6191  0.000000  0.000000  0.000000  0.368635  0.020135  0.368085
6192  0.000000  0.000000  0.000000  0.369127  0.019880  0.368591
6193  0.000000  0.000000  0.000000  0.369618  0.019627  0.369097
6194  0.000000  0.000000  0.000000  0.370110  0.019374  0.369603
6195  0.000000  0.000000  0.000000  0.370603  0.019123  0.370109
6196  0.000000  0.000000  0.000000  0.371096  0.018873  0.370615
6197  0.000000  0.000000  0.000000  0.371589  0.018624  0.371122
6198  0.000000  0.000000  0.000000  0.372082  0.018376  0.371628
6199  0.000000  0.000000  0.000000  0.372576  0.018129  0.372135
6200  0.000000  0.000000  0.000000  0.373071  0.017884  0.372642
6201  0.000000  0.000000  0.000000  0.373566  0.017640  0.373149
6202  0.000000  0.000000  0.000000  0.374061  0.017397  0.373656
6203  0.000000  0.000000  0.000000  0.374556  0.017155  0.374163
6204  0.000000  0.000000  0.000000  0.375052  0.016914  0.374671
6205  0.000000  0.000000  0.000000  0.375548  0.016675  0.375178
6206  0.000000  0.000000  0.000000  0.376045  0.016437  0.375686
6207  0.000000  0.000000  0.000000  0.376542  0.016200  0.376193
6208  0.000000  0.000000  0.000000  0.377039  0.015964  0.376701
6209  0.000000  0.000000  0.000000  0.377537  0.015729  0.377209
6210  0.000000  0.000000  0.000000  0.378035  0.015496  0.377718
6211  0.000000  0.000000  0.000000  0.378534  0.015264  0.378226
6212  0.000000  0.000000  0.000000  0.379033  0.015033  0.378734
6213  0.000000  0.000000  0.000000  0.379532  0.014803  0.379243
6214  0.000000  0.000000  0.000000  0.380031  0.014575  0.379752
6215  0.000000  0.000000  0.000000  0.380531  0.014347  0.380261
6216  0.000000  0.000000  0.000000  0.381031  0.014121  0.380770
6217  0.000000  0.000000  0.000000  0.381532  0.013896  0.381279
6218  0.000000  0.000000  0.000000  0.382033  0.013673  0.381788
6219  0.000000  0.000000  0.000000  0.382534  0.013450  0.382298
6220  0.000000  0.000000  0.000000  0.383036  0.013229  0.382807
6221  0.000000  0.000000  0.000000  0.383538  0.013009  0.383317
6222  0.000000  0.000000  0.000000  0.384040  0.012790  0.383827
6223  0.000000  0.000000  0.000000  0.384543  0.012573  0.384337
6224  0.000000  0.000000  0.000000  0.385046  0.012356  0.384847
6225  0.000000  0.000000  0.000000  0.385549  0.012141  0.385358
6226  0.000000  0.000000  0.000000  0.386053  0.011928  0.385868
6227  0.000000  0.000000  0.000000  0.386557  0.011715  0.386379
6228  0.000000  0.000000  0.000000  0.387061  0.011504  0.386890
6229  0.000000  0.000000  0.000000  0.387565  0.011293  0.387401
6230  0.000000  0.000000  0.000000  0.388070  0.011085  0.387912
6231  0.000000  0.000000  0.000000  0.388576  0.010877  0.388423
6232  0.000000  0.000000  0.000000  0.389081  0.010671  0.388935
6233  0.000000  0.000000  0.000000  0.389587  0.010465  0.389447
6234  0.000000  0.000000  0.000000  0.390093  0.010261  0.389958
6235  0.000000  0.000000  0.000000  0.390600  0.010059  0.390470
6236  0.000000  0.000000  0.000000  0.391107  0.009857  0.390983
6237  0.000000  0.000000  0.000000  0.391614  0.009657  0.391495
6238  0.000000  0.000000  0.000000  0.392122  0.009458  0.392007
6239  0.000000  0.000000  0.000000  0.392629  0.009261  0.392520
6240  0.000000  0.000000  0.000000  0.393138  0.009064  0.393033
6241  0.000000  0.000000  0.000000  0.393646  0.008869  0.393546
6242  0.000000  0.000000  0.000000  0.394155  0.008675  0.394059
6243  0.000000  0.000000  0.000000  0.394664  0.008483  0.394573
6244  0.000000  0.000000  0.000000  0.395173  0.008291  0.395086
6245  0.000000  0.000000  0.000000  0.395683  0.008101  0.395600
6246  0.000000  0.000000  0.000000  0.396193  0.007912  0.396114
6247  0.000000  0.000000  0.000000  0.396703  0.007725  0.396628
6248  0.000000  0.000000  0.000000  0.397213  0.007538  0.397142
6249  0.000000  0.000000  0.000000  0.397724  0.007353  0.397656
6250  0.000000  0.000000  0.000000  0.398235  0.007169  0.398171
6251  0.000000  0.000000  0.000000  0.398747  0.006987  0.398686
6252  0.000000  0.000000  0.000000  0.399259  0.006806  0.399201
6253  0.000000  0.000000  0.000000  0.399771  0.006626  0.399716
6254  0.000000  0.000000  0.000000  0.400283  0.006447  0.400231
6255  0.000000  0.000000  0.000000  0.400795  0.006270  0.400746
6256  0.000000  0.000000  0.000000  0.401308  0.006093  0.401262
6257  0.000000  0.000000  0.000000  0.401821  0.005919  0.401778
6258  0.000000  0.000000  0.000000  0.402335  0.005745  0.402294
6259  0.000000  0.000000  0.000000  0.402849  0.005573  0.402810
6260  0.000000  0.000000  0.000000  0.403363  0.005402  0.403327
6261  0.000000  0.000000  0.000000  0.403877  0.005232  0.403843
6262  0.000000  0.000000  0.000000  0.404392  0.005064  0.404360
6263  0.000000  0.000000  0.000000  0.404906  0.004896  0.404877
6264  0.000000  0.000000  0.000000  0.405422  0.004731  0.405394
6265  0.000000  0.000000  0.000000  0.405937  0.004566  0.405911
6266  0.000000  0.000000  0.000000  0.406453  0.004403  0.406429
6267  0.000000  0.000000  0.000000  0.406969  0.004241  0.406947
6268  0.000000  0.000000  0.000000  0.407485  0.004080  0.407464
6269  0.000000  0.000000  0.000000  0.408001  0.003921  0.407983
6270  0.000000  0.000000  0.000000  0.408518  0.003763  0.408501
6271  0.000000  0.000000  0.000000  0.409035  0.003606  0.409019
6272  0.000000  0.000000  0.000000  0.409553  0.003450  0.409538
6273  0.000000  0.000000  0.000000  0.410070  0.003296  0.410057
6274  0.000000  0.000000  0.000000  0.410588  0.003143  0.410576
6275  0.000000  0.000000  0.000000  0.411106  0.002992  0.411095
6276  0.000000  0.000000  0.000000  0.411625  0.002842  0.411615
6277  0.000000  0.000000  0.000000  0.412143  0.002693  0.412134
6278  0.000000  0.000000  0.000000  0.412662  0.002545  0.412654
6279  0.000000  0.000000  0.000000  0.413181  0.002399  0.413174
6280  0.000000  0.000000  0.000000  0.413701  0.002254  0.413695
6281  0.000000  0.000000  0.000000  0.414220  0.002110  0.414215
6282  0.000000  0.000000  0.000000  0.414740  0.001968  0.414736
6283  0.000000  0.000000  0.000000  0.415261  0.001827  0.415257
6284  0.000000  0.000000  0.000000  0.415781  0.001687  0.415778
6285  0.000000  0.000000  0.000000  0.416302  0.001549  0.416299
6286  0.000000  0.000000  0.000000  0.416823  0.001412  0.416820
6287  0.000000  0.000000  0.000000  0.417344  0.001276  0.417342
6288  0.000000  0.000000  0.000000  0.417866  0.001142  0.417864
6289  0.000000  0.000000  0.000000  0.418387  0.001009  0.418386
6290  0.000000  0.000000  0.000000  0.418909  0.000877  0.418908
6291  0.000000  0.000000  0.000000  0.419432  0.000747  0.419431
6292  0.000000  0.000000  0.000000  0.419954  0.000618  0.419954
6293  0.000000  0.000000  0.000000  0.420477  0.000490  0.420477
6294  0.000000  0.000000  0.000000  0.421000  0.000364  0.421000
6295  0.000000  0.000000  0.000000  0.421523  0.000239  0.421523
6296  0.000000  0.000000  0.000000  0.422047  0.000115  0.422047
6297  0.000000  0.000000  0.000000  0.422571  -0.000008  0.422571
6298  0.000000  0.000000  0.000000  0.423095  -0.000129  0.423095
6299  0.000000  0.000000  0.000000  0.423619  -0.000248  0.423619
6300  0.000000  -0.104123  0.000000  0.090334  -0.089938  0.008447
6301  0.000000  -0.104274  0.000000  0.090416  -0.090022  0.008441
6302  0.000000  -0.104424  0.000000  0.090499  -0.090105  0.008436
6303  0.000000  -0.104575  0.000000  0.090581  -0.090188  0.008430
6304  0.000000  -0.104725  0.000000  0.090664  -0.090272  0.008424
6305  0.000000  -0.104875  0.000000  0.090746  -0.090355  0.008418
6306  0.000000  -0.105026  0.000000  0.090829  -0.090438  0.008413
6307  0.000000  -0.105176  0.000000  0.090911  -0.090522  0.008407
6308  0.000000  -0.105325  0.000000  0.090994  -0.090605  0.008401
6309  0.000000  -0.105475  0.000000  0.091076  -0.090688  0.008396
6310  0.000000  -0.105625  0.000000  0.091159  -0.090772  0.008390
6311  0.000000  -0.105775  0.000000  0.091241  -0.090855  0.008384
6312  0.000000  -0.105924  0.000000  0.091323  -0.090938  0.008379
6313  0.000000  -0.106073  0.000000  0.091406  -0.091022  0.008373
6314  0.000000  -0.106223  0.000000  0.091488  -0.091105  0.008367
6315  0.000000  -0.106372  0.000000  0.091571  -0.091188  0.008362
6316  0.000000  -0.106521  0.000000  0.091653  -0.091271  0.008356
6317  0.000000  -0.106670  0.000000  0.091735  -0.091355  0.008350
6318  0.000000  -0.106818  0.000000  0.091818  -0.091438  0.008345
6319  0.000000  -0.106967  0.000000  0.091900  -0.091521  0.008339
6320  0.000000  -0.107115  0.000000  0.091983  -0.091604  0.008333
6321  0.000000  -0.107264  0.000000  0.092065  -0.091688  0.008328
6322  0.000000  -0.107412  0.000000  0.092147  -0.091771  0.008322
6323  0.000000  -0.107560  0.000000  0.092230  -0.091854  0.008317
6324  0.000000  -0.107708  0.000000  0.092312  -0.091937  0.008311
6325  0.000000  -0.107856  0.000000  0.092395  -0.092021  0.008305
6326  0.000000  -0.108004  0.000000  0.092477  -0.092104  0.008300
6327  0.000000  -0.108152  0.000000  0.092559  -0.092187  0.008294
6328  0.000000  -0.108300  0.000000  0.092642  -0.092270  0.008288
6329  0.000000  -0.108447  0.000000  0.092724  -0.092353  0.008283
6330  0.000000  -0.108595  0.000000  0.092806  -0.092436  0.008277
6331  0.000000  -0.108742  0.000000  0.092889  -0.092520  0.008272
6332  0.000000  -0.108889  0.000000  0.092971  -0.092603  0.008266
6333  0.000000  -0.109036  0.000000  0.093053  -0.092686  0.008260
6334  0.000000  -0.109183  0.000000  0.093136  -0.092769  0.008255
6335  0.000000  -0.109330  0.000000  0.093218  -0.092852  0.008249
6336  0.000000  -0.109477  0.000000  0.093300  -0.092935  0.008244
6337  0.000000  -0.109624  0.000000  0.093382  -0.093018  0.008238
6338  0.000000  -0.109770  0.000000  0.093465  -0.093102  0.008233
6339  0.000000  -0.109917  0.000000  0.093547  -0.093185  0.008227
6340  0.000000  -0.110063  0.000000  0.093629  -0.093268  0.008221
6341  0.000000  -0.110209  0.000000  0.093712  -0.093351  0.008216
6342  0.000000  -0.110355  0.000000  0.093794  -0.093434  0.008210
6343  0.000000  -0.110501  0.000000  0.093876  -0.093517  0.008205
6344  0.000000  -0.110647  0.000000  0.093958  -0.093600  0.008199
6345  0.000000  -0.110793  0.000000  0.094041  -0.093683  0.008194
6346  0.000000  -0.110939  0.000000  0.094123  -0.093766  0.008188
6347  0.000000  -0.111085  0.000000  0.094205  -0.093849  0.008183
6348  0.000000  -0.111230  0.000000  0.094287  -0.093932  0.008177
6349  0.000000  -0.111375  0.000000  0.094370  -0.094015  0.008172
6350  0.000000  -0.111521  0.000000  0.094452  -0.094098  0.008166
6351  0.000000  -0.111666  0.000000  0.094534  -0.094181  0.008161
6352  0.000000  -0.111811  0.000000  0.094616  -0.094264  0.008155
6353  0.000000  -0.111956  0.000000  0.094698  -0.094347  0.008150
6354  0.000000  -0.112101  0.000000  0.094781  -0.094430  0.008144
6355  0.000000  -0.112246  0.000000  0.094863  -0.094513  0.008139
6356  0.000000  -0.112391  0.000000  0.094945  -0.094596  0.008133
6357  0.000000  -0.112535  0.000000  0.095027  -0.094679  0.008128
6358  0.000000  -0.112680  0.000000  0.095109  -0.094762  0.008122
6359  0.000000  -0.112824  0.000000  0.095192  -0.094845  0.008117
6360  0.000000  -0.112968  0.000000  0.095274  -0.094928  0.008111
6361  0.000000  -0.113113  0.000000  0.095356  -0.095011  0.008106
6362  0.000000  -0.113257  0.000000  0.095438  -0.095094  0.008100
6363  0.000000  -0.113401  0.000000  0.095520  -0.095177  0.008095
6364  0.000000  -0.113545  0.000000  0.095602  -0.095259  0.008089
6365  0.000000  -0.113688  0.000000  0.095684  -0.095342  0.008084
6366  0.000000  -0.113832  0.000000  0.095767  -0.095425  0.008078
6367  0.000000  -0.113976  0.000000  0.095849  -0.095508  0.008073
6368  0.000000  -0.114119  0.000000  0.095931  -0.095591  0.008067
6369  0.000000  -0.114263  0.000000  0.096013  -0.095674  0.008062
6370  0.000000  -0.114406  0.000000  0.096095  -0.095757  0.008057
6371  0.000000  -0.114549  0.000000  0.096177  -0.095839  0.008051
6372  0.000000  -0.114692  0.000000  0.096259  -0.095922  0.008046
6373  0.000000  -0.114835  0.000000  0.096341  -0.096005  0.008040
6374  0.000000  -0.114978  0.000000  0.096423  -0.096088  0.008035
6375  0.000000  -0.115121  0.000000  0.096505  -0.096171  0.008029
6376  0.000000  -0.115264  0.000000  0.096587  -0.096254  0.008024
6377  0.000000  -0.115407  0.000000  0.096669  -0.096336  0.008019
6378  0.000000  -0.115549  0.000000  0.096751  -0.096419  0.008013
6379  0.000000  -0.115692  0.000000  0.096834  -0.096502  0.008008
6380  0.000000  -0.115834  0.000000  0.096916  -0.096585  0.008002
6381  0.000000  -0.115976  0.000000  0.096998  -0.096667  0.007997
6382  0.000000  -0.116118  0.000000  0.097080  -0.096750  0.007992
6383  0.000000  -0.116260  0.000000  0.097162  -0.096833  0.007986
6384  0.000000  -0.116402  0.000000  0.097244  -0.096916  0.007981
6385  0.000000  -0.116544  0.000000  0.097326  -0.096998  0.007976
6386  0.000000  -0.116686  0.000000  0.097408  -0.097081  0.007970
6387  0.000000  -0.116828  0.000000  0.097490  -0.097164  0.007965
6388  0.000000  -0.116970  0.000000  0.097571  -0.097246  0.007959
6389  0.000000  -0.117111  0.000000  0.097653  -0.097329  0.007954
6390  0.000000  -0.117253  0.000000  0.097735  -0.097412  0.007949
6391  0.000000  -0.117394  0.000000  0.097817  -0.097494  0.007943
6392  0.000000  -0.117535  0.000000  0.097899  -0.097577  0.007938
6393  0.000000  -0.117676  0.000000  0.097981  -0.097660  0.007933
6394  0.000000  -0.117817  0.000000  0.098063  -0.097742  0.007927
6395  0.000000  -0.117958  0.000000  0.098145  -0.097825  0.007922
6396  0.000000  -0.118099  0.000000  0.098227  -0.097907  0.007917
6397  0.000000  -0.118240  0.000000  0.098309  -0.097990  0.007911
6398  0.000000  -0.118381  0.000000  0.098391  -0.098073  0.007906
6399  0.000000  -0.118522  0.000000  0.098473  -0.098155  0.007901
6400  0.000000  -0.118662  0.000000  0.098554  -0.098238  0.007895
6401  0.000000  -0.118803  0.000000  0.098636  -0.098320  0.007890
6402  0.000000  -0.118943  0.000000  0.098718  -0.098403  0.007885
6403  0.000000  -0.119083  0.000000  0.098800  -0.098485  0.007879
6404  0.000000  -0.119223  0.000000  0.098882  -0.098568  0.007874
6405  0.000000  -0.119364  0.000000  0.098964  -0.098650  0.007869
6406  0.000000  -0.119504  0.000000  0.099046  -0.098733  0.007864
6407  0.000000  -0.119643  0.000000  0.099127  -0.098815  0.007858
6408  0.000000  -0.119783  0.000000  0.099209  -0.098898  0.007853
6409  0.000000  -0.119923  0.000000  0.099291  -0.098980  0.007848
6410  0.000000  -0.120063  0.000000  0.099373  -0.099063  0.007842
6411  0.000000  -0.120202  0.000000  0.099455  -0.099145  0.007837
6412  0.000000  -0.120342  0.000000  0.099536  -0.099228  0.007832
6413  0.000000  -0.120481  0.000000  0.099618  -0.099310  0.007827
6414  0.000000  -0.120621  0.000000  0.099700  -0.099393  0.007821
6415  0.000000  -0.120760  0.000000  0.099782  -0.099475  0.007816
6416  0.000000  -0.120899  0.000000  0.099863  -0.099557  0.007811
6417  0.000000  -0.121038  0.000000  0.099945  -0.099640  0.007806
6418  0.000000  -0.121177  0.000000  0.100027  -0.099722  0.007800
6419  0.000000  -0.121316  0.000000  0.100108  -0.099805  0.007795
6420  0.000000  -0.121455  0.000000  0.100190  -0.099887  0.007790
6421  0.000000  -0.121594  0.000000  0.100272  -0.099969  0.007785
6422  0.000000  -0.121732  0.000000  0.100354  -0.100052  0.007779
6423  0.000000  -0.121871  0.000000  0.100435  -0.100134  0.007774
6424  0.000000  -0.122009  0.000000  0.100517  -0.100216  0.007769
6425  0.000000  -0.122148  0.000000  0.100599  -0.100299  0.007764
6426  0.000000  -0.122286  0.000000  0.100680  -0.100381  0.007758
6427  0.000000  -0.122424  0.000000  0.100762  -0.100463  0.007753
6428  0.000000  -0.122562  0.000000  0.100844  -0.100545  0.007748
6429  0.000000  -0.122701  0.000000  0.100925  -0.100628  0.007743
6430  0.000000  -0.122839  0.000000  0.101007  -0.100710  0.007738
6431  0.000000  -0.122976  0.000000  0.101088  -0.100792  0.007732
6432  0.000000  -0.123114  0.000000  0.101170  -0.100874  0.007727
6433  0.000000  -0.123252  0.000000  0.101252  -0.100957  0.007722
6434  0.000000  -0.123390  0.000000  0.101333  -0.101039  0.007717
6435  0.000000  -0.123527  0.000000  0.101415  -0.101121  0.007712
6436  0.000000  -0.123665  0.000000  0.101496  -0.101203  0.007707
6437  0.000000  -0.123802  0.000000  0.101578  -0.101286  0.007701
6438  0.000000  -0.123940  0.000000  0.101659  -0.101368  0.007696
6439  0.000000  -0.124077  0.000000  0.101741  -0.101450  0.007691
6440  0.000000  -0.124214  0.000000  0.101823  -0.101532  0.007686
6441  0.000000  -0.124351  0.000000  0.101904  -0.101614  0.007681
6442  0.000000  -0.124488  0.000000  0.101986  -0.101696  0.007676
6443  0.000000  -0.124625  0.000000  0.102067  -0.101778  0.007670
6444  0.000000  -0.124762  0.000000  0.102149  -0.101861  0.007665
6445  0.000000  -0.124899  0.000000  0.102230  -0.101943  0.007660
6446  0.000000  -0.125036  0.000000  0.102312  -0.102025  0.007655
6447  0.000000  -0.125172  0.000000  0.102393  -0.102107  0.007650
6448  0.000000  -0.125309  0.000000  0.102474  -0.102189  0.007645
6449  0.000000  -0.125445  0.000000  0.102556  -0.102271  0.007640
6450  0.000000  -0.125582  0.000000  0.102637  -0.102353  0.007634
6451  0.000000  -0.125718  0.000000  0.102719  -0.102435  0.007629
6452  0.000000  -0.125854  0.000000  0.102800  -0.102517  0.007624
6453  0.000000  -0.125990  0.000000  0.102882  -0.102599  0.007619
6454  0.000000  -0.126126  0.000000  0.102963  -0.102681  0.007614
6455  0.000000  -0.126262  0.000000  0.103044  -0.102763  0.007609
6456  0.000000  -0.126398  0.000000  0.103126  -0.102845  0.007604
6457  0.000000  -0.126534  0.000000  0.103207  -0.102927  0.007599
6458  0.000000  -0.126670  0.000000  0.103288  -0.103009  0.007594
6459  0.000000  -0.126806  0.000000  0.103370  -0.103091  0.007588
6460  0.000000  -0.126941  0.000000  0.103451  -0.103173  0.007583
6461  0.000000  -0.127077  0.000000  0.103532  -0.103255  0.007578
6462  0.000000  -0.127212  0.000000  0.103614  -0.103337  0.007573
6463  0.000000  -0.127348  0.000000  0.103695  -0.103419  0.007568
6464  0.000000  -0.127483  0.000000  0.103776  -0.103500  0.007563
6465  0.000000  -0.127618  0.000000  0.103858  -0.103582  0.007558
6466  0.000000  -0.127753  0.000000  0.103939  -0.103664  0.007553
6467  0.000000  -0.127889  0.000000  0.104020  -0.103746  0.007548
6468  0.000000  -0.128024  0.000000  0.104102  -0.103828  0.007543
6469  0.000000  -0.128159  0.000000  0.104183  -0.103910  0.007538
6470  0.000000  -0.128293  0.000000  0.104264  -0.103992  0.007533
6471  0.000000  -0.128428  0.000000  0.104345  -0.104073  0.007528
6472  0.000000  -0.128563  0.000000  0.104426  -0.104155  0.007523
6473  0.000000  -0.128698  0.000000  0.104508  -0.104237  0.007518
6474  0.000000  -0.128832  0.000000  0.104589  -0.104319  0.007513
6475  0.000000  -0.128967  0.000000  0.104670  -0.104400  0.007508
6476  0.000000  -0.129101  0.000000  0.104751  -0.104482  0.007503
6477  0.000000  -0.129235  0.000000  0.104832  -0.104564  0.007497
6478  0.000000  -0.129370  0.000000  0.104914  -0.104646  0.007492
6479  0.000000  -0.129504  0.000000  0.104995  -0.104727  0.007487
6480  0.000000  -0.129638  0.000000  0.105076  -0.104809  0.007482
6481  0.000000  -0.129772  0.000000  0.105157  -0.104891  0.007477
6482  0.000000  -0.129906  0.000000  0.105238  -0.104972  0.007472
6483  0.000000  -0.130040  0.000000  0.105319  -0.105054  0.007467
6484  0.000000  -0.130174  0.000000  0.105400  -0.105136  0.007462
6485  0.000000  -0.130308  0.000000  0.105481  -0.105217  0.007457
6486  0.000000  -0.130441  0.000000  0.105562  -0.105299  0.007452
6487  0.000000  -0.130575  0.000000  0.105644  -0.105381  0.007447
6488  0.000000  -0.130709  0.000000  0.105725  -0.105462  0.007442
6489  0.000000  -0.130842  0.000000  0.105806  -0.105544  0.007438
6490  0.000000  -0.130976  0.000000  0.105887  -0.105625  0.007433
6491  0.000000  -0.131109  0.000000  0.105968  -0.105707  0.007428
6492  0.000000  -0.131242  0.000000  0.106049  -0.105789  0.007423
6493  0.000000  -0.131375  0.000000  0.106130  -0.105870  0.007418
6494  0.000000  -0.131509  0.000000  0.106211  -0.105952  0.007413
6495  0.000000  -0.131642  0.000000  0.106292  -0.106033  0.007408
6496  0.000000  -0.131775  0.000000  0.106373  -0.106115  0.007403
6497  0.000000  -0.131907  0.000000  0.106454  -0.106196  0.007398
6498  0.000000  -0.132040  0.000000  0.106534  -0.106278  0.007393
6499  0.000000  -0.132173  0.000000  0.106615  -0.106359  0.007388
6500  0.000000  -0.132306  0.000000  0.106696  -0.106441  0.007383
6501  0.000000  -0.132438  0.000000  0.106777  -0.106522  0.007378
6502  0.000000  -0.132571  0.000000  0.106858  -0.106603  0.007373
6503  0.000000  -0.132704  0.000000  0.106939  -0.106685  0.007368
6504  0.000000  -0.132836  0.000000  0.107020  -0.106766  0.007363
6505  0.000000  -0.132968  0.000000  0.107101  -0.106848  0.007358
6506  0.000000  -0.133101  0.000000  0.107182  -0.106929  0.007353
6507  0.000000  -0.133233  0.000000  0.107262  -0.107010  0.007349
6508  0.000000  -0.133365  0.000000  0.107343  -0.107092  0.007344
6509  0.000000  -0.133497  0.000000  0.107424  -0.107173  0.007339
6510  0.000000  -0.133629  0.000000  0.107505  -0.107255  0.007334
6511  0.000000  -0.133761  0.000000  0.107586  -0.107336  0.007329
6512  0.000000  -0.133893  0.000000  0.107667  -0.107417  0.007324
6513  0.000000  -0.134025  0.000000  0.107747  -0.107498  0.007319
6514  0.000000  -0.134157  0.000000  0.107828  -0.107580  0.007314
6515  0.000000  -0.134288  0.000000  0.107909  -0.107661  0.007309
6516  0.000000  -0.134420  0.000000  0.107990  -0.107742  0.007304
6517  0.000000  -0.134551  0.000000  0.108070  -0.107823  0.007300
6518  0.000000  -0.134683  0.000000  0.108151  -0.107905  0.007295
6519  0.000000  -0.134814  0.000000  0.108232  -0.107986  0.007290
6520  0.000000  -0.134946  0.000000  0.108312  -0.108067  0.007285
6521  0.000000  -0.135077  0.000000  0.108393  -0.108148  0.007280
6522  0.000000  -0.135208  0.000000  0.108474  -0.108230  0.007275
6523  0.000000  -0.135339  0.000000  0.108554  -0.108311  0.007270
6524  0.000000  -0.135470  0.000000  0.108635  -0.108392  0.007266
6525  0.000000  -0.135601  0.000000  0.108716  -0.108473  0.007261
6526  0.000000  -0.135732  0.000000  0.108796  -0.108554  0.007256
6527  0.000000  -0.135863  0.000000  0.108877  -0.108635  0.007251
6528  0.000000  -0.135994  0.000000  0.108958  -0.108716  0.007246
6529  0.000000  -0.136125  0.000000  0.109038  -0.108797  0.007241
6530  0.000000  -0.136255  0.000000  0.109119  -0.108879  0.007237
6531  0.000000  -0.136386  0.000000  0.109199  -0.108960  0.007232
6532  0.000000  -0.136517  0.000000  0.109280  -0.109041  0.007227
6533  0.000000  -0.136647  0.000000  0.109360  -0.109122  0.007222
6534  0.000000  -0.136777  0.000000  0.109441  -0.109203  0.007217
6535  0.000000  -0.136908  0.000000  0.109521  -0.109284  0.007212
6536  0.000000  -0.137038  0.000000  0.109602  -0.109365  0.007208
6537  0.000000  -0.137168  0.000000  0.109682  -0.109446  0.007203
6538  0.000000  -0.137298  0.000000  0.109763  -0.109527  0.007198
6539  0.000000  -0.137429  0.000000  0.109843  -0.109608  0.007193
6540  0.000000  -0.137559  0.000000  0.109924  -0.109689  0.007188
6541  0.000000  -0.137689  0.000000  0.110004  -0.109769  0.007184
6542  0.000000  -0.137818  0.000000  0.110085  -0.109850  0.007179
6543  0.000000  -0.137948  0.000000  0.110165  -0.109931  0.007174
6544  0.000000  -0.138078  0.000000  0.110246  -0.110012  0.007169
6545  0.000000  -0.138208  0.000000  0.110326  -0.110093  0.007165
6546  0.000000  -0.138337  0.000000  0.110406  -0.110174  0.007160
6547  0.000000  -0.138467  0.000000  0.110487  -0.110255  0.007155
6548  0.000000  -0.138596  0.000000  0.110567  -0.110336  0.007150
6549  0.000000  -0.138726  0.000000  0.110647  -0.110416  0.007145
6550  0.000000  -0.138855  0.000000  0.110728  -0.110497  0.007141
6551  0.000000  -0.138985  0.000000  0.110808  -0.110578  0.007136
6552  0.000000  -0.139114  0.000000  0.110888  -0.110659  0.007131
6553  0.000000  -0.139243  0.000000  0.110969  -0.110740  0.007126
6554  0.000000  -0.139372  0.000000  0.111049  -0.110820  0.007122
6555  0.000000  -0.139501  0.000000  0.111129  -0.110901  0.007117
6556  0.000000  -0.139630  0.000000  0.111209  -0.110982  0.007112
6557  0.000000  -0.139759  0.000000  0.111290  -0.111063  0.007108
6558  0.000000  -0.139888  0.000000  0.111370  -0.111143  0.007103
6559  0.000000  -0.140017  0.000000  0.111450  -0.111224  0.007098
6560  0.000000  -0.140146  0.000000  0.111530  -0.111305  0.007093
6561  0.000000  -0.140274  0.000000  0.111611  -0.111385  0.007089
6562  0.000000  -0.140403  0.000000  0.111691  -0.111466  0.007084
6563  0.000000  -0.140532  0.000000  0.111771  -0.111547  0.007079
6564  0.000000  -0.140660  0.000000  0.111851  -0.111627  0.007074
6565  0.000000  -0.140789  0.000000  0.111931  -0.111708  0.007070
6566  0.000000  -0.140917  0.000000  0.112011  -0.111788  0.007065
6567  0.000000  -0.141045  0.000000  0.112091  -0.111869  0.007060
6568  0.000000  -0.141173  0.000000  0.112172  -0.111949  0.007056
6569  0.000000  -0.141302  0.000000  0.112252  -0.112030  0.007051
6570  0.000000  -0.141430  0.000000  0.112332  -0.112111  0.007046
6571  0.000000  -0.141558  0.000000  0.112412  -0.112191  0.007042
6572  0.000000  -0.141686  0.000000  0.112492  -0.112272  0.007037
6573  0.000000  -0.141814  0.000000  0.112572  -0.112352  0.007032
6574  0.000000  -0.141942  0.000000  0.112652  -0.112433  0.007028
6575  0.000000  -0.142070  0.000000  0.112732  -0.112513  0.007023
6576  0.000000  -0.142197  0.000000  0.112812  -0.112593  0.007018
6577  0.000000  -0.142325  0.000000  0.112892  -0.112674  0.007014
6578  0.000000  -0.142453  0.000000  0.112972  -0.112754  0.007009
6579  0.000000  -0.142580  0.000000  0.113052  -0.112835  0.007004
6580  0.000000  -0.142708  0.000000  0.113132  -0.112915  0.007000
6581  0.000000  -0.142835  0.000000  0.113212  -0.112995  0.006995
6582  0.000000  -0.142963  0.000000  0.113292  -0.113076  0.006990
6583  0.000000  -0.143090  0.000000  0.113372  -0.113156  0.006986
6584  0.000000  -0.143217  0.000000  0.113451  -0.113237  0.006981
6585  0.000000  -0.143345  0.000000  0.113531  -0.113317  0.006976
6586  0.000000  -0.143472  0.000000  0.113611  -0.113397  0.006972
6587  0.000000  -0.143599  0.000000  0.113691  -0.113477  0.006967
6588  0.000000  -0.143726  0.000000  0.113771  -0.113558  0.006963
6589  0.000000  -0.143853  0.000000  0.113851  -0.113638  0.006958
6590  0.000000  -0.143980  0.000000  0.113931  -0.113718  0.006953
6591  0.000000  -0.144107  0.000000  0.114010  -0.113798  0.006949
6592  0.000000  -0.144233  0.000000  0.114090  -0.113879  0.006944
6593  0.000000  -0.144360  0.000000  0.114170  -0.113959  0.006939
6594  0.000000  -0.144487  0.000000  0.114250  -0.114039  0.006935
6595  0.000000  -0.144613  0.000000  0.114329  -0.114119  0.006930
6596  0.000000  -0.144740  0.000000  0.114409  -0.114199  0.006926
6597  0.000000  -0.144867  0.000000  0.114489  -0.114280  0.006921
6598  0.000000  -0.144993  0.000000  0.114569  -0.114360  0.006916
6599  0.000000  -0.145119  0.000000  0.114648  -0.114440  0.006912
6600  0.000000  -0.145246  0.000000  0.114728  -0.114520  0.006907
6601  0.000000  -0.145372  0.000000  0.114808  -0.114600  0.006903
6602  0.000000  -0.145498  0.000000  0.114887  -0.114680  0.006898
6603  0.000000  -0.145624  0.000000  0.114967  -0.114760  0.006894
6604  0.000000  -0.145750  0.000000  0.115047  -0.114840  0.006889
6605  0.000000  -0.145877  0.000000  0.115126  -0.114920  0.006884
6606  0.000000  -0.146002  0.000000  0.115206  -0.115000  0.006880
6607  0.000000  -0.146128  0.000000  0.115285  -0.115080  0.006875
6608  0.000000  -0.146254  0.000000  0.115365  -0.115160  0.006871
6609  0.000000  -0.146380  0.000000  0.115444  -0.115240  0.006866
6610  0.000000  -0.146506  0.000000  0.115524  -0.115320  0.006862
6611  0.000000  -0.146632  0.000000  0.115603  -0.115400  0.006857
6612  0.000000  -0.146757  0.000000  0.115683  -0.115480  0.006853
6613  0.000000  -0.146883  0.000000  0.115762  -0.115560  0.006848
6614  0.000000  -0.147008  0.000000  0.115842  -0.115640  0.006843
6615  0.000000  -0.147134  0.000000  0.115921  -0.115720  0.006839
6616  0.000000  -0.147259  0.000000  0.116001  -0.115799  0.006834
6617  0.000000  -0.147384  0.000000  0.116080  -0.115879  0.006830
6618  0.000000  -0.147510  0.000000  0.116160  -0.115959  0.006825
6619  0.000000  -0.147635  0.000000  0.116239  -0.116039  0.006821
6620  0.000000  -0.147760  0.000000  0.116319  -0.116119  0.006816
6621  0.000000  -0.147885  0.000000  0.116398  -0.116198  0.006812
6622  0.000000  -0.148010  0.000000  0.116477  -0.116278  0.006807
6623  0.000000  -0.148135  0.000000  0.116557  -0.116358  0.006803
6624  0.000000  -0.148260  0.000000  0.116636  -0.116438  0.006798
6625  0.000000  -0.148385  0.000000  0.116715  -0.116517  0.006794
6626  0.000000  -0.148510  0.000000  0.116795  -0.116597  0.006789
6627  0.000000  -0.148635  0.000000  0.116874  -0.116677  0.006785
6628  0.000000  -0.148759  0.000000  0.116953  -0.116757  0.006780
6629  0.000000  -0.148884  0.000000  0.117032  -0.116836  0.006776
6630  0.000000  -0.149009  0.000000  0.117112  -0.116916  0.006771
6631  0.000000  -0.149133  0.000000  0.117191  -0.116995  0.006767
6632  0.000000  -0.149258  0.000000  0.117270  -0.117075  0.006762
6633  0.000000  -0.149382  0.000000  0.117349  -0.117155  0.006758
6634  0.000000  -0.149507  0.000000  0.117429  -0.117234  0.006753
6635  0.000000  -0.149631  0.000000  0.117508  -0.117314  0.006749
6636  0.000000  -0.149755  0.000000  0.117587  -0.117393  0.006745
6637  0.000000  -0.149879  0.000000  0.117666  -0.117473  0.006740
6638  0.000000  -0.150004  0.000000  0.117745  -0.117552  0.006736
6639  0.000000  -0.150128  0.000000  0.117824  -0.117632  0.006731
6640  0.000000  -0.150252  0.000000  0.117903  -0.117711  0.006727
6641  0.000000  -0.150376  0.000000  0.117983  -0.117791  0.006722
6642  0.000000  -0.150500  0.000000  0.118062  -0.117870  0.006718
6643  0.000000  -0.150624  0.000000  0.118141  -0.117950  0.006713
6644  0.000000  -0.150747  0.000000  0.118220  -0.118029  0.006709
6645  0.000000  -0.150871  0.000000  0.118299  -0.118109  0.006705
6646  0.000000  -0.150995  0.000000  0.118378  -0.118188  0.006700
6647  0.000000  -0.151118  0.000000  0.118457  -0.118267  0.006696
6648  0.000000  -0.151242  0.000000  0.118536  -0.118347  0.006691
6649  0.000000  -0.151366  0.000000  0.118615  -0.118426  0.006687
6650  0.000000  -0.151489  0.000000  0.118694  -0.118505  0.006682
6651  0.000000  -0.151613  0.000000  0.118773  -0.118585  0.006678
6652  0.000000  -0.151736  0.000000  0.118852  -0.118664  0.006674
6653  0.000000  -0.151859  0.000000  0.118930  -0.118743  0.006669
6654  0.000000  -0.151983  0.000000  0.119009  -0.118823  0.006665
6655  0.000000  -0.152106  0.000000  0.119088  -0.118902  0.006660
6656  0.000000  -0.152229  0.000000  0.119167  -0.118981  0.006656
6657  0.000000  -0.152352  0.000000  0.119246  -0.119060  0.006652
6658  0.000000  -0.152475  0.000000  0.119325  -0.119139  0.006647
6659  0.000000  -0.152598  0.000000  0.119404  -0.119219  0.006643
6660  0.000000  -0.152721  0.000000  0.119482  -0.119298  0.006638
6661  0.000000  -0.152844  0.000000  0.119561  -0.119377  0.006634
6662  0.000000  -0.152967  0.000000  0.119640  -0.119456  0.006630
6663  0.000000  -0.153090  0.000000  0.119719  -0.119535  0.006625
6664  0.000000  -0.153212  0.000000  0.119797  -0.119614  0.006621
6665  0.000000  -0.153335  0.000000  0.119876  -0.119693  0.006617
6666  0.000000  -0.153458  0.000000  0.119955  -0.119773  0.006612
6667  0.000000  -0.153580  0.000000  0.120034  -0.119852  0.006608
6668  0.000000  -0.153703  0.000000  0.120112  -0.119931  0.006604
6669  0.000000  -0.153825  0.000000  0.120191  -0.120010  0.006599
6670  0.000000  -0.153947  0.000000  0.120270  -0.120089  0.006595
6671  0.000000  -0.154070  0.000000  0.120348  -0.120168  0.006590
6672  0.000000  -0.154192  0.000000  0.120427  -0.120247  0.006586
6673  0.000000  -0.154314  0.000000  0.120505  -0.120326  0.006582
6674  0.000000  -0.154437  0.000000  0.120584  -0.120405  0.006577
6675  0.000000  -0.154559  0.000000  0.120663  -0.120483  0.006573
6676  0.000000  -0.154681  0.000000  0.120741  -0.120562  0.006569
6677  0.000000  -0.154803  0.000000  0.120820  -0.120641  0.006564
6678  0.000000  -0.154925  0.000000  0.120898  -0.120720  0.006560
6679  0.000000  -0.155047  0.000000  0.120977  -0.120799  0.006556
6680  0.000000  -0.155169  0.000000  0.121055  -0.120878  0.006552
6681  0.000000  -0.155290  0.000000  0.121134  -0.120957  0.006547
6682  0.000000  -0.155412  0.000000  0.121212  -0.121035  0.006543
6683  0.000000  -0.155534  0.000000  0.121291  -0.121114  0.006539
6684  0.000000  -0.155655  0.000000  0.121369  -0.121193  0.006534
6685  0.000000  -0.155777  0.000000  0.121447  -0.121272  0.006530
6686  0.000000  -0.155899  0.000000  0.121526  -0.121351  0.006526
6687  0.000000  -0.156020  0.000000  0.121604  -0.121429  0.006521
6688  0.000000  -0.156142  0.000000  0.121683  -0.121508  0.006517
6689  0.000000  -0.156263  0.000000  0.121761  -0.121587  0.006513
6690  0.000000  -0.156384  0.000000  0.121839  -0.121665  0.006509
6691  0.000000  -0.156506  0.000000  0.121918  -0.121744  0.006504
6692  0.000000  -0.156627  0.000000  0.121996  -0.121823  0.006500
6693  0.000000  -0.156748  0.000000  0.122074  -0.121901  0.006496
6694  0.000000  -0.156869  0.000000  0.122152  -0.121980  0.006491
6695  0.000000  -0.156990  0.000000  0.122231  -0.122058  0.006487
6696  0.000000  -0.157111  0.000000  0.122309  -0.122137  0.006483
6697  0.000000  -0.157232  0.000000  0.122387  -0.122216  0.006479
6698  0.000000  -0.157353  0.000000  0.122465  -0.122294  0.006474
6699  0.000000  -0.157474  0.000000  0.122544  -0.122373  0.006470
6700  0.000000  -0.157595  0.000000  0.122622  -0.122451  0.006466
6701  0.000000  -0.157716  0.000000  0.122700  -0.122530  0.006462
6702  0.000000  -0.157836  0.000000  0.122778  -0.122608  0.006457
6703  0.000000  -0.157957  0.000000  0.122856  -0.122687  0.006453
6704  0.000000  -0.158077  0.000000  0.122934  -0.122765  0.006449
6705  0.000000  -0.158198  0.000000  0.123012  -0.122843  0.006445
6706  0.000000  -0.158319  0.000000  0.123090  -0.122922  0.006440
6707  0.000000  -0.158439  0.000000  0.123169  -0.123000  0.006436
6708  0.000000  -0.158559  0.000000  0.123247  -0.123079  0.006432
6709  0.000000  -0.158680  0.000000  0.123325  -0.123157  0.006428
6710  0.000000  -0.158800  0.000000  0.123403  -0.123235  0.006424
6711  0.000000  -0.158920  0.000000  0.123481  -0.123314  0.006419
6712  0.000000  -0.159040  0.000000  0.123559  -0.123392  0.006415
6713  0.000000  -0.159161  0.000000  0.123637  -0.123470  0.006411
6714  0.000000  -0.159281  0.000000  0.123714  -0.123548  0.006407
6715  0.000000  -0.159401  0.000000  0.123792  -0.123627  0.006402
6716  0.000000  -0.159521  0.000000  0.123870  -0.123705  0.006398
6717  0.000000  -0.159641  0.000000  0.123948  -0.123783  0.006394
6718  0.000000  -0.159760  0.000000  0.124026  -0.123861  0.006390
6719  0.000000  -0.159880  0.000000  0.124104  -0.123940  0.006386
6720  0.000000  -0.160000  0.000000  0.124182  -0.124018  0.006381
6721  0.000000  -0.160120  0.000000  0.124260  -0.124096  0.006377
6722  0.000000  -0.160239  0.000000  0.124337  -0.124174  0.006373
6723  0.000000  -0.160359  0.000000  0.124415  -0.124252  0.006369
6724  0.000000  -0.160479  0.000000  0.124493  -0.124330  0.006365
6725  0.000000  -0.160598  0.000000  0.124571  -0.124408  0.006361
6726  0.000000  -0.160718  0.000000  0.124648  -0.124486  0.006356
6727  0.000000  -0.160837  0.000000  0.124726  -0.124564  0.006352
6728  0.000000  -0.160956  0.000000  0.124804  -0.124642  0.006348
6729  0.000000  -0.161076  0.000000  0.124882  -0.124720  0.006344
6730  0.000000  -0.161195  0.000000  0.124959  -0.124798  0.006340
6731  0.000000  -0.161314  0.000000  0.125037  -0.124876  0.006336
6732  0.000000  -0.161433  0.000000  0.125115  -0.124954  0.006331
6733  0.000000  -0.161553  0.000000  0.125192  -0.125032  0.006327
6734  0.000000  -0.161672  0.000000  0.125270  -0.125110  0.006323
6735  0.000000  -0.161791  0.000000  0.125347  -0.125188  0.006319
6736  0.000000  -0.161910  0.000000  0.125425  -0.125266  0.006315
6737  0.000000  -0.162028  0.000000  0.125503  -0.125344  0.006311
6738  0.000000  -0.162147  0.000000  0.125580  -0.125422  0.006307
6739  0.000000  -0.162266  0.000000  0.125658  -0.125499  0.006302
6740  0.000000  -0.162385  0.000000  0.125735  -0.125577  0.006298
6741  0.000000  -0.162504  0.000000  0.125813  -0.125655  0.006294
6742  0.000000  -0.162622  0.000000  0.125890  -0.125733  0.006290
6743  0.000000  -0.162741  0.000000  0.125968  -0.125811  0.006286
6744  0.000000  -0.162859  0.000000  0.126045  -0.125888  0.006282
6745  0.000000  -0.162978  0.000000  0.126122  -0.125966  0.006278
6746  0.000000  -0.163096  0.000000  0.126200  -0.126044  0.006274
6747  0.000000  -0.163215  0.000000  0.126277  -0.126121  0.006270
6748  0.000000  -0.163333  0.000000  0.126355  -0.126199  0.006265
6749  0.000000  -0.163451  0.000000  0.126432  -0.126277  0.006261
6750  0.000000  -0.163570  0.000000  0.126509  -0.126354  0.006257
6751  0.000000  -0.163688  0.000000  0.126587  -0.126432  0.006253
6752  0.000000  -0.163806  0.000000  0.126664  -0.126510  0.006249
6753  0.000000  -0.163924  0.000000  0.126741  -0.126587  0.006245
6754  0.000000  -0.164042  0.000000  0.126818  -0.126665  0.006241
6755  0.000000  -0.164160  0.000000  0.126896  -0.126742  0.006237
6756  0.000000  -0.164278  0.000000  0.126973  -0.126820  0.006233
6757  0.000000  -0.164396  0.000000  0.127050  -0.126897  0.006229
6758  0.000000  -0.164514  0.000000  0.127127  -0.126975  0.006225
6759  0.000000  -0.164632  0.000000  0.127204  -0.127052  0.006221
6760  0.000000  -0.164750  0.000000  0.127282  -0.127130  0.006217
6761  0.000000  -0.164867  0.000000  0.127359  -0.127207  0.006212
6762  0.000000  -0.164985  0.000000  0.127436  -0.127285  0.006208
6763  0.000000  -0.165103  0.000000  0.127513  -0.127362  0.006204
6764  0.000000  -0.165220  0.000000  0.127590  -0.127439  0.006200
6765  0.000000  -0.165338  0.000000  0.127667  -0.127517  0.006196
6766  0.000000  -0.165455  0.000000  0.127744  -0.127594  0.006192
6767  0.000000  -0.165572  0.000000  0.127821  -0.127671  0.006188
6768  0.000000  -0.165690  0.000000  0.127898  -0.127749  0.006184
6769  0.000000  -0.165807  0.000000  0.127975  -0.127826  0.006180
6770  0.000000  -0.165924  0.000000  0.128052  -0.127903  0.006176
6771  0.000000  -0.166042  0.000000  0.128129  -0.127980  0.006172
6772  0.000000  -0.166159  0.000000  0.128206  -0.128058  0.006168
6773  0.000000  -0.166276  0.000000  0.128283  -0.128135  0.006164
6774  0.000000  -0.166393  0.000000  0.128360  -0.128212  0.006160
6775  0.000000  -0.166510  0.000000  0.128437  -0.128289  0.006156
6776  0.000000  -0.166627  0.000000  0.128514  -0.128366  0.006152
6777  0.000000  -0.166744  0.000000  0.128591  -0.128443  0.006148
6778  0.000000  -0.166861  0.000000  0.128667  -0.128521  0.006144
6779  0.000000  -0.166978  0.000000  0.128744  -0.128598  0.006140
6780  0.000000  -0.167094  0.000000  0.128821  -0.128675  0.006136
6781  0.000000  -0.167211  0.000000  0.128898  -0.128752  0.006132
6782  0.000000  -0.167328  0.000000  0.128975  -0.128829  0.006128
6783  0.000000  -0.167444  0.000000  0.129051  -0.128906  0.006124
6784  0.000000  -0.167561  0.000000  0.129128  -0.128983  0.006120
6785  0.000000  -0.167677  0.000000  0.129205  -0.129060  0.006116
6786  0.000000  -0.167794  0.000000  0.129281  -0.129137  0.006112
6787  0.000000  -0.167910  0.000000  0.129358  -0.129214  0.006108
6788  0.000000  -0.168027  0.000000  0.129435  -0.129291  0.006104
6789  0.000000  -0.168143  0.000000  0.129511  -0.129368  0.006100
6790  0.000000  -0.168259  0.000000  0.129588  -0.129445  0.006096
6791  0.000000  -0.168376  0.000000  0.129665  -0.129521  0.006092
6792  0.000000  -0.168492  0.000000  0.129741  -0.129598  0.006088
6793  0.000000  -0.168608  0.000000  0.129818  -0.129675  0.006084
6794  0.000000  -0.168724  0.000000  0.129894  -0.129752  0.006080
6795  0.000000  -0.168840  0.000000  0.129971  -0.129829  0.006076
6796  0.000000  -0.168956  0.000000  0.130047  -0.129906  0.006072
6797  0.000000  -0.169072  0.000000  0.130124  -0.129982  0.006068
6798  0.000000  -0.169188  0.000000  0.130200  -0.130059  0.006064
6799  0.000000  -0.169304  0.000000  0.130277  -0.130136  0.006060
6800  0.000000  -0.169419  0.000000  0.130353  -0.130212  0.006056
6801  0.000000  -0.169535  0.000000  0.130430  -0.130289  0.006053
6802  0.000000  -0.169651  0.000000  0.130506  -0.130366  0.006049
6803  0.000000  -0.169767  0.000000  0.130582  -0.130442  0.006045
6804  0.000000  -0.169882  0.000000  0.130659  -0.130519  0.006041
6805  0.000000  -0.169998  0.000000  0.130735  -0.130596  0.006037
6806  0.000000  -0.170113  0.000000  0.130811  -0.130672  0.006033
6807  0.000000  -0.170229  0.000000  0.130888  -0.130749  0.006029
6808  0.000000  -0.170344  0.000000  0.130964  -0.130825  0.006025
6809  0.000000  -0.170459  0.000000  0.131040  -0.130902  0.006021
6810  0.000000  -0.170575  0.000000  0.131117  -0.130978  0.006017
6811  0.000000  -0.170690  0.000000  0.131193  -0.131055  0.006013
6812  0.000000  -0.170805  0.000000  0.131269  -0.131131  0.006009
6813  0.000000  -0.170920  0.000000  0.131345  -0.131208  0.006005
6814  0.000000  -0.171035  0.000000  0.131421  -0.131284  0.006002
6815  0.000000  -0.171151  0.000000  0.131498  -0.131361  0.005998
6816  0.000000  -0.171266  0.000000  0.131574  -0.131437  0.005994
6817  0.000000  -0.171381  0.000000  0.131650  -0.131513  0.005990
6818  0.000000  -0.171495  0.000000  0.131726  -0.131590  0.005986
6819  0.000000  -0.171610  0.000000  0.131802  -0.131666  0.005982
6820  0.000000  -0.171725  0.000000  0.131878  -0.131742  0.005978
6821  0.000000  -0.171840  0.000000  0.131954  -0.131819  0.005974
6822  0.000000  -0.171955  0.000000  0.132030  -0.131895  0.005970
6823  0.000000  -0.172069  0.000000  0.132106  -0.131971  0.005967
6824  0.000000  -0.172184  0.000000  0.132182  -0.132048  0.005963
6825  0.000000  -0.172299  0.000000  0.132258  -0.132124  0.005959
6826  0.000000  -0.172413  0.000000  0.132334  -0.132200  0.005955
6827  0.000000  -0.172528  0.000000  0.132410  -0.132276  0.005951
6828  0.000000  -0.172642  0.000000  0.132486  -0.132352  0.005947
6829  0.000000  -0.172756  0.000000  0.132562  -0.132428  0.005943
6830  0.000000  -0.172871  0.000000  0.132638  -0.132505  0.005940
6831  0.000000  -0.172985  0.000000  0.132713  -0.132581  0.005936
6832  0.000000  -0.173099  0.000000  0.132789  -0.132657  0.005932
6833  0.000000  -0.173214  0.000000  0.132865  -0.132733  0.005928
6834  0.000000  -0.173328  0.000000  0.132941  -0.132809  0.005924
6835  0.000000  -0.173442  0.000000  0.133017  -0.132885  0.005920
6836  0.000000  -0.173556  0.000000  0.133092  -0.132961  0.005917
6837  0.000000  -0.173670  0.000000  0.133168  -0.133037  0.005913
6838  0.000000  -0.173784  0.000000  0.133244  -0.133113  0.005909
6839  0.000000  -0.173898  0.000000  0.133320  -0.133189  0.005905
6840  0.000000  -0.174012  0.000000  0.133395  -0.133265  0.005901
6841  0.000000  -0.174126  0.000000  0.133471  -0.133341  0.005897
6842  0.000000  -0.174239  0.000000  0.133547  -0.133417  0.005894
6843  0.000000  -0.174353  0.000000  0.133622  -0.133492  0.005890
6844  0.000000  -0.174467  0.000000  0.133698  -0.133568  0.005886
6845  0.000000  -0.174580  0.000000  0.133773  -0.133644  0.005882
6846  0.000000  -0.174694  0.000000  0.133849  -0.133720  0.005878
6847  0.000000  -0.174808  0.000000  0.133925  -0.133796  0.005875
6848  0.000000  -0.174921  0.000000  0.134000  -0.133871  0.005871
6849  0.000000  -0.175034  0.000000  0.134076  -0.133947  0.005867
6850  0.000000  -0.175148  0.000000  0.134151  -0.134023  0.005863
6851  0.000000  -0.175261  0.000000  0.134227  -0.134099  0.005859
6852  0.000000  -0.175375  0.000000  0.134302  -0.134174  0.005856
6853  0.000000  -0.175488  0.000000  0.134377  -0.134250  0.005852
6854  0.000000  -0.175601  0.000000  0.134453  -0.134326  0.005848
6855  0.000000  -0.175714  0.000000  0.134528  -0.134401  0.005844
6856  0.000000  -0.175827  0.000000  0.134604  -0.134477  0.005840
6857  0.000000  -0.175940  0.000000  0.134679  -0.134552  0.005837
6858  0.000000  -0.176053  0.000000  0.134754  -0.134628  0.005833
6859  0.000000  -0.176166  0.000000  0.134830  -0.134704  0.005829
6860  0.000000  -0.176279  0.000000  0.134905  -0.134779  0.005825
6861  0.000000  -0.176392  0.000000  0.134980  -0.134855  0.005822
6862  0.000000  -0.176505  0.000000  0.135055  -0.134930  0.005818
6863  0.000000  -0.176618  0.000000  0.135131  -0.135006  0.005814
6864  0.000000  -0.176731  0.000000  0.135206  -0.135081  0.005810
6865  0.000000  -0.176843  0.000000  0.135281  -0.135156  0.005807
6866  0.000000  -0.176956  0.000000  0.135356  -0.135232  0.005803
6867  0.000000  -0.177069  0.000000  0.135431  -0.135307  0.005799
6868  0.000000  -0.177181  0.000000  0.135507  -0.135383  0.005795
6869  0.000000  -0.177294  0.000000  0.135582  -0.135458  0.005792
6870  0.000000  -0.177406  0.000000  0.135657  -0.135533  0.005788
6871  0.000000  -0.177518  0.000000  0.135732  -0.135609  0.005784
6872  0.000000  -0.177631  0.000000  0.135807  -0.135684  0.005780
6873  0.000000  -0.177743  0.000000  0.135882  -0.135759  0.005777
6874  0.000000  -0.177855  0.000000  0.135957  -0.135834  0.005773
6875  0.000000  -0.177968  0.000000  0.136032  -0.135910  0.005769
6876  0.000000  -0.178080  0.000000  0.136107  -0.135985  0.005765
6877  0.000000  -0.178192  0.000000  0.136182  -0.136060  0.005762
6878  0.000000  -0.178304  0.000000  0.136257  -0.136135  0.005758
6879  0.000000  -0.178416  0.000000  0.136332  -0.136210  0.005754
6880  0.000000  -0.178528  0.000000  0.136407  -0.136285  0.005751
6881  0.000000  -0.178640  0.000000  0.136481  -0.136360  0.005747
6882  0.000000  -0.178752  0.000000  0.136556  -0.136435  0.005743
6883  0.000000  -0.178864  0.000000  0.136631  -0.136511  0.005740
6884  0.000000  -0.178976  0.000000  0.136706  -0.136586  0.005736
6885  0.000000  -0.179087  0.000000  0.136781  -0.136661  0.005732
6886  0.000000  -0.179199  0.000000  0.136856  -0.136736  0.005728
6887  0.000000  -0.179311  0.000000  0.136930  -0.136811  0.005725
6888  0.000000  -0.179422  0.000000  0.137005  -0.136886  0.005721
6889  0.000000  -0.179534  0.000000  0.137080  -0.136960  0.005717
6890  0.000000  -0.179645  0.000000  0.137154  -0.137035  0.005714
6891  0.000000  -0.179757  0.000000  0.137229  -0.137110  0.005710
6892  0.000000  -0.179868  0.000000  0.137304  -0.137185  0.005706
6893  0.000000  -0.179980  0.000000  0.137378  -0.137260  0.005703
6894  0.000000  -0.180091  0.000000  0.137453  -0.137335  0.005699
6895  0.000000  -0.180202  0.000000  0.137528  -0.137410  0.005695
6896  0.000000  -0.180314  0.000000  0.137602  -0.137484  0.005692
6897  0.000000  -0.180425  0.000000  0.137677  -0.137559  0.005688
6898  0.000000  -0.180536  0.000000  0.137751  -0.137634  0.005684
6899  0.000000  -0.180647  0.000000  0.137826  -0.137709  0.005681
6900  0.000000  -0.180758  0.000000  0.137900  -0.137783  0.005677
6901  0.000000  -0.180869  0.000000  0.137975  -0.137858  0.005673
6902  0.000000  -0.180980  0.000000  0.138049  -0.137933  0.005670
6903  0.000000  -0.181091  0.000000  0.138124  -0.138007  0.005666
6904  0.000000  -0.181202  0.000000  0.138198  -0.138082  0.005662
6905  0.000000  -0.181313  0.000000  0.138272  -0.138157  0.005659
6906  0.000000  -0.181424  0.000000  0.138347  -0.138231  0.005655
6907  0.000000  -0.181534  0.000000  0.138421  -0.138306  0.005652
6908  0.000000  -0.181645  0.000000  0.138495  -0.138380  0.005648
6909  0.000000  -0.181756  0.000000  0.138570  -0.138455  0.005644
6910  0.000000  -0.181866  0.000000  0.138644  -0.138529  0.005641
6911  0.000000  -0.181977  0.000000  0.138718  -0.138604  0.005637
6912  0.000000  -0.182087  0.000000  0.138792  -0.138678  0.005633
6913  0.000000  -0.182198  0.000000  0.138867  -0.138753  0.005630
6914  0.000000  -0.182308  0.000000  0.138941  -0.138827  0.005626
6915  0.000000  -0.182419  0.000000  0.139015  -0.138901  0.005623
6916  0.000000  -0.182529  0.000000  0.139089  -0.138976  0.005619
6917  0.000000  -0.182639  0.000000  0.139163  -0.139050  0.005615
6918  0.000000  -0.182749  0.000000  0.139237  -0.139124  0.005612
6919  0.000000  -0.182860  0.000000  0.139312  -0.139199  0.005608
6920  0.000000  -0.182970  0.000000  0.139386  -0.139273  0.005605
6921  0.000000  -0.183080  0.000000  0.139460  -0.139347  0.005601
6922  0.000000  -0.183190  0.000000  0.139534  -0.139421  0.005597
6923  0.000000  -0.183300  0.000000  0.139608  -0.139496  0.005594
6924  0.000000  -0.183410  0.000000  0.139682  -0.139570  0.005590
6925  0.000000  -0.183520  0.000000  0.139756  -0.139644  0.005587
6926  0.000000  -0.183630  0.000000  0.139830  -0.139718  0.005583
6927  0.000000  -0.183739  0.000000  0.139904  -0.139792  0.005579
6928  0.000000  -0.183849  0.000000  0.139978  -0.139866  0.005576
6929  0.000000  -0.183959  0.000000  0.140051  -0.139941  0.005572
6930  0.000000  -0.184069  0.000000  0.140125  -0.140015  0.005569
6931  0.000000  -0.184178  0.000000  0.140199  -0.140089  0.005565
6932  0.000000  -0.184288  0.000000  0.140273  -0.140163  0.005562
6933  0.000000  -0.184397  0.000000  0.140347  -0.140237  0.005558
6934  0.000000  -0.184507  0.000000  0.140421  -0.140311  0.005555
6935  0.000000  -0.184616  0.000000  0.140494  -0.140385  0.005551
6936  0.000000  -0.184726  0.000000  0.140568  -0.140459  0.005547
6937  0.000000  -0.184835  0.000000  0.140642  -0.140532  0.005544
6938  0.000000  -0.184944  0.000000  0.140715  -0.140606  0.005540
6939  0.000000  -0.185054  0.000000  0.140789  -0.140680  0.005537
6940  0.000000  -0.185163  0.000000  0.140863  -0.140754  0.005533
6941  0.000000  -0.185272  0.000000  0.140936  -0.140828  0.005530
6942  0.000000  -0.185381  0.000000  0.141010  -0.140902  0.005526
6943  0.000000  -0.185490  0.000000  0.141084  -0.140975  0.005523
6944  0.000000  -0.185599  0.000000  0.141157  -0.141049  0.005519
6945  0.000000  -0.185708  0.000000  0.141231  -0.141123  0.005516
6946  0.000000  -0.185817  0.000000  0.141304  -0.141197  0.005512
6947  0.000000  -0.185926  0.000000  0.141378  -0.141270  0.005509
6948  0.000000  -0.186035  0.000000  0.141451  -0.141344  0.005505
6949  0.000000  -0.186144  0.000000  0.141525  -0.141418  0.005501
6950  0.000000  -0.186252  0.000000  0.141598  -0.141491  0.005498
6951  0.000000  -0.186361  0.000000  0.141672  -0.141565  0.005494
6952  0.000000  -0.186470  0.000000  0.141745  -0.141639  0.005491
6953  0.000000  -0.186578  0.000000  0.141818  -0.141712  0.005487
6954  0.000000  -0.186687  0.000000  0.141892  -0.141786  0.005484
6955  0.000000  -0.186795  0.000000  0.141965  -0.141859  0.005480
6956  0.000000  -0.186904  0.000000  0.142038  -0.141933  0.005477
6957  0.000000  -0.187012  0.000000  0.142112  -0.142006  0.005473
6958  0.000000  -0.187121  0.000000  0.142185  -0.142080  0.005470
6959  0.000000  -0.187229  0.000000  0.142258  -0.142153  0.005466
6960  0.000000  -0.187337  0.000000  0.142331  -0.142226  0.005463
6961  0.000000  -0.187446  0.000000  0.142405  -0.142300  0.005460
6962  0.000000  -0.187554  0.000000  0.142478  -0.142373  0.005456
6963  0.000000  -0.187662  0.000000  0.142551  -0.142447  0.005453
6964  0.000000  -0.187770  0.000000  0.142624  -0.142520  0.005449
6965  0.000000  -0.187878  0.000000  0.142697  -0.142593  0.005446
6966  0.000000  -0.187986  0.000000  0.142770  -0.142666  0.005442
6967  0.000000  -0.188094  0.000000  0.142843  -0.142740  0.005439
6968  0.000000  -0.188202  0.000000  0.142916  -0.142813  0.005435
6969  0.000000  -0.188310  0.000000  0.142989  -0.142886  0.005432
6970  0.000000  -0.188418  0.000000  0.143062  -0.142959  0.005428
6971  0.000000  -0.188526  0.000000  0.143135  -0.143033  0.005425
6972  0.000000  -0.188633  0.000000  0.143208  -0.143106  0.005421
6973  0.000000  -0.188741  0.000000  0.143281  -0.143179  0.005418
6974  0.000000  -0.188849  0.000000  0.143354  -0.143252  0.005414
6975  0.000000  -0.188956  0.000000  0.143427  -0.143325  0.005411
6976  0.000000  -0.189064  0.000000  0.143500  -0.143398  0.005408
6977  0.000000  -0.189172  0.000000  0.143573  -0.143471  0.005404
6978  0.000000  -0.189279  0.000000  0.143646  -0.143544  0.005401
6979  0.000000  -0.189386  0.000000  0.143719  -0.143617  0.005397
6980  0.000000  -0.189494  0.000000  0.143791  -0.143690  0.005394
6981  0.000000  -0.189601  0.000000  0.143864  -0.143763  0.005390
6982  0.000000  -0.189708  0.000000  0.143937  -0.143836  0.005387
6983  0.000000  -0.189816  0.000000  0.144010  -0.143909  0.005384
6984  0.000000  -0.189923  0.000000  0.144082  -0.143982  0.005380
6985  0.000000  -0.190030  0.000000  0.144155  -0.144055  0.005377
6986  0.000000  -0.190137  0.000000  0.144228  -0.144127  0.005373
6987  0.000000  -0.190244  0.000000  0.144300  -0.144200  0.005370
6988  0.000000  -0.190351  0.000000  0.144373  -0.144273  0.005366
6989  0.000000  -0.190458  0.000000  0.144445  -0.144346  0.005363
6990  0.000000  -0.190565  0.000000  0.144518  -0.144419  0.005360
6991  0.000000  -0.190672  0.000000  0.144591  -0.144491  0.005356
6992  0.000000  -0.190779  0.000000  0.144663  -0.144564  0.005353
6993  0.000000  -0.190886  0.000000  0.144736  -0.144637  0.005349
6994  0.000000  -0.190992  0.000000  0.144808  -0.144709  0.005346
6995  0.000000  -0.191099  0.000000  0.144880  -0.144782  0.005343
6996  0.000000  -0.191206  0.000000  0.144953  -0.144855  0.005339
6997  0.000000  -0.191312  0.000000  0.145025  -0.144927  0.005336
6998  0.000000  -0.191419  0.000000  0.145098  -0.145000  0.005332
6999  0.000000  -0.191526  0.000000  0.145170  -0.145072  0.005329
7000  0.000000  -0.191632  0.000000  0.145242  -0.145145  0.005326
7001  0.000000  -0.191738  0.000000  0.145315  -0.145217  0.005322
7002  0.000000  -0.191845  0.000000  0.145387  -0.145290  0.005319
7003  0.000000  -0.191951  0.000000  0.145459  -0.145362  0.005316
7004  0.000000  -0.192057  0.000000  0.145532  -0.145435  0.005312
7005  0.000000  -0.192164  0.000000  0.145604  -0.145507  0.005309
7006  0.000000  -0.192270  0.000000  0.145676  -0.145579  0.005305
7007  0.000000  -0.192376  0.000000  0.145748  -0.145652  0.005302
7008  0.000000  -0.192482  0.000000  0.145820  -0.145724  0.005299
7009  0.000000  -0.192588  0.000000  0.145893  -0.145796  0.005295
7010  0.000000  -0.192694  0.000000  0.145965  -0.145869  0.005292
7011  0.000000  -0.192800  0.000000  0.146037  -0.145941  0.005289
7012  0.000000  -0.192906  0.000000  0.146109  -0.146013  0.005285
7013  0.000000  -0.193012  0.000000  0.146181  -0.146085  0.005282
7014  0.000000  -0.193118  0.000000  0.146253  -0.146158  0.005279
7015  0.000000  -0.193224  0.000000  0.146325  -0.146230  0.005275
7016  0.000000  -0.193330  0.000000  0.146397  -0.146302  0.005272
7017  0.000000  -0.193435  0.000000  0.146469  -0.146374  0.005269
7018  0.000000  -0.193541  0.000000  0.146541  -0.146446  0.005265
7019  0.000000  -0.193647  0.000000  0.146613  -0.146518  0.005262
7020  0.000000  -0.193752  0.000000  0.146685  -0.146590  0.005259
7021  0.000000  -0.193858  0.000000  0.146757  -0.146662  0.005255
7022  0.000000  -0.193963  0.000000  0.146828  -0.146734  0.005252
7023  0.000000  -0.194069  0.000000  0.146900  -0.146806  0.005249
7024  0.000000  -0.194174  0.000000  0.146972  -0.146878  0.005245
7025  0.000000  -0.194279  0.000000  0.147044  -0.146950  0.005242
7026  0.000000  -0.194385  0.000000  0.147116  -0.147022  0.005239
7027  0.000000  -0.194490  0.000000  0.147187  -0.147094  0.005235
7028  0.000000  -0.194595  0.000000  0.147259  -0.147166  0.005232
7029  0.000000  -0.194700  0.000000  0.147331  -0.147238  0.005229
7030  0.000000  -0.194805  0.000000  0.147402  -0.147310  0.005226
7031  0.000000  -0.194910  0.000000  0.147474  -0.147381  0.005222
7032  0.000000  -0.195015  0.000000  0.147546  -0.147453  0.005219
7033  0.000000  -0.195120  0.000000  0.147617  -0.147525  0.005216
7034  0.000000  -0.195225  0.000000  0.147689  -0.147597  0.005212
7035  0.000000  -0.195330  0.000000  0.147760  -0.147668  0.005209
7036  0.000000  -0.195435  0.000000  0.147832  -0.147740  0.005206
7037  0.000000  -0.195540  0.000000  0.147903  -0.147812  0.005202
7038  0.000000  -0.195645  0.000000  0.147975  -0.147883  0.005199
7039  0.000000  -0.195749  0.000000  0.148046  -0.147955  0.005196
7040  0.000000  -0.195854  0.000000  0.148118  -0.148027  0.005193
7041  0.000000  -0.195959  0.000000  0.148189  -0.148098  0.005189
7042  0.000000  -0.196063  0.000000  0.148261  -0.148170  0.005186
7043  0.000000  -0.196168  0.000000  0.148332  -0.148241  0.005183
7044  0.000000  -0.196272  0.000000  0.148403  -0.148313  0.005180
7045  0.000000  -0.196377  0.000000  0.148475  -0.148384  0.005176
7046  0.000000  -0.196481  0.000000  0.148546  -0.148456  0.005173
7047  0.000000  -0.196585  0.000000  0.148617  -0.148527  0.005170
7048  0.000000  -0.196690  0.000000  0.148688  -0.148599  0.005167
7049  0.000000  -0.196794  0.000000  0.148760  -0.148670  0.005163
7050  0.000000  -0.196898  0.000000  0.148831  -0.148741  0.005160
7051  0.000000  -0.197002  0.000000  0.148902  -0.148813  0.005157
7052  0.000000  -0.197106  0.000000  0.148973  -0.148884  0.005154
7053  0.000000  -0.197211  0.000000  0.149044  -0.148955  0.005150
7054  0.000000  -0.197315  0.000000  0.149115  -0.149027  0.005147
7055  0.000000  -0.197419  0.000000  0.149187  -0.149098  0.005144
7056  0.000000  -0.197522  0.000000  0.149258  -0.149169  0.005141
7057  0.000000  -0.197626  0.000000  0.149329  -0.149240  0.005137
7058  0.000000  -0.197730  0.000000  0.149400  -0.149311  0.005134
7059  0.000000  -0.197834  0.000000  0.149471  -0.149383  0.005131
7060  0.000000  -0.197938  0.000000  0.149542  -0.149454  0.005128
7061  0.000000  -0.198042  0.000000  0.149613  -0.149525  0.005124
7062  0.000000  -0.198145  0.000000  0.149683  -0.149596  0.005121
7063  0.000000  -0.198249  0.000000  0.149754  -0.149667  0.005118
7064  0.000000  -0.198352  0.000000  0.149825  -0.149738  0.005115
7065  0.000000  -0.198456  0.000000  0.149896  -0.149809  0.005112
7066  0.000000  -0.198559  0.000000  0.149967  -0.149880  0.005108
7067  0.000000  -0.198663  0.000000  0.150038  -0.149951  0.005105
7068  0.000000  -0.198766  0.000000  0.150109  -0.150022  0.005102
7069  0.000000  -0.198870  0.000000  0.150179  -0.150093  0.005099
7070  0.000000  -0.198973  0.000000  0.150250  -0.150164  0.005096
7071  0.000000  -0.199076  0.000000  0.150321  -0.150234  0.005092
7072  0.000000  -0.199179  0.000000  0.150391  -0.150305  0.005089
7073  0.000000  -0.199283  0.000000  0.150462  -0.150376  0.005086
7074  0.000000  -0.199386  0.000000  0.150533  -0.150447  0.005083
7075  0.000000  -0.199489  0.000000  0.150603  -0.150518  0.005080
7076  0.000000  -0.199592  0.000000  0.150674  -0.150588  0.005076
7077  0.000000  -0.199695  0.000000  0.150745  -0.150659  0.005073
7078  0.000000  -0.199798  0.000000  0.150815  -0.150730  0.005070
7079  0.000000  -0.199901  0.000000  0.150886  -0.150801  0.005067
7080  0.000000  -0.200004  0.000000  0.150956  -0.150871  0.005064
7081  0.000000  -0.200106  0.000000  0.151027  -0.150942  0.005061
7082  0.000000  -0.200209  0.000000  0.151097  -0.151012  0.005057
7083  0.000000  -0.200312  0.000000  0.151167  -0.151083  0.005054
7084  0.000000  -0.200415  0.000000  0.151238  -0.151154  0.005051
7085  0.000000  -0.200517  0.000000  0.151308  -0.151224  0.005048
7086  0.000000  -0.200620  0.000000  0.151379  -0.151295  0.005045
7087  0.000000  -0.200722  0.000000  0.151449  -0.151365  0.005042
7088  0.000000  -0.200825  0.000000  0.151519  -0.151435  0.005038
7089  0.000000  -0.200927  0.000000  0.151590  -0.151506  0.005035
7090  0.000000  -0.201030  0.000000  0.151660  -0.151576  0.005032
7091  0.000000  -0.201132  0.000000  0.151730  -0.151647  0.005029
7092  0.000000  -0.201234  0.000000  0.151800  -0.151717  0.005026
7093  0.000000  -0.201337  0.000000  0.151870  -0.151787  0.005023
7094  0.000000  -0.201439  0.000000  0.151941  -0.151858  0.005020
7095  0.000000  -0.201541  0.000000  0.152011  -0.151928  0.005016
7096  0.000000  -0.201643  0.000000  0.152081  -0.151998  0.005013
7097  0.000000  -0.201745  0.000000  0.152151  -0.152068  0.005010
7098  0.000000  -0.201847  0.000000  0.152221  -0.152139  0.005007
7099  0.000000  -0.201949  0.000000  0.152291  -0.152209  0.005004
7100  0.000000  -0.202051  0.000000  0.152361  -0.152279  0.005001
7101  0.000000  -0.202153  0.000000  0.152431  -0.152349  0.004998
7102  0.000000  -0.202255  0.000000  0.152501  -0.152419  0.004994
7103  0.000000  -0.202357  0.000000  0.152571  -0.152489  0.004991
7104  0.000000  -0.202459  0.000000  0.152641  -0.152559  0.004988
7105  0.000000  -0.202560  0.000000  0.152711  -0.152629  0.004985
7106  0.000000  -0.202662  0.000000  0.152781  -0.152699  0.004982
7107  0.000000  -0.202764  0.000000  0.152851  -0.152769  0.004979
7108  0.000000  -0.202865  0.000000  0.152920  -0.152839  0.004976
7109  0.000000  -0.202967  0.000000  0.152990  -0.152909  0.004973
7110  0.000000  -0.203068  0.000000  0.153060  -0.152979  0.004970
7111  0.000000  -0.203170  0.000000  0.153130  -0.153049  0.004967
7112  0.000000  -0.203271  0.000000  0.153199  -0.153119  0.004963
7113  0.000000  -0.203373  0.000000  0.153269  -0.153189  0.004960
7114  0.000000  -0.203474  0.000000  0.153339  -0.153259  0.004957
7115  0.000000  -0.203575  0.000000  0.153409  -0.153329  0.004954
7116  0.000000  -0.203676  0.000000  0.153478  -0.153398  0.004951
7117  0.000000  -0.203778  0.000000  0.153548  -0.153468  0.004948
7118  0.000000  -0.203879  0.000000  0.153617  -0.153538  0.004945
7119  0.000000  -0.203980  0.000000  0.153687  -0.153607  0.004942
7120  0.000000  -0.204081  0.000000  0.153756  -0.153677  0.004939
7121  0.000000  -0.204182  0.000000  0.153826  -0.153747  0.004936
7122  0.000000  -0.204283  0.000000  0.153895  -0.153816  0.004933
7123  0.000000  -0.204384  0.000000  0.153965  -0.153886  0.004930
7124  0.000000  -0.204485  0.000000  0.154034  -0.153956  0.004926
7125  0.000000  -0.204585  0.000000  0.154104  -0.154025  0.004923
7126  0.000000  -0.204686  0.000000  0.154173  -0.154095  0.004920
7127  0.000000  -0.204787  0.000000  0.154243  -0.154164  0.004917
7128  0.000000  -0.204888  0.000000  0.154312  -0.154234  0.004914
7129  0.000000  -0.204988  0.000000  0.154381  -0.154303  0.004911
7130  0.000000  -0.205089  0.000000  0.154450  -0.154372  0.004908
7131  0.000000  -0.205189  0.000000  0.154520  -0.154442  0.004905
7132  0.000000  -0.205290  0.000000  0.154589  -0.154511  0.004902
7133  0.000000  -0.205390  0.000000  0.154658  -0.154581  0.004899
7134  0.000000  -0.205491  0.000000  0.154727  -0.154650  0.004896
7135  0.000000  -0.205591  0.000000  0.154797  -0.154719  0.004893
7136  0.000000  -0.205692  0.000000  0.154866  -0.154788  0.004890
7137  0.000000  -0.205792  0.000000  0.154935  -0.154858  0.004887
7138  0.000000  -0.205892  0.000000  0.155004  -0.154927  0.004884
7139  0.000000  -0.205992  0.000000  0.155073  -0.154996  0.004881
7140  0.000000  -0.206092  0.000000  0.155142  -0.155065  0.004878
7141  0.000000  -0.206193  0.000000  0.155211  -0.155134  0.004875
7142  0.000000  -0.206293  0.000000  0.155280  -0.155204  0.004872
7143  0.000000  -0.206393  0.000000  0.155349  -0.155273  0.004869
7144  0.000000  -0.206493  0.000000  0.155418  -0.155342  0.004866
7145  0.000000  -0.206593  0.000000  0.155487  -0.155411  0.004863
7146  0.000000  -0.206692  0.000000  0.155556  -0.155480  0.004860
7147  0.000000  -0.206792  0.000000  0.155625  -0.155549  0.004857
7148  0.000000  -0.206892  0.000000  0.155693  -0.155618  0.004854
7149  0.000000  -0.206992  0.000000  0.155762  -0.155687  0.004851
7150  0.000000  -0.207092  0.000000  0.155831  -0.155756  0.004848
7151  0.000000  -0.207191  0.000000  0.155900  -0.155825  0.004845
7152  0.000000  -0.207291  0.000000  0.155969  -0.155893  0.004842
7153  0.000000  -0.207390  0.000000  0.156037  -0.155962  0.004839
7154  0.000000  -0.207490  0.000000  0.156106  -0.156031  0.004836
7155  0.000000  -0.207589  0.000000  0.156175  -0.156100  0.004833
7156  0.000000  -0.207689  0.000000  0.156243  -0.156169  0.004830
7157  0.000000  -0.207788  0.000000  0.156312  -0.156237  0.004827
7158  0.000000  -0.207887  0.000000  0.156381  -0.156306  0.004824
7159  0.000000  -0.207987  0.000000  0.156449  -0.156375  0.004821
7160  0.000000  -0.208086  0.000000  0.156518  -0.156444  0.004818
7161  0.000000  -0.208185  0.000000  0.156586  -0.156512  0.004815
7162  0.000000  -0.208284  0.000000  0.156655  -0.156581  0.004812
7163  0.000000  -0.208384  0.000000  0.156723  -0.156649  0.004809
7164  0.000000  -0.208483  0.000000  0.156792  -0.156718  0.004806
7165  0.000000  -0.208582  0.000000  0.156860  -0.156786  0.004803
7166  0.000000  -0.208681  0.000000  0.156928  -0.156855  0.004800
7167  0.000000  -0.208780  0.000000  0.156997  -0.156923  0.004797
7168  0.000000  -0.208878  0.000000  0.157065  -0.156992  0.004794
7169  0.000000  -0.208977  0.000000  0.157133  -0.157060  0.004791
7170  0.000000  -0.209076  0.000000  0.157202  -0.157129  0.004788
7171  0.000000  -0.209175  0.000000  0.157270  -0.157197  0.004785
7172  0.000000  -0.209273  0.000000  0.157338  -0.157266  0.004782
7173  0.000000  -0.209372  0.000000  0.157406  -0.157334  0.004779
7174  0.000000  -0.209471  0.000000  0.157475  -0.157402  0.004776
7175  0.000000  -0.209569  0.000000  0.157543  -0.157471  0.004773
7176  0.000000  -0.209668  0.000000  0.157611  -0.157539  0.004770
7177  0.000000  -0.209766  0.000000  0.157679  -0.157607  0.004767
7178  0.000000  -0.209865  0.000000  0.157747  -0.157675  0.004764
7179  0.000000  -0.209963  0.000000  0.157815  -0.157743  0.004762
7180  0.000000  -0.210062  0.000000  0.157883  -0.157812  0.004759
7181  0.000000  -0.210160  0.000000  0.157951  -0.157880  0.004756
7182  0.000000  -0.210258  0.000000  0.158019  -0.157948  0.004753
7183  0.000000  -0.210356  0.000000  0.158087  -0.158016  0.004750
7184  0.000000  -0.210454  0.000000  0.158155  -0.158084  0.004747
7185  0.000000  -0.210553  0.000000  0.158223  -0.158152  0.004744
7186  0.000000  -0.210651  0.000000  0.158291  -0.158220  0.004741
7187  0.000000  -0.210749  0.000000  0.158359  -0.158288  0.004738
7188  0.000000  -0.210847  0.000000  0.158427  -0.158356  0.004735
7189  0.000000  -0.210945  0.000000  0.158495  -0.158424  0.004732
7190  0.000000  -0.211042  0.000000  0.158562  -0.158492  0.004729
7191  0.000000  -0.211140  0.000000  0.158630  -0.158560  0.004726
7192  0.000000  -0.211238  0.000000  0.158698  -0.158627  0.004724
7193  0.000000  -0.211336  0.000000  0.158765  -0.158695  0.004721
7194  0.000000  -0.211434  0.000000  0.158833  -0.158763  0.004718
7195  0.000000  -0.211531  0.000000  0.158901  -0.158831  0.004715
7196  0.000000  -0.211629  0.000000  0.158968  -0.158899  0.004712
7197  0.000000  -0.211726  0.000000  0.159036  -0.158966  0.004709
7198  0.000000  -0.211824  0.000000  0.159104  -0.159034  0.004706
7199  0.000000  -0.211921  0.000000  0.159171  -0.159102  0.004703
7200  0.000000  -0.212019  0.000000  0.159239  -0.159169  0.004700
7201  0.000000  -0.212116  0.000000  0.159306  -0.159237  0.004698
7202  0.000000  -0.212214  0.000000  0.159374  -0.159305  0.004695
7203  0.000000  -0.212311  0.000000  0.159441  -0.159372  0.004692
7204  0.000000  -0.212408  0.000000  0.159509  -0.159440  0.004689
7205  0.000000  -0.212505  0.000000  0.159576  -0.159507  0.004686
7206  0.000000  -0.212603  0.000000  0.159643  -0.159575  0.004683
7207  0.000000  -0.212700  0.000000  0.159711  -0.159642  0.004680
7208  0.000000  -0.212797  0.000000  0.159778  -0.159710  0.004677
7209  0.000000  -0.212894  0.000000  0.159845  -0.159777  0.004675
7210  0.000000  -0.212991  0.000000  0.159913  -0.159844  0.004672
7211  0.000000  -0.213088  0.000000  0.159980  -0.159912  0.004669
7212  0.000000  -0.213185  0.000000  0.160047  -0.159979  0.004666
7213  0.000000  -0.213282  0.000000  0.160114  -0.160046  0.004663
7214  0.000000  -0.213378  0.000000  0.160181  -0.160114  0.004660
7215  0.000000  -0.213475  0.000000  0.160249  -0.160181  0.004657
7216  0.000000  -0.213572  0.000000  0.160316  -0.160248  0.004655
7217  0.000000  -0.213668  0.000000  0.160383  -0.160315  0.004652
7218  0.000000  -0.213765  0.000000  0.160450  -0.160382  0.004649
7219  0.000000  -0.213862  0.000000  0.160517  -0.160450  0.004646
7220  0.000000  -0.213958  0.000000  0.160584  -0.160517  0.004643
7221  0.000000  -0.214055  0.000000  0.160651  -0.160584  0.004640
7222  0.000000  -0.214151  0.000000  0.160718  -0.160651  0.004638
7223  0.000000  -0.214248  0.000000  0.160785  -0.160718  0.004635
7224  0.000000  -0.214344  0.000000  0.160852  -0.160785  0.004632
7225  0.000000  -0.214440  0.000000  0.160919  -0.160852  0.004629
7226  0.000000  -0.214536  0.000000  0.160985  -0.160919  0.004626
7227  0.000000  -0.214633  0.000000  0.161052  -0.160986  0.004623
7228  0.000000  -0.214729  0.000000  0.161119  -0.161053  0.004621
7229  0.000000  -0.214825  0.000000  0.161186  -0.161120  0.004618
7230  0.000000  -0.214921  0.000000  0.161253  -0.161186  0.004615
7231  0.000000  -0.215017  0.000000  0.161319  -0.161253  0.004612
7232  0.000000  -0.215113  0.000000  0.161386  -0.161320  0.004609
7233  0.000000  -0.215209  0.000000  0.161453  -0.161387  0.004607
7234  0.000000  -0.215305  0.000000  0.161519  -0.161454  0.004604
7235  0.000000  -0.215401  0.000000  0.161586  -0.161520  0.004601
7236  0.000000  -0.215497  0.000000  0.161652  -0.161587  0.004598
7237  0.000000  -0.215592  0.000000  0.161719  -0.161654  0.004595
7238  0.000000  -0.215688  0.000000  0.161786  -0.161720  0.004592
7239  0.000000  -0.215784  0.000000  0.161852  -0.161787  0.004590
7240  0.000000  -0.215879  0.000000  0.161919  -0.161854  0.004587
7241  0.000000  -0.215975  0.000000  0.161985  -0.161920  0.004584
7242  0.000000  -0.216071  0.000000  0.162051  -0.161987  0.004581
7243  0.000000  -0.216166  0.000000  0.162118  -0.162053  0.004579
7244  0.000000  -0.216261  0.000000  0.162184  -0.162120  0.004576
7245  0.000000  -0.216357  0.000000  0.162251  -0.162186  0.004573
7246  0.000000  -0.216452  0.000000  0.162317  -0.162253  0.004570
7247  0.000000  -0.216548  0.000000  0.162383  -0.162319  0.004567
7248  0.000000  -0.216643  0.000000  0.162450  -0.162385  0.004565
7249  0.000000  -0.216738  0.000000  0.162516  -0.162452  0.004562
7250  0.000000  -0.216833  0.000000  0.162582  -0.162518  0.004559
7251  0.000000  -0.216928  0.000000  0.162648  -0.162584  0.004556
7252  0.000000  -0.217023  0.000000  0.162714  -0.162651  0.004554
7253  0.000000  -0.217118  0.000000  0.162781  -0.162717  0.004551
7254  0.000000  -0.217213  0.000000  0.162847  -0.162783  0.004548
7255  0.000000  -0.217308  0.000000  0.162913  -0.162849  0.004545
7256  0.000000  -0.217403  0.000000  0.162979  -0.162915  0.004543
7257  0.000000  -0.217498  0.000000  0.163045  -0.162982  0.004540
7258  0.000000  -0.217593  0.000000  0.163111  -0.163048  0.004537
7259  0.000000  -0.217688  0.000000  0.163177  -0.163114  0.004534
7260  0.000000  -0.217782  0.000000  0.163243  -0.163180  0.004532
7261  0.000000  -0.217877  0.000000  0.163309  -0.163246  0.004529
7262  0.000000  -0.217972  0.000000  0.163375  -0.163312  0.004526
7263  0.000000  -0.218066  0.000000  0.163440  -0.163378  0.004523
7264  0.000000  -0.218161  0.000000  0.163506  -0.163444  0.004521
7265  0.000000  -0.218255  0.000000  0.163572  -0.163510  0.004518
7266  0.000000  -0.218350  0.000000  0.163638  -0.163576  0.004515
7267  0.000000  -0.218444  0.000000  0.163704  -0.163642  0.004512
7268  0.000000  -0.218539  0.000000  0.163769  -0.163707  0.004510
7269  0.000000  -0.218633  0.000000  0.163835  -0.163773  0.004507
7270  0.000000  -0.218727  0.000000  0.163901  -0.163839  0.004504
7271  0.000000  -0.218821  0.000000  0.163967  -0.163905  0.004501
7272  0.000000  -0.218916  0.000000  0.164032  -0.163970  0.004499
7273  0.000000  -0.219010  0.000000  0.164098  -0.164036  0.004496
7274  0.000000  -0.219104  0.000000  0.164163  -0.164102  0.004493
7275  0.000000  -0.219198  0.000000  0.164229  -0.164167  0.004491
7276  0.000000  -0.219292  0.000000  0.164294  -0.164233  0.004488
7277  0.000000  -0.219386  0.000000  0.164360  -0.164299  0.004485
7278  0.000000  -0.219480  0.000000  0.164425  -0.164364  0.004482
7279  0.000000  -0.219573  0.000000  0.164491  -0.164430  0.004480
7280  0.000000  -0.219667  0.000000  0.164556  -0.164495  0.004477
7281  0.000000  -0.219761  0.000000  0.164622  -0.164561  0.004474
7282  0.000000  -0.219855  0.000000  0.164687  -0.164626  0.004472
7283  0.000000  -0.219948  0.000000  0.164752  -0.164692  0.004469
7284  0.000000  -0.220042  0.000000  0.164818  -0.164757  0.004466
7285  0.000000  -0.220136  0.000000  0.164883  -0.164823  0.004464
7286  0.000000  -0.220229  0.000000  0.164948  -0.164888  0.004461
7287  0.000000  -0.220323  0.000000  0.165013  -0.164953  0.004458
7288  0.000000  -0.220416  0.000000  0.165079  -0.165019  0.004455
7289  0.000000  -0.220509  0.000000  0.165144  -0.165084  0.004453
7290  0.000000  -0.220603  0.000000  0.165209  -0.165149  0.004450
7291  0.000000  -0.220696  0.000000  0.165274  -0.165214  0.004447
7292  0.000000  -0.220789  0.000000  0.165339  -0.165279  0.004445
7293  0.000000  -0.220883  0.000000  0.165404  -0.165345  0.004442
7294  0.000000  -0.220976  0.000000  0.165469  -0.165410  0.004439
7295  0.000000  -0.221069  0.000000  0.165534  -0.165475  0.004437
7296  0.000000  -0.221162  0.000000  0.165599  -0.165540  0.004434
7297  0.000000  -0.221255  0.000000  0.165664  -0.165605  0.004431
7298  0.000000  -0.221348  0.000000  0.165729  -0.165670  0.004429
7299  0.000000  -0.221441  0.000000  0.165794  -0.165735  0.004426
7300  0.000000  -0.221534  0.000000  0.165859  -0.165800  0.004423
7301  0.000000  -0.221627  0.000000  0.165924  -0.165865  0.004421
7302  0.000000  -0.221720  0.000000  0.165989  -0.165930  0.004418
7303  0.000000  -0.221812  0.000000  0.166053  -0.165995  0.004415
7304  0.000000  -0.221905  0.000000  0.166118  -0.166060  0.004413
7305  0.000000  -0.221998  0.000000  0.166183  -0.166124  0.004410
7306  0.000000  -0.222090  0.000000  0.166248  -0.166189  0.004407
7307  0.000000  -0.222183  0.000000  0.166312  -0.166254  0.004405
7308  0.000000  -0.222275  0.000000  0.166377  -0.166319  0.004402
7309  0.000000  -0.222368  0.000000  0.166442  -0.166383  0.004400
7310  0.000000  -0.222460  0.000000  0.166506  -0.166448  0.004397
7311  0.000000  -0.222553  0.000000  0.166571  -0.166513  0.004394
7312  0.000000  -0.222645  0.000000  0.166635  -0.166577  0.004392
7313  0.000000  -0.222737  0.000000  0.166700  -0.166642  0.004389
7314  0.000000  -0.222830  0.000000  0.166764  -0.166707  0.004386
7315  0.000000  -0.222922  0.000000  0.166829  -0.166771  0.004384
7316  0.000000  -0.223014  0.000000  0.166893  -0.166836  0.004381
7317  0.000000  -0.223106  0.000000  0.166958  -0.166900  0.004378
7318  0.000000  -0.223198  0.000000  0.167022  -0.166965  0.004376
7319  0.000000  -0.223290  0.000000  0.167086  -0.167029  0.004373
7320  0.000000  -0.223382  0.000000  0.167151  -0.167094  0.004371
7321  0.000000  -0.223474  0.000000  0.167215  -0.167158  0.004368
7322  0.000000  -0.223566  0.000000  0.167279  -0.167222  0.004365
7323  0.000000  -0.223658  0.000000  0.167344  -0.167287  0.004363
7324  0.000000  -0.223750  0.000000  0.167408  -0.167351  0.004360
7325  0.000000  -0.223841  0.000000  0.167472  -0.167415  0.004358
7326  0.000000  -0.223933  0.000000  0.167536  -0.167480  0.004355
7327  0.000000  -0.224025  0.000000  0.167600  -0.167544  0.004352
7328  0.000000  -0.224116  0.000000  0.167664  -0.167608  0.004350
7329  0.000000  -0.224208  0.000000  0.167728  -0.167672  0.004347
7330  0.000000  -0.224299  0.000000  0.167793  -0.167736  0.004345
7331  0.000000  -0.224391  0.000000  0.167857  -0.167800  0.004342
7332  0.000000  -0.224482  0.000000  0.167921  -0.167864  0.004339
7333  0.000000  -0.224574  0.000000  0.167985  -0.167929  0.004337
7334  0.000000  -0.224665  0.000000  0.168048  -0.167993  0.004334
7335  0.000000  -0.224756  0.000000  0.168112  -0.168057  0.004332
7336  0.000000  -0.224848  0.000000  0.168176  -0.168121  0.004329
7337  0.000000  -0.224939  0.000000  0.168240  -0.168184  0.004326
7338  0.000000  -0.225030  0.000000  0.168304  -0.168248  0.004324
7339  0.000000  -0.225121  0.000000  0.168368  -0.168312  0.004321
7340  0.000000  -0.225212  0.000000  0.168432  -0.168376  0.004319
7341  0.000000  -0.225303  0.000000  0.168495  -0.168440  0.004316
7342  0.000000  -0.225394  0.000000  0.168559  -0.168504  0.004314
7343  0.000000  -0.225485  0.000000  0.168623  -0.168568  0.004311
7344  0.000000  -0.225576  0.000000  0.168686  -0.168631  0.004308
7345  0.000000  -0.225667  0.000000  0.168750  -0.168695  0.004306
7346  0.000000  -0.225758  0.000000  0.168814  -0.168759  0.004303
7347  0.000000  -0.225848  0.000000  0.168877  -0.168822  0.004301
7348  0.000000  -0.225939  0.000000  0.168941  -0.168886  0.004298
7349  0.000000  -0.226030  0.000000  0.169004  -0.168950  0.004296
7350  0.000000  -0.226120  0.000000  0.169068  -0.169013  0.004293
7351  0.000000  -0.226211  0.000000  0.169131  -0.169077  0.004291
7352  0.000000  -0.226301  0.000000  0.169195  -0.169140  0.004288
7353  0.000000  -0.226392  0.000000  0.169258  -0.169204  0.004285
7354  0.000000  -0.226482  0.000000  0.169321  -0.169267  0.004283
7355  0.000000  -0.226573  0.000000  0.169385  -0.169331  0.004280
7356  0.000000  -0.226663  0.000000  0.169448  -0.169394  0.004278
7357  0.000000  -0.226753  0.000000  0.169511  -0.169458  0.004275
7358  0.000000  -0.226843  0.000000  0.169575  -0.169521  0.004273
7359  0.000000  -0.226934  0.000000  0.169638  -0.169584  0.004270
7360  0.000000  -0.227024  0.000000  0.169701  -0.169647  0.004268
7361  0.000000  -0.227114  0.000000  0.169764  -0.169711  0.004265
7362  0.000000  -0.227204  0.000000  0.169828  -0.169774  0.004263
7363  0.000000  -0.227294  0.000000  0.169891  -0.169837  0.004260
7364  0.000000  -0.227384  0.000000  0.169954  -0.169900  0.004258
7365  0.000000  -0.227474  0.000000  0.170017  -0.169964  0.004255
7366  0.000000  -0.227564  0.000000  0.170080  -0.170027  0.004253
7367  0.000000  -0.227654  0.000000  0.170143  -0.170090  0.004250
7368  0.000000  -0.227743  0.000000  0.170206  -0.170153  0.004248
7369  0.000000  -0.227833  0.000000  0.170269  -0.170216  0.004245
7370  0.000000  -0.227923  0.000000  0.170332  -0.170279  0.004243
7371  0.000000  -0.228012  0.000000  0.170395  -0.170342  0.004240
7372  0.000000  -0.228102  0.000000  0.170458  -0.170405  0.004238
7373  0.000000  -0.228192  0.000000  0.170520  -0.170468  0.004235
7374  0.000000  -0.228281  0.000000  0.170583  -0.170531  0.004232
7375  0.000000  -0.228370  0.000000  0.170646  -0.170594  0.004230
7376  0.000000  -0.228460  0.000000  0.170709  -0.170656  0.004227
7377  0.000000  -0.228549  0.000000  0.170771  -0.170719  0.004225
7378  0.000000  -0.228639  0.000000  0.170834  -0.170782  0.004223
7379  0.000000  -0.228728  0.000000  0.170897  -0.170845  0.004220
7380  0.000000  -0.228817  0.000000  0.170960  -0.170907  0.004218
7381  0.000000  -0.228906  0.000000  0.171022  -0.170970  0.004215
7382  0.000000  -0.228995  0.000000  0.171085  -0.171033  0.004213
7383  0.000000  -0.229084  0.000000  0.171147  -0.171096  0.004210
7384  0.000000  -0.229173  0.000000  0.171210  -0.171158  0.004208
7385  0.000000  -0.229262  0.000000  0.171272  -0.171221  0.004205
7386  0.000000  -0.229351  0.000000  0.171335  -0.171283  0.004203
7387  0.000000  -0.229440  0.000000  0.171397  -0.171346  0.004200
7388  0.000000  -0.229529  0.000000  0.171460  -0.171408  0.004198
7389  0.000000  -0.229618  0.000000  0.171522  -0.171471  0.004195
7390  0.000000  -0.229707  0.000000  0.171584  -0.171533  0.004193
7391  0.000000  -0.229795  0.000000  0.171647  -0.171596  0.004190
7392  0.000000  -0.229884  0.000000  0.171709  -0.171658  0.004188
7393  0.000000  -0.229973  0.000000  0.171771  -0.171720  0.004185
7394  0.000000  -0.230061  0.000000  0.171834  -0.171783  0.004183
7395  0.000000  -0.230150  0.000000  0.171896  -0.171845  0.004180
7396  0.000000  -0.230238  0.000000  0.171958  -0.171907  0.004178
7397  0.000000  -0.230327  0.000000  0.172020  -0.171970  0.004176
7398  0.000000  -0.230415  0.000000  0.172082  -0.172032  0.004173
7399  0.000000  -0.230504  0.000000  0.172144  -0.172094  0.004171
7400  0.000000  -0.230592  0.000000  0.172207  -0.172156  0.004168
7401  0.000000  -0.230680  0.000000  0.172269  -0.172218  0.004166
7402  0.000000  -0.230768  0.000000  0.172331  -0.172280  0.004163
7403  0.000000  -0.230856  0.000000  0.172393  -0.172342  0.004161
7404  0.000000  -0.230945  0.000000  0.172455  -0.172404  0.004158
7405  0.000000  -0.231033  0.000000  0.172516  -0.172466  0.004156
7406  0.000000  -0.231121  0.000000  0.172578  -0.172528  0.004154
7407  0.000000  -0.231209  0.000000  0.172640  -0.172590  0.004151
7408  0.000000  -0.231297  0.000000  0.172702  -0.172652  0.004149
7409  0.000000  -0.231384  0.000000  0.172764  -0.172714  0.004146
7410  0.000000  -0.231472  0.000000  0.172826  -0.172776  0.004144
7411  0.000000  -0.231560  0.000000  0.172887  -0.172838  0.004141
7412  0.000000  -0.231648  0.000000  0.172949  -0.172900  0.004139
7413  0.000000  -0.231735  0.000000  0.173011  -0.172961  0.004137
7414  0.000000  -0.231823  0.000000  0.173073  -0.173023  0.004134
7415  0.000000  -0.231911  0.000000  0.173134  -0.173085  0.004132
7416  0.000000  -0.231998  0.000000  0.173196  -0.173147  0.004129
7417  0.000000  -0.232086  0.000000  0.173257  -0.173208  0.004127
7418  0.000000  -0.232173  0.000000  0.173319  -0.173270  0.004124
7419  0.000000  -0.232261  0.000000  0.173381  -0.173332  0.004122
7420  0.000000  -0.232348  0.000000  0.173442  -0.173393  0.004120
7421  0.000000  -0.232435  0.000000  0.173503  -0.173455  0.004117
7422  0.000000  -0.232523  0.000000  0.173565  -0.173516  0.004115
7423  0.000000  -0.232610  0.000000  0.173626  -0.173578  0.004112
7424  0.000000  -0.232697  0.000000  0.173688  -0.173639  0.004110
7425  0.000000  -0.232784  0.000000  0.173749  -0.173701  0.004108
7426  0.000000  -0.232871  0.000000  0.173810  -0.173762  0.004105
7427  0.000000  -0.232958  0.000000  0.173872  -0.173823  0.004103
7428  0.000000  -0.233045  0.000000  0.173933  -0.173885  0.004100
7429  0.000000  -0.233132  0.000000  0.173994  -0.173946  0.004098
7430  0.000000  -0.233219  0.000000  0.174055  -0.174007  0.004096
7431  0.000000  -0.233306  0.000000  0.174117  -0.174068  0.004093
7432  0.000000  -0.233393  0.000000  0.174178  -0.174130  0.004091
7433  0.000000  -0.233480  0.000000  0.174239  -0.174191  0.004089
7434  0.000000  -0.233566  0.000000  0.174300  -0.174252  0.004086
7435  0.000000  -0.233653  0.000000  0.174361  -0.174313  0.004084
7436  0.000000  -0.233740  0.000000  0.174422  -0.174374  0.004081
7437  0.000000  -0.233826  0.000000  0.174483  -0.174435  0.004079
7438  0.000000  -0.233913  0.000000  0.174544  -0.174496  0.004077
7439  0.000000  -0.233999  0.000000  0.174605  -0.174557  0.004074
7440  0.000000  -0.234086  0.000000  0.174666  -0.174618  0.004072
7441  0.000000  -0.234172  0.000000  0.174727  -0.174679  0.004070
7442  0.000000  -0.234258  0.000000  0.174788  -0.174740  0.004067
7443  0.000000  -0.234345  0.000000  0.174849  -0.174801  0.004065
7444  0.000000  -0.234431  0.000000  0.174909  -0.174862  0.004062
7445  0.000000  -0.234517  0.000000  0.174970  -0.174923  0.004060
7446  0.000000  -0.234603  0.000000  0.175031  -0.174984  0.004058
7447  0.000000  -0.234690  0.000000  0.175092  -0.175045  0.004055
7448  0.000000  -0.234776  0.000000  0.175152  -0.175105  0.004053
7449  0.000000  -0.234862  0.000000  0.175213  -0.175166  0.004051
7450  0.000000  -0.234948  0.000000  0.175274  -0.175227  0.004048
7451  0.000000  -0.235034  0.000000  0.175334  -0.175287  0.004046
7452  0.000000  -0.235119  0.000000  0.175395  -0.175348  0.004044
7453  0.000000  -0.235205  0.000000  0.175455  -0.175409  0.004041
7454  0.000000  -0.235291  0.000000  0.175516  -0.175469  0.004039
7455  0.000000  -0.235377  0.000000  0.175576  -0.175530  0.004037
7456  0.000000  -0.235462  0.000000  0.175637  -0.175590  0.004034
7457  0.000000  -0.235548  0.000000  0.175697  -0.175651  0.004032
7458  0.000000  -0.235634  0.000000  0.175757  -0.175711  0.004030
7459  0.000000  -0.235719  0.000000  0.175818  -0.175772  0.004027
7460  0.000000  -0.235805  0.000000  0.175878  -0.175832  0.004025
7461  0.000000  -0.235890  0.000000  0.175938  -0.175892  0.004023
7462  0.000000  -0.235976  0.000000  0.175999  -0.175953  0.004020
7463  0.000000  -0.236061  0.000000  0.176059  -0.176013  0.004018
7464  0.000000  -0.236146  0.000000  0.176119  -0.176073  0.004016
7465  0.000000  -0.236232  0.000000  0.176179  -0.176134  0.004013
7466  0.000000  -0.236317  0.000000  0.176240  -0.176194  0.004011
7467  0.000000  -0.236402  0.000000  0.176300  -0.176254  0.004009
7468  0.000000  -0.236487  0.000000  0.176360  -0.176314  0.004006
7469  0.000000  -0.236572  0.000000  0.176420  -0.176374  0.004004
7470  0.000000  -0.236657  0.000000  0.176480  -0.176434  0.004002
7471  0.000000  -0.236742  0.000000  0.176540  -0.176495  0.004000
7472  0.000000  -0.236827  0.000000  0.176600  -0.176555  0.003997
7473  0.000000  -0.236912  0.000000  0.176660  -0.176615  0.003995
7474  0.000000  -0.236997  0.000000  0.176720  -0.176675  0.003993
7475  0.000000  -0.237082  0.000000  0.176780  -0.176735  0.003990
7476  0.000000  -0.237167  0.000000  0.176839  -0.176794  0.003988
7477  0.000000  -0.237251  0.000000  0.176899  -0.176854  0.003986
7478  0.000000  -0.237336  0.000000  0.176959  -0.176914  0.003983
7479  0.000000  -0.237421  0.000000  0.177019  -0.176974  0.003981
7480  0.000000  -0.237505  0.000000  0.177079  -0.177034  0.003979
7481  0.000000  -0.237590  0.000000  0.177138  -0.177094  0.003977
7482  0.000000  -0.237674  0.000000  0.177198  -0.177153  0.003974
7483  0.000000  -0.237759  0.000000  0.177258  -0.177213  0.003972
7484  0.000000  -0.237843  0.000000  0.177317  -0.177273  0.003970
7485  0.000000  -0.237927  0.000000  0.177377  -0.177332  0.003967
7486  0.000000  -0.238012  0.000000  0.177436  -0.177392  0.003965
7487  0.000000  -0.238096  0.000000  0.177496  -0.177452  0.003963
7488  0.000000  -0.238180  0.000000  0.177555  -0.177511  0.003961
7489  0.000000  -0.238264  0.000000  0.177615  -0.177571  0.003958
7490  0.000000  -0.238348  0.000000  0.177674  -0.177630  0.003956
7491  0.000000  -0.238432  0.000000  0.177734  -0.177690  0.003954
7492  0.000000  -0.238516  0.000000  0.177793  -0.177749  0.003952
7493  0.000000  -0.238600  0.000000  0.177852  -0.177809  0.003949
7494  0.000000  -0.238684  0.000000  0.177912  -0.177868  0.003947
7495  0.000000  -0.238768  0.000000  0.177971  -0.177927  0.003945
7496  0.000000  -0.238852  0.000000  0.178030  -0.177987  0.003943
7497  0.000000  -0.238936  0.000000  0.178090  -0.178046  0.003940
7498  0.000000  -0.239019  0.000000  0.178149  -0.178105  0.003938
7499  0.000000  -0.239103  0.000000  0.178208  -0.178164  0.003936
7500  0.000000  -0.239187  0.000000  0.178267  -0.178224  0.003934
7501  0.000000  -0.239270  0.000000  0.178326  -0.178283  0.003931
7502  0.000000  -0.239354  0.000000  0.178385  -0.178342  0.003929
7503  0.000000  -0.239437  0.000000  0.178444  -0.178401  0.003927
7504  0.000000  -0.239521  0.000000  0.178503  -0.178460  0.003925
7505  0.000000  -0.239604  0.000000  0.178562  -0.178519  0.003922
7506  0.000000  -0.239688  0.000000  0.178621  -0.178578  0.003920
7507  0.000000  -0.239771  0.000000  0.178680  -0.178637  0.003918
7508  0.000000  -0.239854  0.000000  0.178739  -0.178696  0.003916
7509  0.000000  -0.239937  0.000000  0.178798  -0.178755  0.003913
7510  0.000000  -0.240020  0.000000  0.178857  -0.178814  0.003911
7511  0.000000  -0.240104  0.000000  0.178916  -0.178873  0.003909
7512  0.000000  -0.240187  0.000000  0.178974  -0.178932  0.003907
7513  0.000000  -0.240270  0.000000  0.179033  -0.178991  0.003905
7514  0.000000  -0.240353  0.000000  0.179092  -0.179049  0.003902
7515  0.000000  -0.240436  0.000000  0.179150  -0.179108  0.003900
7516  0.000000  -0.240518  0.000000  0.179209  -0.179167  0.003898
7517  0.000000  -0.240601  0.000000  0.179268  -0.179225  0.003896
7518  0.000000  -0.240684  0.000000  0.179326  -0.179284  0.003893
7519  0.000000  -0.240767  0.000000  0.179385  -0.179343  0.003891
7520  0.000000  -0.240850  0.000000  0.179443  -0.179401  0.003889
7521  0.000000  -0.240932  0.000000  0.179502  -0.179460  0.003887
7522  0.000000  -0.241015  0.000000  0.179560  -0.179518  0.003885
7523  0.000000  -0.241097  0.000000  0.179619  -0.179577  0.003882
7524  0.000000  -0.241180  0.000000  0.179677  -0.179635  0.003880
7525  0.000000  -0.241262  0.000000  0.179736  -0.179694  0.003878
7526  0.000000  -0.241345  0.000000  0.179794  -0.179752  0.003876
7527  0.000000  -0.241427  0.000000  0.179852  -0.179811  0.003874
7528  0.000000  -0.241509  0.000000  0.179911  -0.179869  0.003871
7529  0.000000  -0.241592  0.000000  0.179969  -0.179927  0.003869
7530  0.000000  -0.241674  0.000000  0.180027  -0.179986  0.003867
7531  0.000000  -0.241756  0.000000  0.180085  -0.180044  0.003865
7532  0.000000  -0.241838  0.000000  0.180144  -0.180102  0.003863
7533  0.000000  -0.241920  0.000000  0.180202  -0.180160  0.003860
7534  0.000000  -0.242002  0.000000  0.180260  -0.180218  0.003858
7535  0.000000  -0.242084  0.000000  0.180318  -0.180277  0.003856
7536  0.000000  -0.242166  0.000000  0.180376  -0.180335  0.003854
7537  0.000000  -0.242248  0.000000  0.180434  -0.180393  0.003852
7538  0.000000  -0.242330  0.000000  0.180492  -0.180451  0.003850
7539  0.000000  -0.242412  0.000000  0.180550  -0.180509  0.003847
7540  0.000000  -0.242493  0.000000  0.180608  -0.180567  0.003845
7541  0.000000  -0.242575  0.000000  0.180666  -0.180625  0.003843
7542  0.000000  -0.242657  0.000000  0.180724  -0.180683  0.003841
7543  0.000000  -0.242738  0.000000  0.180781  -0.180741  0.003839
7544  0.000000  -0.242820  0.000000  0.180839  -0.180799  0.003837
7545  0.000000  -0.242902  0.000000  0.180897  -0.180856  0.003834
7546  0.000000  -0.242983  0.000000  0.180955  -0.180914  0.003832
7547  0.000000  -0.243064  0.000000  0.181012  -0.180972  0.003830
7548  0.000000  -0.243146  0.000000  0.181070  -0.181030  0.003828
7549  0.000000  -0.243227  0.000000  0.181128  -0.181087  0.003826
7550  0.000000  -0.243308  0.000000  0.181185  -0.181145  0.003824
7551  0.000000  -0.243390  0.000000  0.181243  -0.181203  0.003821
7552  0.000000  -0.243471  0.000000  0.181301  -0.181260  0.003819
7553  0.000000  -0.243552  0.000000  0.181358  -0.181318  0.003817
7554  0.000000  -0.243633  0.000000  0.181416  -0.181375  0.003815
7555  0.000000  -0.243714  0.000000  0.181473  -0.181433  0.003813
7556  0.000000  -0.243795  0.000000  0.181530  -0.181490  0.003811
7557  0.000000  -0.243876  0.000000  0.181588  -0.181548  0.003809
7558  0.000000  -0.243957  0.000000  0.181645  -0.181605  0.003806
7559  0.000000  -0.244038  0.000000  0.181703  -0.181663  0.003804
7560  0.000000  -0.244119  0.000000  0.181760  -0.181720  0.003802
7561  0.000000  -0.244199  0.000000  0.181817  -0.181777  0.003800
7562  0.000000  -0.244280  0.000000  0.181874  -0.181835  0.003798
7563  0.000000  -0.244361  0.000000  0.181932  -0.181892  0.003796
7564  0.000000  -0.244441  0.000000  0.181989  -0.181949  0.003794
7565  0.000000  -0.244522  0.000000  0.182046  -0.182007  0.003792
7566  0.000000  -0.244602  0.000000  0.182103  -0.182064  0.003789
7567  0.000000  -0.244683  0.000000  0.182160  -0.182121  0.003787
7568  0.000000  -0.244763  0.000000  0.182217  -0.182178  0.003785
7569  0.000000  -0.244844  0.000000  0.182274  -0.182235  0.003783
7570  0.000000  -0.244924  0.000000  0.182331  -0.182292  0.003781
7571  0.000000  -0.245004  0.000000  0.182388  -0.182349  0.003779
7572  0.000000  -0.245084  0.000000  0.182445  -0.182406  0.003777
7573  0.000000  -0.245165  0.000000  0.182502  -0.182463  0.003775
7574  0.000000  -0.245245  0.000000  0.182559  -0.182520  0.003773
7575  0.000000  -0.245325  0.000000  0.182616  -0.182577  0.003770
7576  0.000000  -0.245405  0.000000  0.182673  -0.182634  0.003768
7577  0.000000  -0.245485  0.000000  0.182730  -0.182691  0.003766
7578  0.000000  -0.245565  0.000000  0.182786  -0.182748  0.003764
7579  0.000000  -0.245645  0.000000  0.182843  -0.182804  0.003762
7580  0.000000  -0.245725  0.000000  0.182900  -0.182861  0.003760
7581  0.000000  -0.245804  0.000000  0.182956  -0.182918  0.003758
7582  0.000000  -0.245884  0.000000  0.183013  -0.182974  0.003756
7583  0.000000  -0.245964  0.000000  0.183070  -0.183031  0.003754
7584  0.000000  -0.246043  0.000000  0.183126  -0.183088  0.003752
7585  0.000000  -0.246123  0.000000  0.183183  -0.183144  0.003749
7586  0.000000  -0.246203  0.000000  0.183239  -0.183201  0.003747
7587  0.000000  -0.246282  0.000000  0.183296  -0.183257  0.003745
7588  0.000000  -0.246362  0.000000  0.183352  -0.183314  0.003743
7589  0.000000  -0.246441  0.000000  0.183409  -0.183370  0.003741
7590  0.000000  -0.246520  0.000000  0.183465  -0.183427  0.003739
7591  0.000000  -0.246600  0.000000  0.183521  -0.183483  0.003737
7592  0.000000  -0.246679  0.000000  0.183578  -0.183540  0.003735
7593  0.000000  -0.246758  0.000000  0.183634  -0.183596  0.003733
7594  0.000000  -0.246837  0.000000  0.183690  -0.183652  0.003731
7595  0.000000  -0.246917  0.000000  0.183746  -0.183709  0.003729
7596  0.000000  -0.246996  0.000000  0.183803  -0.183765  0.003727
7597  0.000000  -0.247075  0.000000  0.183859  -0.183821  0.003725
7598  0.000000  -0.247154  0.000000  0.183915  -0.183877  0.003723
7599  0.000000  -0.247233  0.000000  0.183971  -0.183933  0.003720
7600  0.000000  -0.247311  0.000000  0.184027  -0.183989  0.003718
7601  0.000000  -0.247390  0.000000  0.184083  -0.184046  0.003716
7602  0.000000  -0.247469  0.000000  0.184139  -0.184102  0.003714
7603  0.000000  -0.247548  0.000000  0.184195  -0.184158  0.003712
7604  0.000000  -0.247627  0.000000  0.184251  -0.184214  0.003710
7605  0.000000  -0.247705  0.000000  0.184307  -0.184270  0.003708
7606  0.000000  -0.247784  0.000000  0.184363  -0.184326  0.003706
7607  0.000000  -0.247862  0.000000  0.184419  -0.184381  0.003704
7608  0.000000  -0.247941  0.000000  0.184474  -0.184437  0.003702
7609  0.000000  -0.248019  0.000000  0.184530  -0.184493  0.003700
7610  0.000000  -0.248098  0.000000  0.184586  -0.184549  0.003698
7611  0.000000  -0.248176  0.000000  0.184642  -0.184605  0.003696
7612  0.000000  -0.248255  0.000000  0.184697  -0.184660  0.003694
7613  0.000000  -0.248333  0.000000  0.184753  -0.184716  0.003692
7614  0.000000  -0.248411  0.000000  0.184809  -0.184772  0.003690
7615  0.000000  -0.248489  0.000000  0.184864  -0.184828  0.003688
7616  0.000000  -0.248567  0.000000  0.184920  -0.184883  0.003686
7617  0.000000  -0.248645  0.000000  0.184975  -0.184939  0.003684
7618  0.000000  -0.248723  0.000000  0.185031  -0.184994  0.003682
7619  0.000000  -0.248801  0.000000  0.185086  -0.185050  0.003680
7620  0.000000  -0.248879  0.000000  0.185142  -0.185105  0.003678
7621  0.000000  -0.248957  0.000000  0.185197  -0.185161  0.003676
7622  0.000000  -0.249035  0.000000  0.185253  -0.185216  0.003674
7623  0.000000  -0.249113  0.000000  0.185308  -0.185272  0.003672
7624  0.000000  -0.249191  0.000000  0.185363  -0.185327  0.003670
7625  0.000000  -0.249268  0.000000  0.185419  -0.185382  0.003668
7626  0.000000  -0.249346  0.000000  0.185474  -0.185438  0.003666
7627  0.000000  -0.249424  0.000000  0.185529  -0.185493  0.003663
7628  0.000000  -0.249501  0.000000  0.185584  -0.185548  0.003661
7629  0.000000  -0.249579  0.000000  0.185639  -0.185603  0.003659
7630  0.000000  -0.249656  0.000000  0.185695  -0.185659  0.003657
7631  0.000000  -0.249733  0.000000  0.185750  -0.185714  0.003655
7632  0.000000  -0.249811  0.000000  0.185805  -0.185769  0.003653
7633  0.000000  -0.249888  0.000000  0.185860  -0.185824  0.003651
7634  0.000000  -0.249965  0.000000  0.185915  -0.185879  0.003649
7635  0.000000  -0.250043  0.000000  0.185970  -0.185934  0.003647
7636  0.000000  -0.250120  0.000000  0.186025  -0.185989  0.003645
7637  0.000000  -0.250197  0.000000  0.186080  -0.186044  0.003643
7638  0.000000  -0.250274  0.000000  0.186134  -0.186099  0.003642
7639  0.000000  -0.250351  0.000000  0.186189  -0.186154  0.003640
7640  0.000000  -0.250428  0.000000  0.186244  -0.186209  0.003638
7641  0.000000  -0.250505  0.000000  0.186299  -0.186263  0.003636
7642  0.000000  -0.250582  0.000000  0.186354  -0.186318  0.003634
7643  0.000000  -0.250659  0.000000  0.186408  -0.186373  0.003632
7644  0.000000  -0.250735  0.000000  0.186463  -0.186428  0.003630
7645  0.000000  -0.250812  0.000000  0.186518  -0.186482  0.003628
7646  0.000000  -0.250889  0.000000  0.186572  -0.186537  0.003626
7647  0.000000  -0.250966  0.000000  0.186627  -0.186592  0.003624
7648  0.000000  -0.251042  0.000000  0.186681  -0.186646  0.003622
7649  0.000000  -0.251119  0.000000  0.186736  -0.186701  0.003620
7650  0.000000  -0.251195  0.000000  0.186790  -0.186755  0.003618
7651  0.000000  -0.251272  0.000000  0.186845  -0.186810  0.003616
7652  0.000000  -0.251348  0.000000  0.186899  -0.186864  0.003614
7653  0.000000  -0.251424  0.000000  0.186954  -0.186919  0.003612
7654  0.000000  -0.251501  0.000000  0.187008  -0.186973  0.003610
7655  0.000000  -0.251577  0.000000  0.187062  -0.187028  0.003608
7656  0.000000  -0.251653  0.000000  0.187117  -0.187082  0.003606
7657  0.000000  -0.251729  0.000000  0.187171  -0.187136  0.003604
7658  0.000000  -0.251805  0.000000  0.187225  -0.187190  0.003602
7659  0.000000  -0.251881  0.000000  0.187279  -0.187245  0.003600
7660  0.000000  -0.251957  0.000000  0.187334  -0.187299  0.003598
7661  0.000000  -0.252033  0.000000  0.187388  -0.187353  0.003596
7662  0.000000  -0.252109  0.000000  0.187442  -0.187407  0.003594
7663  0.000000  -0.252185  0.000000  0.187496  -0.187461  0.003592
7664  0.000000  -0.252261  0.000000  0.187550  -0.187516  0.003590
7665  0.000000  -0.252337  0.000000  0.187604  -0.187570  0.003588
7666  0.000000  -0.252413  0.000000  0.187658  -0.187624  0.003587
7667  0.000000  -0.252488  0.000000  0.187712  -0.187678  0.003585
7668  0.000000  -0.252564  0.000000  0.187766  -0.187732  0.003583
7669  0.000000  -0.252639  0.000000  0.187820  -0.187785  0.003581
7670  0.000000  -0.252715  0.000000  0.187873  -0.187839  0.003579
7671  0.000000  -0.252790  0.000000  0.187927  -0.187893  0.003577
7672  0.000000  -0.252866  0.000000  0.187981  -0.187947  0.003575
7673  0.000000  -0.252941  0.000000  0.188035  -0.188001  0.003573
7674  0.000000  -0.253017  0.000000  0.188089  -0.188055  0.003571
7675  0.000000  -0.253092  0.000000  0.188142  -0.188108  0.003569
7676  0.000000  -0.253167  0.000000  0.188196  -0.188162  0.003567
7677  0.000000  -0.253242  0.000000  0.188250  -0.188216  0.003565
7678  0.000000  -0.253317  0.000000  0.188303  -0.188269  0.003563
7679  0.000000  -0.253393  0.000000  0.188357  -0.188323  0.003561
7680  0.000000  -0.253468  0.000000  0.188410  -0.188377  0.003560
7681  0.000000  -0.253543  0.000000  0.188464  -0.188430  0.003558
7682  0.000000  -0.253617  0.000000  0.188517  -0.188484  0.003556
7683  0.000000  -0.253692  0.000000  0.188571  -0.188537  0.003554
7684  0.000000  -0.253767  0.000000  0.188624  -0.188591  0.003552
7685  0.000000  -0.253842  0.000000  0.188677  -0.188644  0.003550
7686  0.000000  -0.253917  0.000000  0.188731  -0.188697  0.003548
7687  0.000000  -0.253992  0.000000  0.188784  -0.188751  0.003546
7688  0.000000  -0.254066  0.000000  0.188837  -0.188804  0.003544
7689  0.000000  -0.254141  0.000000  0.188890  -0.188857  0.003542
7690  0.000000  -0.254215  0.000000  0.188944  -0.188911  0.003540
7691  0.000000  -0.254290  0.000000  0.188997  -0.188964  0.003539
7692  0.000000  -0.254364  0.000000  0.189050  -0.189017  0.003537
7693  0.000000  -0.254439  0.000000  0.189103  -0.189070  0.003535
7694  0.000000  -0.254513  0.000000  0.189156  -0.189123  0.003533
7695  0.000000  -0.254587  0.000000  0.189209  -0.189176  0.003531
7696  0.000000  -0.254662  0.000000  0.189262  -0.189229  0.003529
7697  0.000000  -0.254736  0.000000  0.189315  -0.189282  0.003527
7698  0.000000  -0.254810  0.000000  0.189368  -0.189335  0.003525
7699  0.000000  -0.254884  0.000000  0.189421  -0.189388  0.003523
7700  0.000000  -0.254958  0.000000  0.189474  -0.189441  0.003522
7701  0.000000  -0.255032  0.000000  0.189527  -0.189494  0.003520
7702  0.000000  -0.255106  0.000000  0.189580  -0.189547  0.003518
7703  0.000000  -0.255180  0.000000  0.189632  -0.189600  0.003516
7704  0.000000  -0.255254  0.000000  0.189685  -0.189653  0.003514
7705  0.000000  -0.255328  0.000000  0.189738  -0.189705  0.003512
7706  0.000000  -0.255402  0.000000  0.189791  -0.189758  0.003510
7707  0.000000  -0.255475  0.000000  0.189843  -0.189811  0.003509
7708  0.000000  -0.255549  0.000000  0.189896  -0.189863  0.003507
7709  0.000000  -0.255623  0.000000  0.189948  -0.189916  0.003505
7710  0.000000  -0.255696  0.000000  0.190001  -0.189969  0.003503
7711  0.000000  -0.255770  0.000000  0.190053  -0.190021  0.003501
7712  0.000000  -0.255843  0.000000  0.190106  -0.190074  0.003499
7713  0.000000  -0.255917  0.000000  0.190158  -0.190126  0.003497
7714  0.000000  -0.255990  0.000000  0.190211  -0.190179  0.003495
7715  0.000000  -0.256064  0.000000  0.190263  -0.190231  0.003494
7716  0.000000  -0.256137  0.000000  0.190316  -0.190284  0.003492
7717  0.000000  -0.256210  0.000000  0.190368  -0.190336  0.003490
7718  0.000000  -0.256283  0.000000  0.190420  -0.190388  0.003488
7719  0.000000  -0.256356  0.000000  0.190472  -0.190441  0.003486
7720  0.000000  -0.256430  0.000000  0.190525  -0.190493  0.003484
7721  0.000000  -0.256503  0.000000  0.190577  -0.190545  0.003483
7722  0.000000  -0.256576  0.000000  0.190629  -0.190597  0.003481
7723  0.000000  -0.256649  0.000000  0.190681  -0.190649  0.003479
7724  0.000000  -0.256722  0.000000  0.190733  -0.190702  0.003477
7725  0.000000  -0.256794  0.000000  0.190785  -0.190754  0.003475
7726  0.000000  -0.256867  0.000000  0.190837  -0.190806  0.003473
7727  0.000000  -0.256940  0.000000  0.190889  -0.190858  0.003472
7728  0.000000  -0.257013  0.000000  0.190941  -0.190910  0.003470
7729  0.000000  -0.257085  0.000000  0.190993  -0.190962  0.003468
7730  0.000000  -0.257158  0.000000  0.191045  -0.191014  0.003466
7731  0.000000  -0.257230  0.000000  0.191097  -0.191066  0.003464
7732  0.000000  -0.257303  0.000000  0.191149  -0.191118  0.003462
7733  0.000000  -0.257375  0.000000  0.191201  -0.191169  0.003461
7734  0.000000  -0.257448  0.000000  0.191252  -0.191221  0.003459
7735  0.000000  -0.257520  0.000000  0.191304  -0.191273  0.003457
7736  0.000000  -0.257593  0.000000  0.191356  -0.191325  0.003455
7737  0.000000  -0.257665  0.000000  0.191408  -0.191376  0.003453
7738  0.000000  -0.257737  0.000000  0.191459  -0.191428  0.003451
7739  0.000000  -0.257809  0.000000  0.191511  -0.191480  0.003450
7740  0.000000  -0.257881  0.000000  0.191562  -0.191531  0.003448
7741  0.000000  -0.257953  0.000000  0.191614  -0.191583  0.003446
7742  0.000000  -0.258025  0.000000  0.191665  -0.191634  0.003444
7743  0.000000  -0.258097  0.000000  0.191717  -0.191686  0.003442
7744  0.000000  -0.258169  0.000000  0.191768  -0.191737  0.003441
7745  0.000000  -0.258241  0.000000  0.191820  -0.191789  0.003439
7746  0.000000  -0.258313  0.000000  0.191871  -0.191840  0.003437
7747  0.000000  -0.258385  0.000000  0.191922  -0.191892  0.003435
7748  0.000000  -0.258457  0.000000  0.191974  -0.191943  0.003433
7749  0.000000  -0.258528  0.000000  0.192025  -0.191994  0.003432
7750  0.000000  -0.258600  0.000000  0.192076  -0.192046  0.003430
7751  0.000000  -0.258672  0.000000  0.192128  -0.192097  0.003428
7752  0.000000  -0.258743  0.000000  0.192179  -0.192148  0.003426
7753  0.000000  -0.258815  0.000000  0.192230  -0.192199  0.003424
7754  0.000000  -0.258886  0.000000  0.192281  -0.192250  0.003423
7755  0.000000  -0.258957  0.000000  0.192332  -0.192302  0.003421
7756  0.000000  -0.259029  0.000000  0.192383  -0.192353  0.003419
7757  0.000000  -0.259100  0.000000  0.192434  -0.192404  0.003417
7758  0.000000  -0.259171  0.000000  0.192485  -0.192455  0.003416
7759  0.000000  -0.259242  0.000000  0.192536  -0.192506  0.003414
7760  0.000000  -0.259314  0.000000  0.192587  -0.192557  0.003412
7761  0.000000  -0.259385  0.000000  0.192638  -0.192608  0.003410
7762  0.000000  -0.259456  0.000000  0.192689  -0.192658  0.003408
7763  0.000000  -0.259527  0.000000  0.192739  -0.192709  0.003407
7764  0.000000  -0.259598  0.000000  0.192790  -0.192760  0.003405
7765  0.000000  -0.259669  0.000000  0.192841  -0.192811  0.003403
7766  0.000000  -0.259739  0.000000  0.192892  -0.192862  0.003401
7767  0.000000  -0.259810  0.000000  0.192942  -0.192912  0.003400
7768  0.000000  -0.259881  0.000000  0.192993  -0.192963  0.003398
7769  0.000000  -0.259952  0.000000  0.193044  -0.193014  0.003396
7770  0.000000  -0.260022  0.000000  0.193094  -0.193064  0.003394
7771  0.000000  -0.260093  0.000000  0.193145  -0.193115  0.003393
7772  0.000000  -0.260164  0.000000  0.193195  -0.193165  0.003391
7773  0.000000  -0.260234  0.000000  0.193246  -0.193216  0.003389
7774  0.000000  -0.260304  0.000000  0.193296  -0.193266  0.003387
7775  0.000000  -0.260375  0.000000  0.193347  -0.193317  0.003386
7776  0.000000  -0.260445  0.000000  0.193397  -0.193367  0.003384
7777  0.000000  -0.260516  0.000000  0.193447  -0.193418  0.003382
7778  0.000000  -0.260586  0.000000  0.193498  -0.193468  0.003380
7779  0.000000  -0.260656  0.000000  0.193548  -0.193518  0.003379
7780  0.000000  -0.260726  0.000000  0.193598  -0.193569  0.003377
7781  0.000000  -0.260796  0.000000  0.193648  -0.193619  0.003375
7782  0.000000  -0.260866  0.000000  0.193699  -0.193669  0.003373
7783  0.000000  -0.260936  0.000000  0.193749  -0.193719  0.003372
7784  0.000000  -0.261006  0.000000  0.193799  -0.193769  0.003370
7785  0.000000  -0.261076  0.000000  0.193849  -0.193820  0.003368
7786  0.000000  -0.261146  0.000000  0.193899  -0.193870  0.003366
7787  0.000000  -0.261216  0.000000  0.193949  -0.193920  0.003365
7788  0.000000  -0.261286  0.000000  0.193999  -0.193970  0.003363
7789  0.000000  -0.261355  0.000000  0.194049  -0.194020  0.003361
7790  0.000000  -0.261425  0.000000  0.194099  -0.194070  0.003359
7791  0.000000  -0.261495  0.000000  0.194149  -0.194120  0.003358
7792  0.000000  -0.261564  0.000000  0.194198  -0.194169  0.003356
7793  0.000000  -0.261634  0.000000  0.194248  -0.194219  0.003354
7794  0.000000  -0.261703  0.000000  0.194298  -0.194269  0.003353
7795  0.000000  -0.261773  0.000000  0.194348  -0.194319  0.003351
7796  0.000000  -0.261842  0.000000  0.194398  -0.194369  0.003349
7797  0.000000  -0.261911  0.000000  0.194447  -0.194418  0.003347
7798  0.000000  -0.261981  0.000000  0.194497  -0.194468  0.003346
7799  0.000000  -0.262050  0.000000  0.194546  -0.194518  0.003344
7800  0.000000  -0.262119  0.000000  0.194596  -0.194567  0.003342
7801  0.000000  -0.262188  0.000000  0.194646  -0.194617  0.003341
7802  0.000000  -0.262257  0.000000  0.194695  -0.194666  0.003339
7803  0.000000  -0.262326  0.000000  0.194745  -0.194716  0.003337
7804  0.000000  -0.262395  0.000000  0.194794  -0.194765  0.003335
7805  0.000000  -0.262464  0.000000  0.194843  -0.194815  0.003334
7806  0.000000  -0.262533  0.000000  0.194893  -0.194864  0.003332
7807  0.000000  -0.262602  0.000000  0.194942  -0.194914  0.003330
7808  0.000000  -0.262671  0.000000  0.194991  -0.194963  0.003329
7809  0.000000  -0.262739  0.000000  0.195041  -0.195012  0.003327
7810  0.000000  -0.262808  0.000000  0.195090  -0.195062  0.003325
7811  0.000000  -0.262877  0.000000  0.195139  -0.195111  0.003324
7812  0.000000  -0.262945  0.000000  0.195188  -0.195160  0.003322
7813  0.000000  -0.263014  0.000000  0.195237  -0.195209  0.003320
7814  0.000000  -0.263082  0.000000  0.195287  -0.195258  0.003319
7815  0.000000  -0.263151  0.000000  0.195336  -0.195307  0.003317
7816  0.000000  -0.263219  0.000000  0.195385  -0.195357  0.003315
7817  0.000000  -0.263287  0.000000  0.195434  -0.195406  0.003313
7818  0.000000  -0.263356  0.000000  0.195483  -0.195455  0.003312
7819  0.000000  -0.263424  0.000000  0.195532  -0.195504  0.003310
7820  0.000000  -0.263492  0.000000  0.195580  -0.195552  0.003308
7821  0.000000  -0.263560  0.000000  0.195629  -0.195601  0.003307
7822  0.000000  -0.263628  0.000000  0.195678  -0.195650  0.003305
7823  0.000000  -0.263696  0.000000  0.195727  -0.195699  0.003303
7824  0.000000  -0.263764  0.000000  0.195776  -0.195748  0.003302
7825  0.000000  -0.263832  0.000000  0.195824  -0.195797  0.003300
7826  0.000000  -0.263900  0.000000  0.195873  -0.195845  0.003298
7827  0.000000  -0.263968  0.000000  0.195922  -0.195894  0.003297
7828  0.000000  -0.264036  0.000000  0.195970  -0.195943  0.003295
7829  0.000000  -0.264104  0.000000  0.196019  -0.195991  0.003293
7830  0.000000  -0.264171  0.000000  0.196068  -0.196040  0.003292
7831  0.000000  -0.264239  0.000000  0.196116  -0.196089  0.003290
7832  0.000000  -0.264307  0.000000  0.196165  -0.196137  0.003288
7833  0.000000  -0.264374  0.000000  0.196213  -0.196186  0.003287
7834  0.000000  -0.264442  0.000000  0.196262  -0.196234  0.003285
7835  0.000000  -0.264509  0.000000  0.196310  -0.196282  0.003283
7836  0.000000  -0.264576  0.000000  0.196358  -0.196331  0.003282
7837  0.000000  -0.264644  0.000000  0.196407  -0.196379  0.003280
7838  0.000000  -0.264711  0.000000  0.196455  -0.196428  0.003279
7839  0.000000  -0.264778  0.000000  0.196503  -0.196476  0.003277
7840  0.000000  -0.264845  0.000000  0.196551  -0.196524  0.003275
7841  0.000000  -0.264913  0.000000  0.196600  -0.196572  0.003274
7842  0.000000  -0.264980  0.000000  0.196648  -0.196621  0.003272
7843  0.000000  -0.265047  0.000000  0.196696  -0.196669  0.003270
7844  0.000000  -0.265114  0.000000  0.196744  -0.196717  0.003269
7845  0.000000  -0.265181  0.000000  0.196792  -0.196765  0.003267
7846  0.000000  -0.265248  0.000000  0.196840  -0.196813  0.003265
7847  0.000000  -0.265314  0.000000  0.196888  -0.196861  0.003264
7848  0.000000  -0.265381  0.000000  0.196936  -0.196909  0.003262
7849  0.000000  -0.265448  0.000000  0.196984  -0.196957  0.003260
7850  0.000000  -0.265515  0.000000  0.197032  -0.197005  0.003259
7851  0.000000  -0.265581  0.000000  0.197080  -0.197053  0.003257
7852  0.000000  -0.265648  0.000000  0.197127  -0.197101  0.003256
7853  0.000000  -0.265714  0.000000  0.197175  -0.197148  0.003254
7854  0.000000  -0.265781  0.000000  0.197223  -0.197196  0.003252
7855  0.000000  -0.265847  0.000000  0.197271  -0.197244  0.003251
7856  0.000000  -0.265914  0.000000  0.197318  -0.197292  0.003249
7857  0.000000  -0.265980  0.000000  0.197366  -0.197339  0.003248
7858  0.000000  -0.266046  0.000000  0.197414  -0.197387  0.003246
7859  0.000000  -0.266113  0.000000  0.197461  -0.197435  0.003244
7860  0.000000  -0.266179  0.000000  0.197509  -0.197482  0.003243
7861  0.000000  -0.266245  0.000000  0.197556  -0.197530  0.003241
7862  0.000000  -0.266311  0.000000  0.197604  -0.197577  0.003239
7863  0.000000  -0.266377  0.000000  0.197651  -0.197625  0.003238
7864  0.000000  -0.266443  0.000000  0.197699  -0.197672  0.003236
7865  0.000000  -0.266509  0.000000  0.197746  -0.197719  0.003235
7866  0.000000  -0.266575  0.000000  0.197793  -0.197767  0.003233
7867  0.000000  -0.266641  0.000000  0.197841  -0.197814  0.003231
7868  0.000000  -0.266707  0.000000  0.197888  -0.197862  0.003230
7869  0.000000  -0.266772  0.000000  0.197935  -0.197909  0.003228
7870  0.000000  -0.266838  0.000000  0.197982  -0.197956  0.003227
7871  0.000000  -0.266904  0.000000  0.198029  -0.198003  0.003225
7872  0.000000  -0.266969  0.000000  0.198077  -0.198050  0.003223
7873  0.000000  -0.267035  0.000000  0.198124  -0.198097  0.003222
7874  0.000000  -0.267100  0.000000  0.198171  -0.198145  0.003220
7875  0.000000  -0.267166  0.000000  0.198218  -0.198192  0.003219
7876  0.000000  -0.267231  0.000000  0.198265  -0.198239  0.003217
7877  0.000000  -0.267297  0.000000  0.198312  -0.198286  0.003216
7878  0.000000  -0.267362  0.000000  0.198359  -0.198333  0.003214
7879  0.000000  -0.267427  0.000000  0.198406  -0.198380  0.003212
7880  0.000000  -0.267492  0.000000  0.198452  -0.198426  0.003211
7881  0.000000  -0.267557  0.000000  0.198499  -0.198473  0.003209
7882  0.000000  -0.267623  0.000000  0.198546  -0.198520  0.003208
7883  0.000000  -0.267688  0.000000  0.198593  -0.198567  0.003206
7884  0.000000  -0.267753  0.000000  0.198639  -0.198614  0.003204
7885  0.000000  -0.267818  0.000000  0.198686  -0.198660  0.003203
7886  0.000000  -0.267882  0.000000  0.198733  -0.198707  0.003201
7887  0.000000  -0.267947  0.000000  0.198779  -0.198754  0.003200
7888  0.000000  -0.268012  0.000000  0.198826  -0.198800  0.003198
7889  0.000000  -0.268077  0.000000  0.198873  -0.198847  0.003197
7890  0.000000  -0.268142  0.000000  0.198919  -0.198893  0.003195
7891  0.000000  -0.268206  0.000000  0.198966  -0.198940  0.003193
7892  0.000000  -0.268271  0.000000  0.199012  -0.198986  0.003192
7893  0.000000  -0.268335  0.000000  0.199058  -0.199033  0.003190
7894  0.000000  -0.268400  0.000000  0.199105  -0.199079  0.003189
7895  0.000000  -0.268464  0.000000  0.199151  -0.199126  0.003187
7896  0.000000  -0.268529  0.000000  0.199197  -0.199172  0.003186
7897  0.000000  -0.268593  0.000000  0.199244  -0.199218  0.003184
7898  0.000000  -0.268657  0.000000  0.199290  -0.199265  0.003183
7899  0.000000  -0.268722  0.000000  0.199336  -0.199311  0.003181
7900  0.000000  -0.268786  0.000000  0.199382  -0.199357  0.003179
7901  0.000000  -0.268850  0.000000  0.199428  -0.199403  0.003178
7902  0.000000  -0.268914  0.000000  0.199475  -0.199449  0.003176
7903  0.000000  -0.268978  0.000000  0.199521  -0.199495  0.003175
7904  0.000000  -0.269042  0.000000  0.199567  -0.199541  0.003173
7905  0.000000  -0.269106  0.000000  0.199613  -0.199587  0.003172
7906  0.000000  -0.269170  0.000000  0.199659  -0.199633  0.003170
7907  0.000000  -0.269234  0.000000  0.199705  -0.199679  0.003169
7908  0.000000  -0.269298  0.000000  0.199750  -0.199725  0.003167
7909  0.000000  -0.269361  0.000000  0.199796  -0.199771  0.003166
7910  0.000000  -0.269425  0.000000  0.199842  -0.199817  0.003164
7911  0.000000  -0.269489  0.000000  0.199888  -0.199863  0.003163
7912  0.000000  -0.269552  0.000000  0.199934  -0.199909  0.003161
7913  0.000000  -0.269616  0.000000  0.199979  -0.199954  0.003159
7914  0.000000  -0.269679  0.000000  0.200025  -0.200000  0.003158
7915  0.000000  -0.269743  0.000000  0.200071  -0.200046  0.003156
7916  0.000000  -0.269806  0.000000  0.200116  -0.200091  0.003155
7917  0.000000  -0.269869  0.000000  0.200162  -0.200137  0.003153
7918  0.000000  -0.269933  0.000000  0.200207  -0.200183  0.003152
7919  0.000000  -0.269996  0.000000  0.200253  -0.200228  0.003150
7920  0.000000  -0.270059  0.000000  0.200298  -0.200274  0.003149
7921  0.000000  -0.270122  0.000000  0.200344  -0.200319  0.003147
7922  0.000000  -0.270185  0.000000  0.200389  -0.200365  0.003146
7923  0.000000  -0.270248  0.000000  0.200435  -0.200410  0.003144
7924  0.000000  -0.270311  0.000000  0.200480  -0.200455  0.003143
7925  0.000000  -0.270374  0.000000  0.200525  -0.200501  0.003141
7926  0.000000  -0.270437  0.000000  0.200570  -0.200546  0.003140
7927  0.000000  -0.270500  0.000000  0.200616  -0.200591  0.003138
7928  0.000000  -0.270563  0.000000  0.200661  -0.200636  0.003137
7929  0.000000  -0.270626  0.000000  0.200706  -0.200682  0.003135
7930  0.000000  -0.270688  0.000000  0.200751  -0.200727  0.003134
7931  0.000000  -0.270751  0.000000  0.200796  -0.200772  0.003132
7932  0.000000  -0.270813  0.000000  0.200841  -0.200817  0.003131
7933  0.000000  -0.270876  0.000000  0.200886  -0.200862  0.003129
7934  0.000000  -0.270939  0.000000  0.200931  -0.200907  0.003128
7935  0.000000  -0.271001  0.000000  0.200976  -0.200952  0.003126
7936  0.000000  -0.271063  0.000000  0.201021  -0.200997  0.003125
7937  0.000000  -0.271126  0.000000  0.201066  -0.201042  0.003123
7938  0.000000  -0.271188  0.000000  0.201111  -0.201087  0.003122
7939  0.000000  -0.271250  0.000000  0.201156  -0.201132  0.003120
7940  0.000000  -0.271312  0.000000  0.201201  -0.201176  0.003119
7941  0.000000  -0.271374  0.000000  0.201245  -0.201221  0.003117
7942  0.000000  -0.271437  0.000000  0.201290  -0.201266  0.003116
7943  0.000000  -0.271499  0.000000  0.201335  -0.201311  0.003114
7944  0.000000  -0.271561  0.000000  0.201379  -0.201355  0.003113
7945  0.000000  -0.271622  0.000000  0.201424  -0.201400  0.003111
7946  0.000000  -0.271684  0.000000  0.201468  -0.201444  0.003110
7947  0.000000  -0.271746  0.000000  0.201513  -0.201489  0.003108
7948  0.000000  -0.271808  0.000000  0.201557  -0.201534  0.003107
7949  0.000000  -0.271870  0.000000  0.201602  -0.201578  0.003106
7950  0.000000  -0.271931  0.000000  0.201646  -0.201622  0.003104
7951  0.000000  -0.271993  0.000000  0.201691  -0.201667  0.003103
7952  0.000000  -0.272055  0.000000  0.201735  -0.201711  0.003101
7953  0.000000  -0.272116  0.000000  0.201779  -0.201756  0.003100
7954  0.000000  -0.272178  0.000000  0.201824  -0.201800  0.003098
7955  0.000000  -0.272239  0.000000  0.201868  -0.201844  0.003097
7956  0.000000  -0.272300  0.000000  0.201912  -0.201888  0.003095
7957  0.000000  -0.272362  0.000000  0.201956  -0.201933  0.003094
7958  0.000000  -0.272423  0.000000  0.202000  -0.201977  0.003092
7959  0.000000  -0.272484  0.000000  0.202045  -0.202021  0.003091
7960  0.000000  -0.272545  0.000000  0.202089  -0.202065  0.003089
7961  0.000000  -0.272606  0.000000  0.202133  -0.202109  0.003088
7962  0.000000  -0.272668  0.000000  0.202177  -0.202153  0.003087
7963  0.000000  -0.272729  0.000000  0.202221  -0.202197  0.003085
7964  0.000000  -0.272790  0.000000  0.202265  -0.202241  0.003084
7965  0.000000  -0.272850  0.000000  0.202309  -0.202285  0.003082
7966  0.000000  -0.272911  0.000000  0.202352  -0.202329  0.003081
7967  0.000000  -0.272972  0.000000  0.202396  -0.202373  0.003079
7968  0.000000  -0.273033  0.000000  0.202440  -0.202417  0.003078
7969  0.000000  -0.273094  0.000000  0.202484  -0.202460  0.003076
7970  0.000000  -0.273154  0.000000  0.202527  -0.202504  0.003075
7971  0.000000  -0.273215  0.000000  0.202571  -0.202548  0.003074
7972  0.000000  -0.273275  0.000000  0.202615  -0.202592  0.003072
7973  0.000000  -0.273336  0.000000  0.202658  -0.202635  0.003071
7974  0.000000  -0.273396  0.000000  0.202702  -0.202679  0.003069
7975  0.000000  -0.273457  0.000000  0.202746  -0.202722  0.003068
7976  0.000000  -0.273517  0.000000  0.202789  -0.202766  0.003066
7977  0.000000  -0.273577  0.000000  0.202833  -0.202809  0.003065
7978  0.000000  -0.273638  0.000000  0.202876  -0.202853  0.003063
7979  0.000000  -0.273698  0.000000  0.202919  -0.202896  0.003062
7980  0.000000  -0.273758  0.000000  0.202963  -0.202940  0.003061
7981  0.000000  -0.273818  0.000000  0.203006  -0.202983  0.003059
7982  0.000000  -0.273878  0.000000  0.203049  -0.203026  0.003058
7983  0.000000  -0.273938  0.000000  0.203093  -0.203070  0.003056
7984  0.000000  -0.273998  0.000000  0.203136  -0.203113  0.003055
7985  0.000000  -0.274058  0.000000  0.203179  -0.203156  0.003054
7986  0.000000  -0.274118  0.000000  0.203222  -0.203199  0.003052
7987  0.000000  -0.274178  0.000000  0.203265  -0.203242  0.003051
7988  0.000000  -0.274238  0.000000  0.203308  -0.203286  0.003049
7989  0.000000  -0.274297  0.000000  0.203351  -0.203329  0.003048
7990  0.000000  -0.274357  0.000000  0.203394  -0.203372  0.003046
7991  0.000000  -0.274416  0.000000  0.203437  -0.203415  0.003045
7992  0.000000  -0.274476  0.000000  0.203480  -0.203458  0.003044
7993  0.000000  -0.274535  0.000000  0.203523  -0.203501  0.003042
7994  0.000000  -0.274595  0.000000  0.203566  -0.203543  0.003041
7995  0.000000  -0.274654  0.000000  0.203609  -0.203586  0.003039
7996  0.000000  -0.274714  0.000000  0.203652  -0.203629  0.003038
7997  0.000000  -0.274773  0.000000  0.203695  -0.203672  0.003037
7998  0.000000  -0.274832  0.000000  0.203737  -0.203715  0.003035
7999  0.000000  -0.274891  0.000000  0.203780  -0.203757  0.003034
8000  0.000000  -0.274951  0.000000  0.203823  -0.203800  0.003032
8001  0.000000  -0.275010  0.000000  0.203865  -0.203843  0.003031
8002  0.000000  -0.275069  0.000000  0.203908  -0.203885  0.003030
8003  0.000000  -0.275128  0.000000  0.203950  -0.203928  0.003028
8004  0.000000  -0.275187  0.000000  0.203993  -0.203971  0.003027
8005  0.000000  -0.275245  0.000000  0.204035  -0.204013  0.003026
8006  0.000000  -0.275304  0.000000  0.204078  -0.204055  0.003024
8007  0.000000  -0.275363  0.000000  0.204120  -0.204098  0.003023
8008  0.000000  -0.275422  0.000000  0.204163  -0.204140  0.003021
8009  0.000000  -0.275480  0.000000  0.204205  -0.204183  0.003020
8010  0.000000  -0.275539  0.000000  0.204247  -0.204225  0.003019
8011  0.000000  -0.275598  0.000000  0.204290  -0.204267  0.003017
8012  0.000000  -0.275656  0.000000  0.204332  -0.204310  0.003016
8013  0.000000  -0.275715  0.000000  0.204374  -0.204352  0.003014
8014  0.000000  -0.275773  0.000000  0.204416  -0.204394  0.003013
8015  0.000000  -0.275831  0.000000  0.204458  -0.204436  0.003012
8016  0.000000  -0.275890  0.000000  0.204500  -0.204478  0.003010
8017  0.000000  -0.275948  0.000000  0.204542  -0.204520  0.003009
8018  0.000000  -0.276006  0.000000  0.204584  -0.204562  0.003008
8019  0.000000  -0.276064  0.000000  0.204626  -0.204604  0.003006
8020  0.000000  -0.276123  0.000000  0.204668  -0.204646  0.003005
8021  0.000000  -0.276181  0.000000  0.204710  -0.204688  0.003004
8022  0.000000  -0.276239  0.000000  0.204752  -0.204730  0.003002
8023  0.000000  -0.276297  0.000000  0.204794  -0.204772  0.003001
8024  0.000000  -0.276355  0.000000  0.204836  -0.204814  0.002999
8025  0.000000  -0.276412  0.000000  0.204878  -0.204856  0.002998
8026  0.000000  -0.276470  0.000000  0.204919  -0.204897  0.002997
8027  0.000000  -0.276528  0.000000  0.204961  -0.204939  0.002995
8028  0.000000  -0.276586  0.000000  0.205003  -0.204981  0.002994
8029  0.000000  -0.276643  0.000000  0.205044  -0.205022  0.002993
8030  0.000000  -0.276701  0.000000  0.205086  -0.205064  0.002991
8031  0.000000  -0.276758  0.000000  0.205127  -0.205106  0.002990
8032  0.000000  -0.276816  0.000000  0.205169  -0.205147  0.002989
8033  0.000000  -0.276873  0.000000  0.205210  -0.205189  0.002987
8034  0.000000  -0.276931  0.000000  0.205252  -0.205230  0.002986
8035  0.000000  -0.276988  0.000000  0.205293  -0.205272  0.002985
8036  0.000000  -0.277045  0.000000  0.205335  -0.205313  0.002983
8037  0.000000  -0.277103  0.000000  0.205376  -0.205354  0.002982
8038  0.000000  -0.277160  0.000000  0.205417  -0.205396  0.002981
8039  0.000000  -0.277217  0.000000  0.205459  -0.205437  0.002979
8040  0.000000  -0.277274  0.000000  0.205500  -0.205478  0.002978
8041  0.000000  -0.277331  0.000000  0.205541  -0.205520  0.002977
8042  0.000000  -0.277388  0.000000  0.205582  -0.205561  0.002975
8043  0.000000  -0.277445  0.000000  0.205623  -0.205602  0.002974
8044  0.000000  -0.277502  0.000000  0.205664  -0.205643  0.002973
8045  0.000000  -0.277559  0.000000  0.205705  -0.205684  0.002971
8046  0.000000  -0.277616  0.000000  0.205746  -0.205725  0.002970
8047  0.000000  -0.277672  0.000000  0.205787  -0.205766  0.002969
8048  0.000000  -0.277729  0.000000  0.205828  -0.205807  0.002967
8049  0.000000  -0.277786  0.000000  0.205869  -0.205848  0.002966
8050  0.000000  -0.277842  0.000000  0.205910  -0.205889  0.002965
8051  0.000000  -0.277899  0.000000  0.205951  -0.205930  0.002963
8052  0.000000  -0.277955  0.000000  0.205992  -0.205971  0.002962
8053  0.000000  -0.278012  0.000000  0.206033  -0.206011  0.002961
8054  0.000000  -0.278068  0.000000  0.206073  -0.206052  0.002959
8055  0.000000  -0.278124  0.000000  0.206114  -0.206093  0.002958
8056  0.000000  -0.278181  0.000000  0.206155  -0.206133  0.002957
8057  0.000000  -0.278237  0.000000  0.206195  -0.206174  0.002955
8058  0.000000  -0.278293  0.000000  0.206236  -0.206215  0.002954
8059  0.000000  -0.278349  0.000000  0.206276  -0.206255  0.002953
8060  0.000000  -0.278405  0.000000  0.206317  -0.206296  0.002952
8061  0.000000  -0.278461  0.000000  0.206357  -0.206336  0.002950
8062  0.000000  -0.278517  0.000000  0.206398  -0.206377  0.002949
8063  0.000000  -0.278573  0.000000  0.206438  -0.206417  0.002948
8064  0.000000  -0.278629  0.000000  0.206479  -0.206458  0.002946
8065  0.000000  -0.278685  0.000000  0.206519  -0.206498  0.002945
8066  0.000000  -0.278741  0.000000  0.206559  -0.206538  0.002944
8067  0.000000  -0.278796  0.000000  0.206600  -0.206579  0.002942
8068  0.000000  -0.278852  0.000000  0.206640  -0.206619  0.002941
8069  0.000000  -0.278908  0.000000  0.206680  -0.206659  0.002940
8070  0.000000  -0.278963  0.000000  0.206720  -0.206699  0.002939
8071  0.000000  -0.279019  0.000000  0.206760  -0.206739  0.002937
8072  0.000000  -0.279074  0.000000  0.206800  -0.206779  0.002936
8073  0.000000  -0.279129  0.000000  0.206840  -0.206820  0.002935
8074  0.000000  -0.279185  0.000000  0.206880  -0.206860  0.002933
8075  0.000000  -0.279240  0.000000  0.206920  -0.206900  0.002932
8076  0.000000  -0.279295  0.000000  0.206960  -0.206939  0.002931
8077  0.000000  -0.279351  0.000000  0.207000  -0.206979  0.002930
8078  0.000000  -0.279406  0.000000  0.207040  -0.207019  0.002928
8079  0.000000  -0.279461  0.000000  0.207080  -0.207059  0.002927
8080  0.000000  -0.279516  0.000000  0.207120  -0.207099  0.002926
8081  0.000000  -0.279571  0.000000  0.207159  -0.207139  0.002924
8082  0.000000  -0.279626  0.000000  0.207199  -0.207178  0.002923
8083  0.000000  -0.279681  0.000000  0.207239  -0.207218  0.002922
8084  0.000000  -0.279735  0.000000  0.207278  -0.207258  0.002921
8085  0.000000  -0.279790  0.000000  0.207318  -0.207297  0.002919
8086  0.000000  -0.279845  0.000000  0.207358  -0.207337  0.002918
8087  0.000000  -0.279900  0.000000  0.207397  -0.207377  0.002917
8088  0.000000  -0.279954  0.000000  0.207437  -0.207416  0.002916
8089  0.000000  -0.280009  0.000000  0.207476  -0.207456  0.002914
8090  0.000000  -0.280063  0.000000  0.207516  -0.207495  0.002913
8091  0.000000  -0.280118  0.000000  0.207555  -0.207534  0.002912
8092  0.000000  -0.280172  0.000000  0.207594  -0.207574  0.002911
8093  0.000000  -0.280227  0.000000  0.207634  -0.207613  0.002909
8094  0.000000  -0.280281  0.000000  0.207673  -0.207653  0.002908
8095  0.000000  -0.280335  0.000000  0.207712  -0.207692  0.002907
8096  0.000000  -0.280389  0.000000  0.207751  -0.207731  0.002906
8097  0.000000  -0.280444  0.000000  0.207791  -0.207770  0.002904
8098  0.000000  -0.280498  0.000000  0.207830  -0.207809  0.002903
8099  0.000000  -0.280552  0.000000  0.207869  -0.207848  0.002902
8100  0.000000  -0.280606  0.000000  0.207908  -0.207888  0.002901
8101  0.000000  -0.280660  0.000000  0.207947  -0.207927  0.002899
8102  0.000000  -0.280714  0.000000  0.207986  -0.207966  0.002898
8103  0.000000  -0.280767  0.000000  0.208025  -0.208005  0.002897
8104  0.000000  -0.280821  0.000000  0.208064  -0.208044  0.002896
8105  0.000000  -0.280875  0.000000  0.208103  -0.208082  0.002894
8106  0.000000  -0.280929  0.000000  0.208141  -0.208121  0.002893
8107  0.000000  -0.280982  0.000000  0.208180  -0.208160  0.002892
8108  0.000000  -0.281036  0.000000  0.208219  -0.208199  0.002891
8109  0.000000  -0.281090  0.000000  0.208258  -0.208238  0.002889
8110  0.000000  -0.281143  0.000000  0.208296  -0.208276  0.002888
8111  0.000000  -0.281196  0.000000  0.208335  -0.208315  0.002887
8112  0.000000  -0.281250  0.000000  0.208374  -0.208354  0.002886
8113  0.000000  -0.281303  0.000000  0.208412  -0.208392  0.002884
8114  0.000000  -0.281356  0.000000  0.208451  -0.208431  0.002883
8115  0.000000  -0.281410  0.000000  0.208489  -0.208469  0.002882
8116  0.000000  -0.281463  0.000000  0.208528  -0.208508  0.002881
8117  0.000000  -0.281516  0.000000  0.208566  -0.208546  0.002880
8118  0.000000  -0.281569  0.000000  0.208605  -0.208585  0.002878
8119  0.000000  -0.281622  0.000000  0.208643  -0.208623  0.002877
8120  0.000000  -0.281675  0.000000  0.208681  -0.208662  0.002876
8121  0.000000  -0.281728  0.000000  0.208720  -0.208700  0.002875
8122  0.000000  -0.281781  0.000000  0.208758  -0.208738  0.002873
8123  0.000000  -0.281834  0.000000  0.208796  -0.208776  0.002872
8124  0.000000  -0.281886  0.000000  0.208834  -0.208815  0.002871
8125  0.000000  -0.281939  0.000000  0.208873  -0.208853  0.002870
8126  0.000000  -0.281992  0.000000  0.208911  -0.208891  0.002869
8127  0.000000  -0.282044  0.000000  0.208949  -0.208929  0.002867
8128  0.000000  -0.282097  0.000000  0.208987  -0.208967  0.002866
8129  0.000000  -0.282149  0.000000  0.209025  -0.209005  0.002865
8130  0.000000  -0.282202  0.000000  0.209063  -0.209043  0.002864
8131  0.000000  -0.282254  0.000000  0.209101  -0.209081  0.002863
8132  0.000000  -0.282307  0.000000  0.209139  -0.209119  0.002861
8133  0.000000  -0.282359  0.000000  0.209176  -0.209157  0.002860
8134  0.000000  -0.282411  0.000000  0.209214  -0.209195  0.002859
8135  0.000000  -0.282463  0.000000  0.209252  -0.209233  0.002858
8136  0.000000  -0.282516  0.000000  0.209290  -0.209270  0.002857
8137  0.000000  -0.282568  0.000000  0.209328  -0.209308  0.002855
8138  0.000000  -0.282620  0.000000  0.209365  -0.209346  0.002854
8139  0.000000  -0.282672  0.000000  0.209403  -0.209383  0.002853
8140  0.000000  -0.282724  0.000000  0.209440  -0.209421  0.002852
8141  0.000000  -0.282775  0.000000  0.209478  -0.209459  0.002851
8142  0.000000  -0.282827  0.000000  0.209516  -0.209496  0.002849
8143  0.000000  -0.282879  0.000000  0.209553  -0.209534  0.002848
8144  0.000000  -0.282931  0.000000  0.209590  -0.209571  0.002847
8145  0.000000  -0.282982  0.000000  0.209628  -0.209609  0.002846
8146  0.000000  -0.283034  0.000000  0.209665  -0.209646  0.002845
8147  0.000000  -0.283086  0.000000  0.209703  -0.209683  0.002844
8148  0.000000  -0.283137  0.000000  0.209740  -0.209721  0.002842
8149  0.000000  -0.283189  0.000000  0.209777  -0.209758  0.002841
8150  0.000000  -0.283240  0.000000  0.209814  -0.209795  0.002840
8151  0.000000  -0.283291  0.000000  0.209852  -0.209832  0.002839
8152  0.000000  -0.283343  0.000000  0.209889  -0.209870  0.002838
8153  0.000000  -0.283394  0.000000  0.209926  -0.209907  0.002836
8154  0.000000  -0.283445  0.000000  0.209963  -0.209944  0.002835
8155  0.000000  -0.283496  0.000000  0.210000  -0.209981  0.002834
8156  0.000000  -0.283547  0.000000  0.210037  -0.210018  0.002833
8157  0.000000  -0.283599  0.000000  0.210074  -0.210055  0.002832
8158  0.000000  -0.283650  0.000000  0.210111  -0.210092  0.002831
8159  0.000000  -0.283700  0.000000  0.210148  -0.210129  0.002829
8160  0.000000  -0.283751  0.000000  0.210185  -0.210166  0.002828
8161  0.000000  -0.283802  0.000000  0.210222  -0.210203  0.002827
8162  0.000000  -0.283853  0.000000  0.210258  -0.210239  0.002826
8163  0.000000  -0.283904  0.000000  0.210295  -0.210276  0.002825
8164  0.000000  -0.283954  0.000000  0.210332  -0.210313  0.002824
8165  0.000000  -0.284005  0.000000  0.210369  -0.210350  0.002822
8166  0.000000  -0.284056  0.000000  0.210405  -0.210386  0.002821
8167  0.000000  -0.284106  0.000000  0.210442  -0.210423  0.002820
8168  0.000000  -0.284157  0.000000  0.210478  -0.210460  0.002819
8169  0.000000  -0.284207  0.000000  0.210515  -0.210496  0.002818
8170  0.000000  -0.284257  0.000000  0.210551  -0.210533  0.002817
8171  0.000000  -0.284308  0.000000  0.210588  -0.210569  0.002816
8172  0.000000  -0.284358  0.000000  0.210624  -0.210606  0.002814
8173  0.000000  -0.284408  0.000000  0.210661  -0.210642  0.002813
8174  0.000000  -0.284458  0.000000  0.210697  -0.210678  0.002812
8175  0.000000  -0.284509  0.000000  0.210733  -0.210715  0.002811
8176  0.000000  -0.284559  0.000000  0.210770  -0.210751  0.002810
8177  0.000000  -0.284609  0.000000  0.210806  -0.210787  0.002809
8178  0.000000  -0.284659  0.000000  0.210842  -0.210823  0.002808
8179  0.000000  -0.284708  0.000000  0.210878  -0.210860  0.002806
8180  0.000000  -0.284758  0.000000  0.210914  -0.210896  0.002805
8181  0.000000  -0.284808  0.000000  0.210950  -0.210932  0.002804
8182  0.000000  -0.284858  0.000000  0.210987  -0.210968  0.002803
8183  0.000000  -0.284908  0.000000  0.211023  -0.211004  0.002802
8184  0.000000  -0.284957  0.000000  0.211059  -0.211040  0.002801
8185  0.000000  -0.285007  0.000000  0.211094  -0.211076  0.002800
8186  0.000000  -0.285056  0.000000  0.211130  -0.211112  0.002799
8187  0.000000  -0.285106  0.000000  0.211166  -0.211148  0.002797
8188  0.000000  -0.285155  0.000000  0.211202  -0.211184  0.002796
8189  0.000000  -0.285205  0.000000  0.211238  -0.211219  0.002795
8190  0.000000  -0.285254  0.000000  0.211274  -0.211255  0.002794
8191  0.000000  -0.285303  0.000000  0.211309  -0.211291  0.002793
8192  0.000000  -0.285352  0.000000  0.211345  -0.211327  0.002792
8193  0.000000  -0.285402  0.000000  0.211381  -0.211362  0.002791
8194  0.000000  -0.285451  0.000000  0.211416  -0.211398  0.002790
8195  0.000000  -0.285500  0.000000  0.211452  -0.211433  0.002789
8196  0.000000  -0.285549  0.000000  0.211487  -0.211469  0.002787
8197  0.000000  -0.285598  0.000000  0.211523  -0.211505  0.002786
8198  0.000000  -0.285647  0.000000  0.211558  -0.211540  0.002785
8199  0.000000  -0.285696  0.000000  0.211594  -0.211575  0.002784
8200  0.000000  -0.285744  0.000000  0.211629  -0.211611  0.002783
8201  0.000000  -0.285793  0.000000  0.211665  -0.211646  0.002782
8202  0.000000  -0.285842  0.000000  0.211700  -0.211682  0.002781
8203  0.000000  -0.285890  0.000000  0.211735  -0.211717  0.002780
8204  0.000000  -0.285939  0.000000  0.211770  -0.211752  0.002779
8205  0.000000  -0.285988  0.000000  0.211806  -0.211787  0.002777
8206  0.000000  -0.286036  0.000000  0.211841  -0.211822  0.002776
8207  0.000000  -0.286085  0.000000  0.211876  -0.211858  0.002775
8208  0.000000  -0.286133  0.000000  0.211911  -0.211893  0.002774
8209  0.000000  -0.286181  0.000000  0.211946  -0.211928  0.002773
8210  0.000000  -0.286230  0.000000  0.211981  -0.211963  0.002772
8211  0.000000  -0.286278  0.000000  0.212016  -0.211998  0.002771
8212  0.000000  -0.286326  0.000000  0.212051  -0.212033  0.002770
8213  0.000000  -0.286374  0.000000  0.212086  -0.212068  0.002769
8214  0.000000  -0.286422  0.000000  0.212121  -0.212103  0.002768
8215  0.000000  -0.286470  0.000000  0.212155  -0.212137  0.002767
8216  0.000000  -0.286518  0.000000  0.212190  -0.212172  0.002765
8217  0.000000  -0.286566  0.000000  0.212225  -0.212207  0.002764
8218  0.000000  -0.286614  0.000000  0.212260  -0.212242  0.002763
8219  0.000000  -0.286662  0.000000  0.212294  -0.212276  0.002762
8220  0.000000  -0.286710  0.000000  0.212329  -0.212311  0.002761
8221  0.000000  -0.286757  0.000000  0.212364  -0.212346  0.002760
8222  0.000000  -0.286805  0.000000  0.212398  -0.212380  0.002759
8223  0.000000  -0.286852  0.000000  0.212433  -0.212415  0.002758
8224  0.000000  -0.286900  0.000000  0.212467  -0.212449  0.002757
8225  0.000000  -0.286948  0.000000  0.212502  -0.212484  0.002756
8226  0.000000  -0.286995  0.000000  0.212536  -0.212518  0.002755
8227  0.000000  -0.287042  0.000000  0.212571  -0.212553  0.002754
8228  0.000000  -0.287090  0.000000  0.212605  -0.212587  0.002753
8229  0.000000  -0.287137  0.000000  0.212639  -0.212621  0.002751
8230  0.000000  -0.287184  0.000000  0.212673  -0.212656  0.002750
8231  0.000000  -0.287231  0.000000  0.212708  -0.212690  0.002749
8232  0.000000  -0.287279  0.000000  0.212742  -0.212724  0.002748
8233  0.000000  -0.287326  0.000000  0.212776  -0.212758  0.002747
8234  0.000000  -0.287373  0.000000  0.212810  -0.212792  0.002746
8235  0.000000  -0.287420  0.000000  0.212844  -0.212827  0.002745
8236  0.000000  -0.287467  0.000000  0.212878  -0.212861  0.002744
8237  0.000000  -0.287513  0.000000  0.212912  -0.212895  0.002743
8238  0.000000  -0.287560  0.000000  0.212946  -0.212929  0.002742
8239  0.000000  -0.287607  0.000000  0.212980  -0.212963  0.002741
8240  0.000000  -0.287654  0.000000  0.213014  -0.212996  0.002740
8241  0.000000  -0.287700  0.000000  0.213048  -0.213030  0.002739
8242  0.000000  -0.287747  0.000000  0.213082  -0.213064  0.002738
8243  0.000000  -0.287793  0.000000  0.213116  -0.213098  0.002737
8244  0.000000  -0.287840  0.000000  0.213149  -0.213132  0.002736
8245  0.000000  -0.287886  0.000000  0.213183  -0.213165  0.002735
8246  0.000000  -0.287933  0.000000  0.213217  -0.213199  0.002734
8247  0.000000  -0.287979  0.000000  0.213250  -0.213233  0.002733
8248  0.000000  -0.288025  0.000000  0.213284  -0.213266  0.002731
8249  0.000000  -0.288072  0.000000  0.213317  -0.213300  0.002730
8250  0.000000  -0.288118  0.000000  0.213351  -0.213334  0.002729
8251  0.000000  -0.288164  0.000000  0.213384  -0.213367  0.002728
8252  0.000000  -0.288210  0.000000  0.213418  -0.213400  0.002727
8253  0.000000  -0.288256  0.000000  0.213451  -0.213434  0.002726
8254  0.000000  -0.288302  0.000000  0.213485  -0.213467  0.002725
8255  0.000000  -0.288348  0.000000  0.213518  -0.213501  0.002724
8256  0.000000  -0.288394  0.000000  0.213551  -0.213534  0.002723
8257  0.000000  -0.288440  0.000000  0.213585  -0.213567  0.002722
8258  0.000000  -0.288485  0.000000  0.213618  -0.213600  0.002721
8259  0.000000  -0.288531  0.000000  0.213651  -0.213634  0.002720
8260  0.000000  -0.288577  0.000000  0.213684  -0.213667  0.002719
8261  0.000000  -0.288622  0.000000  0.213717  -0.213700  0.002718
8262  0.000000  -0.288668  0.000000  0.213750  -0.213733  0.002717
8263  0.000000  -0.288713  0.000000  0.213783  -0.213766  0.002716
8264  0.000000  -0.288759  0.000000  0.213816  -0.213799  0.002715
8265  0.000000  -0.288804  0.000000  0.213849  -0.213832  0.002714
8266  0.000000  -0.288850  0.000000  0.213882  -0.213865  0.002713
8267  0.000000  -0.288895  0.000000  0.213915  -0.213898  0.002712
8268  0.000000  -0.288940  0.000000  0.213948  -0.213931  0.002711
8269  0.000000  -0.288985  0.000000  0.213981  -0.213964  0.002710
8270  0.000000  -0.289030  0.000000  0.214013  -0.213996  0.002709
8271  0.000000  -0.289076  0.000000  0.214046  -0.214029  0.002708
8272  0.000000  -0.289121  0.000000  0.214079  -0.214062  0.002707
8273  0.000000  -0.289166  0.000000  0.214112  -0.214094  0.002706
8274  0.000000  -0.289210  0.000000  0.214144  -0.214127  0.002705
8275  0.000000  -0.289255  0.000000  0.214177  -0.214160  0.002704
8276  0.000000  -0.289300  0.000000  0.214209  -0.214192  0.002703
8277  0.000000  -0.289345  0.000000  0.214242  -0.214225  0.002702
8278  0.000000  -0.289390  0.000000  0.214274  -0.214257  0.002701
8279  0.000000  -0.289434  0.000000  0.214307  -0.214290  0.002700
8280  0.000000  -0.289479  0.000000  0.214339  -0.214322  0.002699
8281  0.000000  -0.289523  0.000000  0.214371  -0.214354  0.002698
8282  0.000000  -0.289568  0.000000  0.214404  -0.214387  0.002697
8283  0.000000  -0.289612  0.000000  0.214436  -0.214419  0.002696
8284  0.000000  -0.289657  0.000000  0.214468  -0.214451  0.002695
8285  0.000000  -0.289701  0.000000  0.214500  -0.214484  0.002694
8286  0.000000  -0.289745  0.000000  0.214533  -0.214516  0.002693
8287  0.000000  -0.289790  0.000000  0.214565  -0.214548  0.002692
8288  0.000000  -0.289834  0.000000  0.214597  -0.214580  0.002691
8289  0.000000  -0.289878  0.000000  0.214629  -0.214612  0.002690
8290  0.000000  -0.289922  0.000000  0.214661  -0.214644  0.002689
8291  0.000000  -0.289966  0.000000  0.214693  -0.214676  0.002688
8292  0.000000  -0.290010  0.000000  0.214725  -0.214708  0.002687
8293  0.000000  -0.290054  0.000000  0.214757  -0.214740  0.002686
8294  0.000000  -0.290098  0.000000  0.214789  -0.214772  0.002685
8295  0.000000  -0.290142  0.000000  0.214820  -0.214804  0.002684
8296  0.000000  -0.290185  0.000000  0.214852  -0.214835  0.002683
8297  0.000000  -0.290229  0.000000  0.214884  -0.214867  0.002682
8298  0.000000  -0.290273  0.000000  0.214916  -0.214899  0.002681
8299  0.000000  -0.290316  0.000000  0.214947  -0.214931  0.002680
8300  0.000000  -0.290360  0.000000  0.214979  -0.214962  0.002679
8301  0.000000  -0.290403  0.000000  0.215011  -0.214994  0.002678
8302  0.000000  -0.290447  0.000000  0.215042  -0.215025  0.002677
8303  0.000000  -0.290490  0.000000  0.215074  -0.215057  0.002676
8304  0.000000  -0.290533  0.000000  0.215105  -0.215089  0.002675
8305  0.000000  -0.290577  0.000000  0.215137  -0.215120  0.002674
8306  0.000000  -0.290620  0.000000  0.215168  -0.215151  0.002673
8307  0.000000  -0.290663  0.000000  0.215199  -0.215183  0.002673
8308  0.000000  -0.290706  0.000000  0.215231  -0.215214  0.002672
8309  0.000000  -0.290749  0.000000  0.215262  -0.215245  0.002671
8310  0.000000  -0.290792  0.000000  0.215293  -0.215277  0.002670
8311  0.000000  -0.290835  0.000000  0.215324  -0.215308  0.002669
8312  0.000000  -0.290878  0.000000  0.215356  -0.215339  0.002668
8313  0.000000  -0.290921  0.000000  0.215387  -0.215370  0.002667
8314  0.000000  -0.290964  0.000000  0.215418  -0.215401  0.002666
8315  0.000000  -0.291007  0.000000  0.215449  -0.215432  0.002665
8316  0.000000  -0.291049  0.000000  0.215480  -0.215464  0.002664
8317  0.000000  -0.291092  0.000000  0.215511  -0.215495  0.002663
8318  0.000000  -0.291134  0.000000  0.215542  -0.215526  0.002662
8319  0.000000  -0.291177  0.000000  0.215573  -0.215556  0.002661
8320  0.000000  -0.291219  0.000000  0.215604  -0.215587  0.002660
8321  0.000000  -0.291262  0.000000  0.215635  -0.215618  0.002659
8322  0.000000  -0.291304  0.000000  0.215665  -0.215649  0.002658
8323  0.000000  -0.291347  0.000000  0.215696  -0.215680  0.002657
8324  0.000000  -0.291389  0.000000  0.215727  -0.215711  0.002656
8325  0.000000  -0.291431  0.000000  0.215758  -0.215741  0.002655
8326  0.000000  -0.291473  0.000000  0.215788  -0.215772  0.002655
8327  0.000000  -0.291515  0.000000  0.215819  -0.215803  0.002654
8328  0.000000  -0.291557  0.000000  0.215849  -0.215833  0.002653
8329  0.000000  -0.291599  0.000000  0.215880  -0.215864  0.002652
8330  0.000000  -0.291641  0.000000  0.215910  -0.215894  0.002651
8331  0.000000  -0.291683  0.000000  0.215941  -0.215925  0.002650
8332  0.000000  -0.291725  0.000000  0.215971  -0.215955  0.002649
8333  0.000000  -0.291767  0.000000  0.216002  -0.215985  0.002648
8334  0.000000  -0.291809  0.000000  0.216032  -0.216016  0.002647
8335  0.000000  -0.291850  0.000000  0.216062  -0.216046  0.002646
8336  0.000000  -0.291892  0.000000  0.216093  -0.216076  0.002645
8337  0.000000  -0.291934  0.000000  0.216123  -0.216107  0.002644
8338  0.000000  -0.291975  0.000000  0.216153  -0.216137  0.002643
8339  0.000000  -0.292017  0.000000  0.216183  -0.216167  0.002642
8340  0.000000  -0.292058  0.000000  0.216213  -0.216197  0.002642
8341  0.000000  -0.292099  0.000000  0.216243  -0.216227  0.002641
8342  0.000000  -0.292141  0.000000  0.216273  -0.216257  0.002640
8343  0.000000  -0.292182  0.000000  0.216303  -0.216287  0.002639
8344  0.000000  -0.292223  0.000000  0.216333  -0.216317  0.002638
8345  0.000000  -0.292264  0.000000  0.216363  -0.216347  0.002637
8346  0.000000  -0.292305  0.000000  0.216393  -0.216377  0.002636
8347  0.000000  -0.292346  0.000000  0.216423  -0.216407  0.002635
8348  0.000000  -0.292387  0.000000  0.216453  -0.216437  0.002634
8349  0.000000  -0.292428  0.000000  0.216483  -0.216467  0.002633
8350  0.000000  -0.292469  0.000000  0.216512  -0.216496  0.002632
8351  0.000000  -0.292510  0.000000  0.216542  -0.216526  0.002632
8352  0.000000  -0.292551  0.000000  0.216572  -0.216556  0.002631
8353  0.000000  -0.292592  0.000000  0.216601  -0.216585  0.002630
8354  0.000000  -0.292632  0.000000  0.216631  -0.216615  0.002629
8355  0.000000  -0.292673  0.000000  0.216660  -0.216645  0.002628
8356  0.000000  -0.292714  0.000000  0.216690  -0.216674  0.002627
8357  0.000000  -0.292754  0.000000  0.216719  -0.216704  0.002626
8358  0.000000  -0.292794  0.000000  0.216749  -0.216733  0.002625
8359  0.000000  -0.292835  0.000000  0.216778  -0.216762  0.002624
8360  0.000000  -0.292875  0.000000  0.216808  -0.216792  0.002623
8361  0.000000  -0.292916  0.000000  0.216837  -0.216821  0.002623
8362  0.000000  -0.292956  0.000000  0.216866  -0.216850  0.002622
8363  0.000000  -0.292996  0.000000  0.216895  -0.216880  0.002621
8364  0.000000  -0.293036  0.000000  0.216925  -0.216909  0.002620
8365  0.000000  -0.293076  0.000000  0.216954  -0.216938  0.002619
8366  0.000000  -0.293116  0.000000  0.216983  -0.216967  0.002618
8367  0.000000  -0.293156  0.000000  0.217012  -0.216996  0.002617
8368  0.000000  -0.293196  0.000000  0.217041  -0.217025  0.002616
8369  0.000000  -0.293236  0.000000  0.217070  -0.217054  0.002616
8370  0.000000  -0.293276  0.000000  0.217099  -0.217083  0.002615
8371  0.000000  -0.293316  0.000000  0.217128  -0.217112  0.002614
8372  0.000000  -0.293355  0.000000  0.217157  -0.217141  0.002613
8373  0.000000  -0.293395  0.000000  0.217186  -0.217170  0.002612
8374  0.000000  -0.293435  0.000000  0.217215  -0.217199  0.002611
8375  0.000000  -0.293474  0.000000  0.217243  -0.217228  0.002610
8376  0.000000  -0.293514  0.000000  0.217272  -0.217256  0.002609
8377  0.000000  -0.293553  0.000000  0.217301  -0.217285  0.002609
8378  0.000000  -0.293593  0.000000  0.217329  -0.217314  0.002608
8379  0.000000  -0.293632  0.000000  0.217358  -0.217342  0.002607
8380  0.000000  -0.293671  0.000000  0.217387  -0.217371  0.002606
8381  0.000000  -0.293710  0.000000  0.217415  -0.217400  0.002605
8382  0.000000  -0.293750  0.000000  0.217444  -0.217428  0.002604
8383  0.000000  -0.293789  0.000000  0.217472  -0.217457  0.002603
8384  0.000000  -0.293828  0.000000  0.217501  -0.217485  0.002603
8385  0.000000  -0.293867  0.000000  0.217529  -0.217513  0.002602
8386  0.000000  -0.293906  0.000000  0.217557  -0.217542  0.002601
8387  0.000000  -0.293945  0.000000  0.217586  -0.217570  0.002600
8388  0.000000  -0.293984  0.000000  0.217614  -0.217598  0.002599
8389  0.000000  -0.294022  0.000000  0.217642  -0.217627  0.002598
8390  0.000000  -0.294061  0.000000  0.217670  -0.217655  0.002597
8391  0.000000  -0.294100  0.000000  0.217699  -0.217683  0.002597
8392  0.000000  -0.294139  0.000000  0.217727  -0.217711  0.002596
8393  0.000000  -0.294177  0.000000  0.217755  -0.217739  0.002595
8394  0.000000  -0.294216  0.000000  0.217783  -0.217767  0.002594
8395  0.000000  -0.294254  0.000000  0.217811  -0.217795  0.002593
8396  0.000000  -0.294293  0.000000  0.217839  -0.217823  0.002592
8397  0.000000  -0.294331  0.000000  0.217867  -0.217851  0.002591
8398  0.000000  -0.294369  0.000000  0.217895  -0.217879  0.002591
8399  0.000000  -0.294408  0.000000  0.217923  -0.217907  0.002590
8400  0.000000  -0.294446  0.000000  0.217950  -0.217935  0.002589
8401  0.000000  -0.294484  0.000000  0.217978  -0.217963  0.002588
8402  0.000000  -0.294522  0.000000  0.218006  -0.217991  0.002587
8403  0.000000  -0.294560  0.000000  0.218034  -0.218018  0.002586
8404  0.000000  -0.294598  0.000000  0.218061  -0.218046  0.002586
8405  0.000000  -0.294636  0.000000  0.218089  -0.218074  0.002585
8406  0.000000  -0.294674  0.000000  0.218116  -0.218101  0.002584
8407  0.000000  -0.294712  0.000000  0.218144  -0.218129  0.002583
8408  0.000000  -0.294750  0.000000  0.218172  -0.218156  0.002582
8409  0.000000  -0.294787  0.000000  0.218199  -0.218184  0.002581
8410  0.000000  -0.294825  0.000000  0.218226  -0.218211  0.002581
8411  0.000000  -0.294863  0.000000  0.218254  -0.218239  0.002580
8412  0.000000  -0.294900  0.000000  0.218281  -0.218266  0.002579
8413  0.000000  -0.294938  0.000000  0.218309  -0.218293  0.002578
8414  0.000000  -0.294975  0.000000  0.218336  -0.218321  0.002577
8415  0.000000  -0.295013  0.000000  0.218363  -0.218348  0.002577
8416  0.000000  -0.295050  0.000000  0.218390  -0.218375  0.002576
8417  0.000000  -0.295087  0.000000  0.218417  -0.218402  0.002575
8418  0.000000  -0.295125  0.000000  0.218445  -0.218429  0.002574
8419  0.000000  -0.295162  0.000000  0.218472  -0.218456  0.002573
8420  0.000000  -0.295199  0.000000  0.218499  -0.218484  0.002572
8421  0.000000  -0.295236  0.000000  0.218526  -0.218511  0.002572
8422  0.000000  -0.295273  0.000000  0.218553  -0.218538  0.002571
8423  0.000000  -0.295310  0.000000  0.218580  -0.218564  0.002570
8424  0.000000  -0.295347  0.000000  0.218606  -0.218591  0.002569
8425  0.000000  -0.295384  0.000000  0.218633  -0.218618  0.002568
8426  0.000000  -0.295421  0.000000  0.218660  -0.218645  0.002568
8427  0.000000  -0.295458  0.000000  0.218687  -0.218672  0.002567
8428  0.000000  -0.295494  0.000000  0.218714  -0.218699  0.002566
8429  0.000000  -0.295531  0.000000  0.218740  -0.218725  0.002565
8430  0.000000  -0.295568  0.000000  0.218767  -0.218752  0.002564
8431  0.000000  -0.295604  0.000000  0.218794  -0.218779  0.002564
8432  0.000000  -0.295641  0.000000  0.218820  -0.218805  0.002563
8433  0.000000  -0.295677  0.000000  0.218847  -0.218832  0.002562
8434  0.000000  -0.295714  0.000000  0.218873  -0.218858  0.002561
8435  0.000000  -0.295750  0.000000  0.218900  -0.218885  0.002560
8436  0.000000  -0.295786  0.000000  0.218926  -0.218911  0.002560
8437  0.000000  -0.295822  0.000000  0.218953  -0.218938  0.002559
8438  0.000000  -0.295859  0.000000  0.218979  -0.218964  0.002558
8439  0.000000  -0.295895  0.000000  0.219005  -0.218990  0.002557
8440  0.000000  -0.295931  0.000000  0.219032  -0.219017  0.002556
8441  0.000000  -0.295967  0.000000  0.219058  -0.219043  0.002556
8442  0.000000  -0.296003  0.000000  0.219084  -0.219069  0.002555
8443  0.000000  -0.296039  0.000000  0.219110  -0.219095  0.002554
8444  0.000000  -0.296075  0.000000  0.219136  -0.219121  0.002553
8445  0.000000  -0.296110  0.000000  0.219162  -0.219148  0.002553
8446  0.000000  -0.296146  0.000000  0.219188  -0.219174  0.002552
8447  0.000000  -0.296182  0.000000  0.219214  -0.219200  0.002551
8448  0.000000  -0.296218  0.000000  0.219240  -0.219226  0.002550
8449  0.000000  -0.296253  0.000000  0.219266  -0.219251  0.002549
8450  0.000000  -0.296289  0.000000  0.219292  -0.219277  0.002549
8451  0.000000  -0.296324  0.000000  0.219318  -0.219303  0.002548
8452  0.000000  -0.296360  0.000000  0.219344  -0.219329  0.002547
8453  0.000000  -0.296395  0.000000  0.219370  -0.219355  0.002546
8454  0.000000  -0.296430  0.000000  0.219395  -0.219381  0.002546
8455  0.000000  -0.296466  0.000000  0.219421  -0.219406  0.002545
8456  0.000000  -0.296501  0.000000  0.219447  -0.219432  0.002544
8457  0.000000  -0.296536  0.000000  0.219472  -0.219458  0.002543
8458  0.000000  -0.296571  0.000000  0.219498  -0.219483  0.002542
8459  0.000000  -0.296606  0.000000  0.219523  -0.219509  0.002542
8460  0.000000  -0.296641  0.000000  0.219549  -0.219534  0.002541
8461  0.000000  -0.296676  0.000000  0.219574  -0.219560  0.002540
8462  0.000000  -0.296711  0.000000  0.219600  -0.219585  0.002539
8463  0.000000  -0.296746  0.000000  0.219625  -0.219611  0.002539
8464  0.000000  -0.296781  0.000000  0.219651  -0.219636  0.002538
8465  0.000000  -0.296815  0.000000  0.219676  -0.219661  0.002537
8466  0.000000  -0.296850  0.000000  0.219701  -0.219687  0.002536
8467  0.000000  -0.296885  0.000000  0.219726  -0.219712  0.002536
8468  0.000000  -0.296919  0.000000  0.219752  -0.219737  0.002535
8469  0.000000  -0.296954  0.000000  0.219777  -0.219762  0.002534
8470  0.000000  -0.296988  0.000000  0.219802  -0.219787  0.002533
8471  0.000000  -0.297023  0.000000  0.219827  -0.219812  0.002533
8472  0.000000  -0.297057  0.000000  0.219852  -0.219837  0.002532
8473  0.000000  -0.297091  0.000000  0.219877  -0.219862  0.002531
8474  0.000000  -0.297126  0.000000  0.219902  -0.219887  0.002530
8475  0.000000  -0.297160  0.000000  0.219927  -0.219912  0.002530
8476  0.000000  -0.297194  0.000000  0.219952  -0.219937  0.002529
8477  0.000000  -0.297228  0.000000  0.219977  -0.219962  0.002528
8478  0.000000  -0.297262  0.000000  0.220001  -0.219987  0.002527
8479  0.000000  -0.297296  0.000000  0.220026  -0.220012  0.002527
8480  0.000000  -0.297330  0.000000  0.220051  -0.220036  0.002526
8481  0.000000  -0.297364  0.000000  0.220076  -0.220061  0.002525
8482  0.000000  -0.297398  0.000000  0.220100  -0.220086  0.002525
8483  0.000000  -0.297431  0.000000  0.220125  -0.220110  0.002524
8484  0.000000  -0.297465  0.000000  0.220149  -0.220135  0.002523
8485  0.000000  -0.297499  0.000000  0.220174  -0.220159  0.002522
8486  0.000000  -0.297532  0.000000  0.220198  -0.220184  0.002522
8487  0.000000  -0.297566  0.000000  0.220223  -0.220208  0.002521
8488  0.000000  -0.297599  0.000000  0.220247  -0.220233  0.002520
8489  0.000000  -0.297633  0.000000  0.220272  -0.220257  0.002519
8490  0.000000  -0.297666  0.000000  0.220296  -0.220282  0.002519
8491  0.000000  -0.297700  0.000000  0.220320  -0.220306  0.002518
8492  0.000000  -0.297733  0.000000  0.220345  -0.220330  0.002517
8493  0.000000  -0.297766  0.000000  0.220369  -0.220354  0.002517
8494  0.000000  -0.297799  0.000000  0.220393  -0.220379  0.002516
8495  0.000000  -0.297832  0.000000  0.220417  -0.220403  0.002515
8496  0.000000  -0.297865  0.000000  0.220441  -0.220427  0.002514
8497  0.000000  -0.297898  0.000000  0.220465  -0.220451  0.002514
8498  0.000000  -0.297931  0.000000  0.220489  -0.220475  0.002513
8499  0.000000  -0.297964  0.000000  0.220513  -0.220499  0.002512
8500  0.000000  -0.297997  0.000000  0.220537  -0.220523  0.002512
8501  0.000000  -0.298030  0.000000  0.220561  -0.220547  0.002511
8502  0.000000  -0.298063  0.000000  0.220585  -0.220571  0.002510
8503  0.000000  -0.298095  0.000000  0.220609  -0.220595  0.002509
8504  0.000000  -0.298128  0.000000  0.220633  -0.220618  0.002509
8505  0.000000  -0.298161  0.000000  0.220656  -0.220642  0.002508
8506  0.000000  -0.298193  0.000000  0.220680  -0.220666  0.002507
8507  0.000000  -0.298226  0.000000  0.220704  -0.220689  0.002507
8508  0.000000  -0.298258  0.000000  0.220727  -0.220713  0.002506
8509  0.000000  -0.298290  0.000000  0.220751  -0.220737  0.002505
8510  0.000000  -0.298323  0.000000  0.220775  -0.220760  0.002504
8511  0.000000  -0.298355  0.000000  0.220798  -0.220784  0.002504
8512  0.000000  -0.298387  0.000000  0.220822  -0.220807  0.002503
8513  0.000000  -0.298419  0.000000  0.220845  -0.220831  0.002502
8514  0.000000  -0.298451  0.000000  0.220868  -0.220854  0.002502
8515  0.000000  -0.298483  0.000000  0.220892  -0.220878  0.002501
8516  0.000000  -0.298515  0.000000  0.220915  -0.220901  0.002500
8517  0.000000  -0.298547  0.000000  0.220938  -0.220924  0.002500
8518  0.000000  -0.298579  0.000000  0.220962  -0.220947  0.002499
8519  0.000000  -0.298611  0.000000  0.220985  -0.220971  0.002498
8520  0.000000  -0.298643  0.000000  0.221008  -0.220994  0.002498
8521  0.000000  -0.298675  0.000000  0.221031  -0.221017  0.002497
8522  0.000000  -0.298706  0.000000  0.221054  -0.221040  0.002496
8523  0.000000  -0.298738  0.000000  0.221077  -0.221063  0.002496
8524  0.000000  -0.298769  0.000000  0.221100  -0.221086  0.002495
8525  0.000000  -0.298801  0.000000  0.221123  -0.221109  0.002494
8526  0.000000  -0.298832  0.000000  0.221146  -0.221132  0.002493
8527  0.000000  -0.298864  0.000000  0.221169  -0.221155  0.002493
8528  0.000000  -0.298895  0.000000  0.221192  -0.221178  0.002492
8529  0.000000  -0.298926  0.000000  0.221215  -0.221201  0.002491
8530  0.000000  -0.298958  0.000000  0.221237  -0.221223  0.002491
8531  0.000000  -0.298989  0.000000  0.221260  -0.221246  0.002490
8532  0.000000  -0.299020  0.000000  0.221283  -0.221269  0.002489
8533  0.000000  -0.299051  0.000000  0.221306  -0.221292  0.002489
8534  0.000000  -0.299082  0.000000  0.221328  -0.221314  0.002488
8535  0.000000  -0.299113  0.000000  0.221351  -0.221337  0.002487
8536  0.000000  -0.299144  0.000000  0.221373  -0.221359  0.002487
8537  0.000000  -0.299175  0.000000  0.221396  -0.221382  0.002486
8538  0.000000  -0.299205  0.000000  0.221418  -0.221404  0.002485
8539  0.000000  -0.299236  0.000000  0.221441  -0.221427  0.002485
8540  0.000000  -0.299267  0.000000  0.221463  -0.221449  0.002484
8541  0.000000  -0.299298  0.000000  0.221485  -0.221471  0.002483
8542  0.000000  -0.299328  0.000000  0.221508  -0.221494  0.002483
8543  0.000000  -0.299359  0.000000  0.221530  -0.221516  0.002482
8544  0.000000  -0.299389  0.000000  0.221552  -0.221538  0.002481
8545  0.000000  -0.299420  0.000000  0.221574  -0.221560  0.002481
8546  0.000000  -0.299450  0.000000  0.221596  -0.221583  0.002480
8547  0.000000  -0.299480  0.000000  0.221619  -0.221605  0.002479
8548  0.000000  -0.299510  0.000000  0.221641  -0.221627  0.002479
8549  0.000000  -0.299541  0.000000  0.221663  -0.221649  0.002478
8550  0.000000  -0.299571  0.000000  0.221685  -0.221671  0.002478
8551  0.000000  -0.299601  0.000000  0.221707  -0.221693  0.002477
8552  0.000000  -0.299631  0.000000  0.221729  -0.221715  0.002476
8553  0.000000  -0.299661  0.000000  0.221750  -0.221737  0.002476
8554  0.000000  -0.299691  0.000000  0.221772  -0.221758  0.002475
8555  0.000000  -0.299721  0.000000  0.221794  -0.221780  0.002474
8556  0.000000  -0.299751  0.000000  0.221816  -0.221802  0.002474
8557  0.000000  -0.299780  0.000000  0.221838  -0.221824  0.002473
8558  0.000000  -0.299810  0.000000  0.221859  -0.221845  0.002472
8559  0.000000  -0.299840  0.000000  0.221881  -0.221867  0.002472
8560  0.000000  -0.299869  0.000000  0.221902  -0.221889  0.002471
8561  0.000000  -0.299899  0.000000  0.221924  -0.221910  0.002470
8562  0.000000  -0.299928  0.000000  0.221946  -0.221932  0.002470
8563  0.000000  -0.299958  0.000000  0.221967  -0.221953  0.002469
8564  0.000000  -0.299987  0.000000  0.221988  -0.221975  0.002469
8565  0.000000  -0.300017  0.000000  0.222010  -0.221996  0.002468
8566  0.000000  -0.300046  0.000000  0.222031  -0.222018  0.002467
8567  0.000000  -0.300075  0.000000  0.222053  -0.222039  0.002467
8568  0.000000  -0.300104  0.000000  0.222074  -0.222060  0.002466
8569  0.000000  -0.300133  0.000000  0.222095  -0.222081  0.002465
8570  0.000000  -0.300162  0.000000  0.222116  -0.222103  0.002465
8571  0.000000  -0.300191  0.000000  0.222137  -0.222124  0.002464
8572  0.000000  -0.300220  0.000000  0.222159  -0.222145  0.002464
8573  0.000000  -0.300249  0.000000  0.222180  -0.222166  0.002463
8574  0.000000  -0.300278  0.000000  0.222201  -0.222187  0.002462
8575  0.000000  -0.300307  0.000000  0.222222  -0.222208  0.002462
8576  0.000000  -0.300336  0.000000  0.222243  -0.222229  0.002461
8577  0.000000  -0.300364  0.000000  0.222264  -0.222250  0.002460
8578  0.000000  -0.300393  0.000000  0.222284  -0.222271  0.002460
8579  0.000000  -0.300422  0.000000  0.222305  -0.222292  0.002459
8580  0.000000  -0.300450  0.000000  0.222326  -0.222313  0.002459
8581  0.000000  -0.300479  0.000000  0.222347  -0.222333  0.002458
8582  0.000000  -0.300507  0.000000  0.222368  -0.222354  0.002457
8583  0.000000  -0.300535  0.000000  0.222388  -0.222375  0.002457
8584  0.000000  -0.300564  0.000000  0.222409  -0.222395  0.002456
8585  0.000000  -0.300592  0.000000  0.222430  -0.222416  0.002456
8586  0.000000  -0.300620  0.000000  0.222450  -0.222437  0.002455
8587  0.000000  -0.300648  0.000000  0.222471  -0.222457  0.002454
8588  0.000000  -0.300676  0.000000  0.222491  -0.222478  0.002454
8589  0.000000  -0.300704  0.000000  0.222512  -0.222498  0.002453
8590  0.000000  -0.300732  0.000000  0.222532  -0.222519  0.002453
8591  0.000000  -0.300760  0.000000  0.222552  -0.222539  0.002452
8592  0.000000  -0.300788  0.000000  0.222573  -0.222559  0.002451
8593  0.000000  -0.300816  0.000000  0.222593  -0.222580  0.002451
8594  0.000000  -0.300844  0.000000  0.222613  -0.222600  0.002450
8595  0.000000  -0.300871  0.000000  0.222634  -0.222620  0.002450
8596  0.000000  -0.300899  0.000000  0.222654  -0.222640  0.002449
8597  0.000000  -0.300927  0.000000  0.222674  -0.222660  0.002448
8598  0.000000  -0.300954  0.000000  0.222694  -0.222681  0.002448
8599  0.000000  -0.300982  0.000000  0.222714  -0.222701  0.002447
8600  0.000000  -0.301009  0.000000  0.222734  -0.222721  0.002447
8601  0.000000  -0.301036  0.000000  0.222754  -0.222741  0.002446
8602  0.000000  -0.301064  0.000000  0.222774  -0.222761  0.002445
8603  0.000000  -0.301091  0.000000  0.222794  -0.222781  0.002445
8604  0.000000  -0.301118  0.000000  0.222814  -0.222800  0.002444
8605  0.000000  -0.301145  0.000000  0.222834  -0.222820  0.002444
8606  0.000000  -0.301173  0.000000  0.222853  -0.222840  0.002443
8607  0.000000  -0.301200  0.000000  0.222873  -0.222860  0.002443
8608  0.000000  -0.301227  0.000000  0.222893  -0.222880  0.002442
8609  0.000000  -0.301254  0.000000  0.222913  -0.222899  0.002441
8610  0.000000  -0.301280  0.000000  0.222932  -0.222919  0.002441
8611  0.000000  -0.301307  0.000000  0.222952  -0.222938  0.002440
8612  0.000000  -0.301334  0.000000  0.222971  -0.222958  0.002440
8613  0.000000  -0.301361  0.000000  0.222991  -0.222978  0.002439
8614  0.000000  -0.301387  0.000000  0.223010  -0.222997  0.002439
8615  0.000000  -0.301414  0.000000  0.223030  -0.223016  0.002438
8616  0.000000  -0.301441  0.000000  0.223049  -0.223036  0.002437
8617  0.000000  -0.301467  0.000000  0.223068  -0.223055  0.002437
8618  0.000000  -0.301494  0.000000  0.223088  -0.223075  0.002436
8619  0.000000  -0.301520  0.000000  0.223107  -0.223094  0.002436
8620  0.000000  -0.301546  0.000000  0.223126  -0.223113  0.002435
8621  0.000000  -0.301573  0.000000  0.223146  -0.223132  0.002435
8622  0.000000  -0.301599  0.000000  0.223165  -0.223151  0.002434
8623  0.000000  -0.301625  0.000000  0.223184  -0.223171  0.002433
8624  0.000000  -0.301651  0.000000  0.223203  -0.223190  0.002433
8625  0.000000  -0.301677  0.000000  0.223222  -0.223209  0.002432
8626  0.000000  -0.301703  0.000000  0.223241  -0.223228  0.002432
8627  0.000000  -0.301729  0.000000  0.223260  -0.223247  0.002431
8628  0.000000  -0.301755  0.000000  0.223279  -0.223266  0.002431
8629  0.000000  -0.301781  0.000000  0.223298  -0.223284  0.002430
8630  0.000000  -0.301807  0.000000  0.223316  -0.223303  0.002430
8631  0.000000  -0.301833  0.000000  0.223335  -0.223322  0.002429
8632  0.000000  -0.301858  0.000000  0.223354  -0.223341  0.002429
8633  0.000000  -0.301884  0.000000  0.223373  -0.223360  0.002428
8634  0.000000  -0.301909  0.000000  0.223391  -0.223378  0.002427
8635  0.000000  -0.301935  0.000000  0.223410  -0.223397  0.002427
8636  0.000000  -0.301960  0.000000  0.223429  -0.223416  0.002426
8637  0.000000  -0.301986  0.000000  0.223447  -0.223434  0.002426
8638  0.000000  -0.302011  0.000000  0.223466  -0.223453  0.002425
8639  0.000000  -0.302037  0.000000  0.223484  -0.223471  0.002425
8640  0.000000  -0.302062  0.000000  0.223503  -0.223490  0.002424
8641  0.000000  -0.302087  0.000000  0.223521  -0.223508  0.002424
8642  0.000000  -0.302112  0.000000  0.223539  -0.223526  0.002423
8643  0.000000  -0.302137  0.000000  0.223558  -0.223545  0.002423
8644  0.000000  -0.302162  0.000000  0.223576  -0.223563  0.002422
8645  0.000000  -0.302187  0.000000  0.223594  -0.223581  0.002421
8646  0.000000  -0.302212  0.000000  0.223613  -0.223599  0.002421
8647  0.000000  -0.302237  0.000000  0.223631  -0.223618  0.002420
8648  0.000000  -0.302262  0.000000  0.223649  -0.223636  0.002420
8649  0.000000  -0.302287  0.000000  0.223667  -0.223654  0.002419
8650  0.000000  -0.302311  0.000000  0.223685  -0.223672  0.002419
8651  0.000000  -0.302336  0.000000  0.223703  -0.223690  0.002418
8652  0.000000  -0.302361  0.000000  0.223721  -0.223708  0.002418
8653  0.000000  -0.302385  0.000000  0.223739  -0.223726  0.002417
8654  0.000000  -0.302410  0.000000  0.223757  -0.223744  0.002417
8655  0.000000  -0.302434  0.000000  0.223775  -0.223762  0.002416
8656  0.000000  -0.302459  0.000000  0.223792  -0.223779  0.002416
8657  0.000000  -0.302483  0.000000  0.223810  -0.223797  0.002415
8658  0.000000  -0.302507  0.000000  0.223828  -0.223815  0.002415
8659  0.000000  -0.302531  0.000000  0.223846  -0.223833  0.002414
8660  0.000000  -0.302556  0.000000  0.223863  -0.223850  0.002414
8661  0.000000  -0.302580  0.000000  0.223881  -0.223868  0.002413
8662  0.000000  -0.302604  0.000000  0.223898  -0.223885  0.002413
8663  0.000000  -0.302628  0.000000  0.223916  -0.223903  0.002412
8664  0.000000  -0.302652  0.000000  0.223933  -0.223920  0.002412
8665  0.000000  -0.302676  0.000000  0.223951  -0.223938  0.002411
8666  0.000000  -0.302699  0.000000  0.223968  -0.223955  0.002411
8667  0.000000  -0.302723  0.000000  0.223986  -0.223973  0.002410
8668  0.000000  -0.302747  0.000000  0.224003  -0.223990  0.002410
8669  0.000000  -0.302771  0.000000  0.224020  -0.224007  0.002409
8670  0.000000  -0.302794  0.000000  0.224038  -0.224025  0.002409
8671  0.000000  -0.302818  0.000000  0.224055  -0.224042  0.002408
8672  0.000000  -0.302841  0.000000  0.224072  -0.224059  0.002408
8673  0.000000  -0.302865  0.000000  0.224089  -0.224076  0.002407
8674  0.000000  -0.302888  0.000000  0.224106  -0.224093  0.002407
8675  0.000000  -0.302912  0.000000  0.224123  -0.224110  0.002406
8676  0.000000  -0.302935  0.000000  0.224140  -0.224127  0.002406
8677  0.000000  -0.302958  0.000000  0.224157  -0.224144  0.002405
8678  0.000000  -0.302981  0.000000  0.224174  -0.224161  0.002405
8679  0.000000  -0.303004  0.000000  0.224191  -0.224178  0.002404
8680  0.000000  -0.303027  0.000000  0.224208  -0.224195  0.002404
8681  0.000000  -0.303050  0.000000  0.224225  -0.224212  0.002403
8682  0.000000  -0.303073  0.000000  0.224241  -0.224229  0.002403
8683  0.000000  -0.303096  0.000000  0.224258  -0.224245  0.002402
8684  0.000000  -0.303119  0.000000  0.224275  -0.224262  0.002402
8685  0.000000  -0.303142  0.000000  0.224292  -0.224279  0.002401
8686  0.000000  -0.303165  0.000000  0.224308  -0.224295  0.002401
8687  0.000000  -0.303187  0.000000  0.224325  -0.224312  0.002400
8688  0.000000  -0.303210  0.000000  0.224341  -0.224328  0.002400
8689  0.000000  -0.303233  0.000000  0.224358  -0.224345  0.002399
8690  0.000000  -0.303255  0.000000  0.224374  -0.224361  0.002399
8691  0.000000  -0.303278  0.000000  0.224391  -0.224378  0.002398
8692  0.000000  -0.303300  0.000000  0.224407  -0.224394  0.002398
8693  0.000000  -0.303322  0.000000  0.224423  -0.224411  0.002397
8694  0.000000  -0.303345  0.000000  0.224440  -0.224427  0.002397
8695  0.000000  -0.303367  0.000000  0.224456  -0.224443  0.002396
8696  0.000000  -0.303389  0.000000  0.224472  -0.224459  0.002396
8697  0.000000  -0.303411  0.000000  0.224488  -0.224476  0.002395
8698  0.000000  -0.303433  0.000000  0.224505  -0.224492  0.002395
8699  0.000000  -0.303455  0.000000  0.224521  -0.224508  0.002395
8700  0.000000  -0.303477  0.000000  0.224537  -0.224524  0.002394
8701  0.000000  -0.303499  0.000000  0.224553  -0.224540  0.002394
8702  0.000000  -0.303521  0.000000  0.224569  -0.224556  0.002393
8703  0.000000  -0.303543  0.000000  0.224585  -0.224572  0.002393
8704  0.000000  -0.303565  0.000000  0.224601  -0.224588  0.002392
8705  0.000000  -0.303587  0.000000  0.224616  -0.224604  0.002392
8706  0.000000  -0.303608  0.000000  0.224632  -0.224619  0.002391
8707  0.000000  -0.303630  0.000000  0.224648  -0.224635  0.002391
8708  0.000000  -0.303651  0.000000  0.224664  -0.224651  0.002390
8709  0.000000  -0.303673  0.000000  0.224679  -0.224667  0.002390
8710  0.000000  -0.303694  0.000000  0.224695  -0.224682  0.002389
8711  0.000000  -0.303716  0.000000  0.224711  -0.224698  0.002389
8712  0.000000  -0.303737  0.000000  0.224726  -0.224714  0.002389
8713  0.000000  -0.303758  0.000000  0.224742  -0.224729  0.002388
8714  0.000000  -0.303779  0.000000  0.224757  -0.224745  0.002388
8715  0.000000  -0.303801  0.000000  0.224773  -0.224760  0.002387
8716  0.000000  -0.303822  0.000000  0.224788  -0.224776  0.002387
8717  0.000000  -0.303843  0.000000  0.224804  -0.224791  0.002386
8718  0.000000  -0.303864  0.000000  0.224819  -0.224806  0.002386
8719  0.000000  -0.303885  0.000000  0.224834  -0.224822  0.002385
8720  0.000000  -0.303906  0.000000  0.224850  -0.224837  0.002385
8721  0.000000  -0.303926  0.000000  0.224865  -0.224852  0.002385
8722  0.000000  -0.303947  0.000000  0.224880  -0.224867  0.002384
8723  0.000000  -0.303968  0.000000  0.224895  -0.224882  0.002384
8724  0.000000  -0.303989  0.000000  0.224910  -0.224898  0.002383
8725  0.000000  -0.304009  0.000000  0.224925  -0.224913  0.002383
8726  0.000000  -0.304030  0.000000  0.224940  -0.224928  0.002382
8727  0.000000  -0.304050  0.000000  0.224955  -0.224943  0.002382
8728  0.000000  -0.304071  0.000000  0.224970  -0.224958  0.002381
8729  0.000000  -0.304091  0.000000  0.224985  -0.224972  0.002381
8730  0.000000  -0.304111  0.000000  0.225000  -0.224987  0.002381
8731  0.000000  -0.304132  0.000000  0.225015  -0.225002  0.002380
8732  0.000000  -0.304152  0.000000  0.225030  -0.225017  0.002380
8733  0.000000  -0.304172  0.000000  0.225044  -0.225032  0.002379
8734  0.000000  -0.304192  0.000000  0.225059  -0.225046  0.002379
8735  0.000000  -0.304212  0.000000  0.225074  -0.225061  0.002378
8736  0.000000  -0.304232  0.000000  0.225088  -0.225076  0.002378
8737  0.000000  -0.304252  0.000000  0.225103  -0.225090  0.002378
8738  0.000000  -0.304272  0.000000  0.225117  -0.225105  0.002377
8739  0.000000  -0.304292  0.000000  0.225132  -0.225119  0.002377
8740  0.000000  -0.304312  0.000000  0.225146  -0.225134  0.002376
8741  0.000000  -0.304332  0.000000  0.225161  -0.225148  0.002376
8742  0.000000  -0.304351  0.000000  0.225175  -0.225163  0.002376
8743  0.000000  -0.304371  0.000000  0.225190  -0.225177  0.002375
8744  0.000000  -0.304390  0.000000  0.225204  -0.225191  0.002375
8745  0.000000  -0.304410  0.000000  0.225218  -0.225206  0.002374
8746  0.000000  -0.304429  0.000000  0.225232  -0.225220  0.002374
8747  0.000000  -0.304449  0.000000  0.225247  -0.225234  0.002373
8748  0.000000  -0.304468  0.000000  0.225261  -0.225248  0.002373
8749  0.000000  -0.304487  0.000000  0.225275  -0.225262  0.002373
8750  0.000000  -0.304507  0.000000  0.225289  -0.225276  0.002372
8751  0.000000  -0.304526  0.000000  0.225303  -0.225290  0.002372
8752  0.000000  -0.304545  0.000000  0.225317  -0.225304  0.002371
8753  0.000000  -0.304564  0.000000  0.225331  -0.225318  0.002371
8754  0.000000  -0.304583  0.000000  0.225345  -0.225332  0.002371
8755  0.000000  -0.304602  0.000000  0.225359  -0.225346  0.002370
8756  0.000000  -0.304621  0.000000  0.225372  -0.225360  0.002370
8757  0.000000  -0.304640  0.000000  0.225386  -0.225374  0.002369
8758  0.000000  -0.304659  0.000000  0.225400  -0.225387  0.002369
8759  0.000000  -0.304677  0.000000  0.225414  -0.225401  0.002369
8760  0.000000  -0.304696  0.000000  0.225427  -0.225415  0.002368
8761  0.000000  -0.304715  0.000000  0.225441  -0.225428  0.002368
8762  0.000000  -0.304733  0.000000  0.225455  -0.225442  0.002367
8763  0.000000  -0.304752  0.000000  0.225468  -0.225456  0.002367
8764  0.000000  -0.304770  0.000000  0.225482  -0.225469  0.002367
8765  0.000000  -0.304789  0.000000  0.225495  -0.225483  0.002366
8766  0.000000  -0.304807  0.000000  0.225508  -0.225496  0.002366
8767  0.000000  -0.304825  0.000000  0.225522  -0.225509  0.002366
8768  0.000000  -0.304844  0.000000  0.225535  -0.225523  0.002365
8769  0.000000  -0.304862  0.000000  0.225548  -0.225536  0.002365
8770  0.000000  -0.304880  0.000000  0.225562  -0.225549  0.002364
8771  0.000000  -0.304898  0.000000  0.225575  -0.225563  0.002364
8772  0.000000  -0.304916  0.000000  0.225588  -0.225576  0.002364
8773  0.000000  -0.304934  0.000000  0.225601  -0.225589  0.002363
8774  0.000000  -0.304952  0.000000  0.225614  -0.225602  0.002363
8775  0.000000  -0.304970  0.000000  0.225627  -0.225615  0.002362
8776  0.000000  -0.304988  0.000000  0.225641  -0.225628  0.002362
8777  0.000000  -0.305006  0.000000  0.225654  -0.225641  0.002362
8778  0.000000  -0.305023  0.000000  0.225666  -0.225654  0.002361
8779  0.000000  -0.305041  0.000000  0.225679  -0.225667  0.002361
8780  0.000000  -0.305059  0.000000  0.225692  -0.225680  0.002361
8781  0.000000  -0.305076  0.000000  0.225705  -0.225693  0.002360
8782  0.000000  -0.305094  0.000000  0.225718  -0.225705  0.002360
8783  0.000000  -0.305111  0.000000  0.225731  -0.225718  0.002359
8784  0.000000  -0.305128  0.000000  0.225743  -0.225731  0.002359
8785  0.000000  -0.305146  0.000000  0.225756  -0.225744  0.002359
8786  0.000000  -0.305163  0.000000  0.225769  -0.225756  0.002358
8787  0.000000  -0.305180  0.000000  0.225781  -0.225769  0.002358
8788  0.000000  -0.305197  0.000000  0.225794  -0.225781  0.002358
8789  0.000000  -0.305214  0.000000  0.225806  -0.225794  0.002357
8790  0.000000  -0.305231  0.000000  0.225819  -0.225806  0.002357
8791  0.000000  -0.305248  0.000000  0.225831  -0.225819  0.002357
8792  0.000000  -0.305265  0.000000  0.225843  -0.225831  0.002356
8793  0.000000  -0.305282  0.000000  0.225856  -0.225844  0.002356
8794  0.000000  -0.305299  0.000000  0.225868  -0.225856  0.002356
8795  0.000000  -0.305316  0.000000  0.225880  -0.225868  0.002355
8796  0.000000  -0.305333  0.000000  0.225893  -0.225880  0.002355
8797  0.000000  -0.305349  0.000000  0.225905  -0.225893  0.002354
8798  0.000000  -0.305366  0.000000  0.225917  -0.225905  0.002354
8799  0.000000  -0.305382  0.000000  0.225929  -0.225917  0.002354
8800  0.000000  -0.305399  0.000000  0.225941  -0.225929  0.002353
8801  0.000000  -0.305415  0.000000  0.225953  -0.225941  0.002353
8802  0.000000  -0.305432  0.000000  0.225965  -0.225953  0.002353
8803  0.000000  -0.305448  0.000000  0.225977  -0.225965  0.002352
8804  0.000000  -0.305464  0.000000  0.225989  -0.225977  0.002352
8805  0.000000  -0.305481  0.000000  0.226001  -0.225989  0.002352
8806  0.000000  -0.305497  0.000000  0.226013  -0.226000  0.002351
8807  0.000000  -0.305513  0.000000  0.226024  -0.226012  0.002351
8808  0.000000  -0.305529  0.000000  0.226036  -0.226024  0.002351
8809  0.000000  -0.305545  0.000000  0.226048  -0.226036  0.002350
8810  0.000000  -0.305561  0.000000  0.226060  -0.226047  0.002350
8811  0.000000  -0.305577  0.000000  0.226071  -0.226059  0.002350
8812  0.000000  -0.305593  0.000000  0.226083  -0.226071  0.002349
8813  0.000000  -0.305608  0.000000  0.226094  -0.226082  0.002349
8814  0.000000  -0.305624  0.000000  0.226106  -0.226094  0.002349
8815  0.000000  -0.305640  0.000000  0.226117  -0.226105  0.002348
8816  0.000000  -0.305655  0.000000  0.226129  -0.226116  0.002348
8817  0.000000  -0.305671  0.000000  0.226140  -0.226128  0.002348
8818  0.000000  -0.305687  0.000000  0.226151  -0.226139  0.002347
8819  0.000000  -0.305702  0.000000  0.226163  -0.226151  0.002347
8820  0.000000  -0.305717  0.000000  0.226174  -0.226162  0.002347
8821  0.000000  -0.305733  0.000000  0.226185  -0.226173  0.002346
8822  0.000000  -0.305748  0.000000  0.226196  -0.226184  0.002346
8823  0.000000  -0.305763  0.000000  0.226208  -0.226195  0.002346
8824  0.000000  -0.305778  0.000000  0.226219  -0.226206  0.002345
8825  0.000000  -0.305794  0.000000  0.226230  -0.226218  0.002345
8826  0.000000  -0.305809  0.000000  0.226241  -0.226229  0.002345
8827  0.000000  -0.305824  0.000000  0.226252  -0.226240  0.002344
8828  0.000000  -0.305839  0.000000  0.226263  -0.226250  0.002344
8829  0.000000  -0.305853  0.000000  0.226274  -0.226261  0.002344
8830  0.000000  -0.305868  0.000000  0.226284  -0.226272  0.002344
8831  0.000000  -0.305883  0.000000  0.226295  -0.226283  0.002343
8832  0.000000  -0.305898  0.000000  0.226306  -0.226294  0.002343
8833  0.000000  -0.305913  0.000000  0.226317  -0.226305  0.002343
8834  0.000000  -0.305927  0.000000  0.226327  -0.226315  0.002342
8835  0.000000  -0.305942  0.000000  0.226338  -0.226326  0.002342
8836  0.000000  -0.305956  0.000000  0.226349  -0.226337  0.002342
8837  0.000000  -0.305971  0.000000  0.226359  -0.226347  0.002341
8838  0.000000  -0.305985  0.000000  0.226370  -0.226358  0.002341
8839  0.000000  -0.306000  0.000000  0.226380  -0.226368  0.002341
8840  0.000000  -0.306014  0.000000  0.226391  -0.226379  0.002340
8841  0.000000  -0.306028  0.000000  0.226401  -0.226389  0.002340
8842  0.000000  -0.306042  0.000000  0.226412  -0.226399  0.002340
8843  0.000000  -0.306056  0.000000  0.226422  -0.226410  0.002340
8844  0.000000  -0.306070  0.000000  0.226432  -0.226420  0.002339
8845  0.000000  -0.306084  0.000000  0.226442  -0.226430  0.002339
8846  0.000000  -0.306098  0.000000  0.226453  -0.226441  0.002339
8847  0.000000  -0.306112  0.000000  0.226463  -0.226451  0.002338
8848  0.000000  -0.306126  0.000000  0.226473  -0.226461  0.002338
8849  0.000000  -0.306140  0.000000  0.226483  -0.226471  0.002338
8850  0.000000  -0.306154  0.000000  0.226493  -0.226481  0.002338
8851  0.000000  -0.306167  0.000000  0.226503  -0.226491  0.002337
8852  0.000000  -0.306181  0.000000  0.226513  -0.226501  0.002337
8853  0.000000  -0.306195  0.000000  0.226523  -0.226511  0.002337
8854  0.000000  -0.306208  0.000000  0.226533  -0.226521  0.002336
8855  0.000000  -0.306222  0.000000  0.226543  -0.226531  0.002336
8856  0.000000  -0.306235  0.000000  0.226553  -0.226541  0.002336
8857  0.000000  -0.306248  0.000000  0.226562  -0.226550  0.002336
8858  0.000000  -0.306262  0.000000  0.226572  -0.226560  0.002335
8859  0.000000  -0.306275  0.000000  0.226582  -0.226570  0.002335
8860  0.000000  -0.306288  0.000000  0.226591  -0.226579  0.002335
8861  0.000000  -0.306301  0.000000  0.226601  -0.226589  0.002334
8862  0.000000  -0.306314  0.000000  0.226611  -0.226599  0.002334
8863  0.000000  -0.306327  0.000000  0.226620  -0.226608  0.002334
8864  0.000000  -0.306340  0.000000  0.226630  -0.226618  0.002334
8865  0.000000  -0.306353  0.000000  0.226639  -0.226627  0.002333
8866  0.000000  -0.306366  0.000000  0.226649  -0.226637  0.002333
8867  0.000000  -0.306379  0.000000  0.226658  -0.226646  0.002333
8868  0.000000  -0.306392  0.000000  0.226667  -0.226655  0.002333
8869  0.000000  -0.306405  0.000000  0.226677  -0.226665  0.002332
8870  0.000000  -0.306417  0.000000  0.226686  -0.226674  0.002332
8871  0.000000  -0.306430  0.000000  0.226695  -0.226683  0.002332
8872  0.000000  -0.306442  0.000000  0.226704  -0.226692  0.002331
8873  0.000000  -0.306455  0.000000  0.226713  -0.226701  0.002331
8874  0.000000  -0.306467  0.000000  0.226722  -0.226710  0.002331
8875  0.000000  -0.306480  0.000000  0.226731  -0.226719  0.002331
8876  0.000000  -0.306492  0.000000  0.226740  -0.226728  0.002330
8877  0.000000  -0.306504  0.000000  0.226749  -0.226737  0.002330
8878  0.000000  -0.306516  0.000000  0.226758  -0.226746  0.002330
8879  0.000000  -0.306529  0.000000  0.226767  -0.226755  0.002330
8880  0.000000  -0.306541  0.000000  0.226776  -0.226764  0.002329
8881  0.000000  -0.306553  0.000000  0.226785  -0.226773  0.002329
8882  0.000000  -0.306565  0.000000  0.226794  -0.226782  0.002329
8883  0.000000  -0.306577  0.000000  0.226802  -0.226790  0.002329
8884  0.000000  -0.306588  0.000000  0.226811  -0.226799  0.002328
8885  0.000000  -0.306600  0.000000  0.226820  -0.226808  0.002328
8886  0.000000  -0.306612  0.000000  0.226828  -0.226816  0.002328
8887  0.000000  -0.306624  0.000000  0.226837  -0.226825  0.002328
8888  0.000000  -0.306635  0.000000  0.226845  -0.226833  0.002327
8889  0.000000  -0.306647  0.000000  0.226854  -0.226842  0.002327
8890  0.000000  -0.306659  0.000000  0.226862  -0.226850  0.002327
8891  0.000000  -0.306670  0.000000  0.226871  -0.226859  0.002327
8892  0.000000  -0.306681  0.000000  0.226879  -0.226867  0.002326
8893  0.000000  -0.306693  0.000000  0.226887  -0.226876  0.002326
8894  0.000000  -0.306704  0.000000  0.226896  -0.226884  0.002326
8895  0.000000  -0.306715  0.000000  0.226904  -0.226892  0.002326
8896  0.000000  -0.306727  0.000000  0.226912  -0.226900  0.002326
8897  0.000000  -0.306738  0.000000  0.226920  -0.226908  0.002325
8898  0.000000  -0.306749  0.000000  0.226928  -0.226917  0.002325
8899  0.000000  -0.306760  0.000000  0.226937  -0.226925  0.002325
8900  0.000000  -0.306771  0.000000  0.226945  -0.226933  0.002325
8901  0.000000  -0.306782  0.000000  0.226953  -0.226941  0.002324
8902  0.000000  -0.306793  0.000000  0.226961  -0.226949  0.002324
8903  0.000000  -0.306804  0.000000  0.226968  -0.226957  0.002324
8904  0.000000  -0.306814  0.000000  0.226976  -0.226964  0.002324
8905  0.000000  -0.306825  0.000000  0.226984  -0.226972  0.002323
8906  0.000000  -0.306836  0.000000  0.226992  -0.226980  0.002323
8907  0.000000  -0.306846  0.000000  0.227000  -0.226988  0.002323
8908  0.000000  -0.306857  0.000000  0.227007  -0.226996  0.002323
8909  0.000000  -0.306867  0.000000  0.227015  -0.227003  0.002323
8910  0.000000  -0.306878  0.000000  0.227023  -0.227011  0.002322
8911  0.000000  -0.306888  0.000000  0.227030  -0.227019  0.002322
8912  0.000000  -0.306899  0.000000  0.227038  -0.227026  0.002322
8913  0.000000  -0.306909  0.000000  0.227045  -0.227034  0.002322
8914  0.000000  -0.306919  0.000000  0.227053  -0.227041  0.002321
8915  0.000000  -0.306929  0.000000  0.227060  -0.227049  0.002321
8916  0.000000  -0.306939  0.000000  0.227068  -0.227056  0.002321
8917  0.000000  -0.306949  0.000000  0.227075  -0.227063  0.002321
8918  0.000000  -0.306959  0.000000  0.227082  -0.227071  0.002321
8919  0.000000  -0.306969  0.000000  0.227090  -0.227078  0.002320
8920  0.000000  -0.306979  0.000000  0.227097  -0.227085  0.002320
8921  0.000000  -0.306989  0.000000  0.227104  -0.227092  0.002320
8922  0.000000  -0.306999  0.000000  0.227111  -0.227099  0.002320
8923  0.000000  -0.307009  0.000000  0.227118  -0.227107  0.002320
8924  0.000000  -0.307018  0.000000  0.227126  -0.227114  0.002319
8925  0.000000  -0.307028  0.000000  0.227133  -0.227121  0.002319
8926  0.000000  -0.307037  0.000000  0.227140  -0.227128  0.002319
8927  0.000000  -0.307047  0.000000  0.227147  -0.227135  0.002319
8928  0.000000  -0.307056  0.000000  0.227153  -0.227142  0.002319
8929  0.000000  -0.307066  0.000000  0.227160  -0.227148  0.002318
8930  0.000000  -0.307075  0.000000  0.227167  -0.227155  0.002318
8931  0.000000  -0.307084  0.000000  0.227174  -0.227162  0.002318
8932  0.000000  -0.307094  0.000000  0.227181  -0.227169  0.002318
8933  0.000000  -0.307103  0.000000  0.227187  -0.227176  0.002318
8934  0.000000  -0.307112  0.000000  0.227194  -0.227182  0.002317
8935  0.000000  -0.307121  0.000000  0.227201  -0.227189  0.002317
8936  0.000000  -0.307130  0.000000  0.227207  -0.227195  0.002317
8937  0.000000  -0.307139  0.000000  0.227214  -0.227202  0.002317
8938  0.000000  -0.307148  0.000000  0.227220  -0.227209  0.002317
8939  0.000000  -0.307157  0.000000  0.227227  -0.227215  0.002316
8940  0.000000  -0.307165  0.000000  0.227233  -0.227221  0.002316
8941  0.000000  -0.307174  0.000000  0.227240  -0.227228  0.002316
8942  0.000000  -0.307183  0.000000  0.227246  -0.227234  0.002316
8943  0.000000  -0.307191  0.000000  0.227252  -0.227240  0.002316
8944  0.000000  -0.307200  0.000000  0.227259  -0.227247  0.002316
8945  0.000000  -0.307209  0.000000  0.227265  -0.227253  0.002315
8946  0.000000  -0.307217  0.000000  0.227271  -0.227259  0.002315
8947  0.000000  -0.307225  0.000000  0.227277  -0.227265  0.002315
8948  0.000000  -0.307234  0.000000  0.227283  -0.227271  0.002315
8949  0.000000  -0.307242  0.000000  0.227289  -0.227278  0.002315
8950  0.000000  -0.307250  0.000000  0.227295  -0.227284  0.002315
8951  0.000000  -0.307258  0.000000  0.227301  -0.227290  0.002314
8952  0.000000  -0.307267  0.000000  0.227307  -0.227295  0.002314
8953  0.000000  -0.307275  0.000000  0.227313  -0.227301  0.002314
8954  0.000000  -0.307283  0.000000  0.227319  -0.227307  0.002314
8955  0.000000  -0.307291  0.000000  0.227325  -0.227313  0.002314
8956  0.000000  -0.307299  0.000000  0.227331  -0.227319  0.002314
8957  0.000000  -0.307306  0.000000  0.227336  -0.227325  0.002313
8958  0.000000  -0.307314  0.000000  0.227342  -0.227330  0.002313
8959  0.000000  -0.307322  0.000000  0.227348  -0.227336  0.002313
8960  0.000000  -0.307330  0.000000  0.227353  -0.227342  0.002313
8961  0.000000  -0.307337  0.000000  0.227359  -0.227347  0.002313
8962  0.000000  -0.307345  0.000000  0.227364  -0.227353  0.002313
8963  0.000000  -0.307352  0.000000  0.227370  -0.227358  0.002312
8964  0.000000  -0.307360  0.000000  0.227375  -0.227364  0.002312
8965  0.000000  -0.307367  0.000000  0.227381  -0.227369  0.002312
8966  0.000000  -0.307375  0.000000  0.227386  -0.227374  0.002312
8967  0.000000  -0.307382  0.000000  0.227392  -0.227380  0.002312
8968  0.000000  -0.307389  0.000000  0.227397  -0.227385  0.002312
8969  0.000000  -0.307396  0.000000  0.227402  -0.227390  0.002311
8970  0.000000  -0.307403  0.000000  0.227407  -0.227396  0.002311
8971  0.000000  -0.307410  0.000000  0.227413  -0.227401  0.002311
8972  0.000000  -0.307417  0.000000  0.227418  -0.227406  0.002311
8973  0.000000  -0.307424  0.000000  0.227423  -0.227411  0.002311
8974  0.000000  -0.307431  0.000000  0.227428  -0.227416  0.002311
8975  0.000000  -0.307438  0.000000  0.227433  -0.227421  0.002311
8976  0.000000  -0.307445  0.000000  0.227438  -0.227426  0.002310
8977  0.000000  -0.307452  0.000000  0.227443  -0.227431  0.002310
8978  0.000000  -0.307458  0.000000  0.227448  -0.227436  0.002310
8979  0.000000  -0.307465  0.000000  0.227452  -0.227441  0.002310
8980  0.000000  -0.307472  0.000000  0.227457  -0.227446  0.002310
8981  0.000000  -0.307478  0.000000  0.227462  -0.227450  0.002310
8982  0.000000  -0.307485  0.000000  0.227467  -0.227455  0.002310
8983  0.000000  -0.307491  0.000000  0.227471  -0.227460  0.002309
8984  0.000000  -0.307497  0.000000  0.227476  -0.227464  0.002309
8985  0.000000  -0.307504  0.000000  0.227481  -0.227469  0.002309
8986  0.000000  -0.307510  0.000000  0.227485  -0.227474  0.002309
8987  0.000000  -0.307516  0.000000  0.227490  -0.227478  0.002309
8988  0.000000  -0.307522  0.000000  0.227494  -0.227483  0.002309
8989  0.000000  -0.307528  0.000000  0.227499  -0.227487  0.002309
8990  0.000000  -0.307534  0.000000  0.227503  -0.227492  0.002309
8991  0.000000  -0.307540  0.000000  0.227508  -0.227496  0.002308
8992  0.000000  -0.307546  0.000000  0.227512  -0.227500  0.002308
8993  0.000000  -0.307552  0.000000  0.227516  -0.227504  0.002308
8994  0.000000  -0.307558  0.000000  0.227520  -0.227509  0.002308
8995  0.000000  -0.307564  0.000000  0.227525  -0.227513  0.002308
8996  0.000000  -0.307569  0.000000  0.227529  -0.227517  0.002308
8997  0.000000  -0.307575  0.000000  0.227533  -0.227521  0.002308
8998  0.000000  -0.307581  0.000000  0.227537  -0.227525  0.002308
8999  0.000000  -0.307586  0.000000  0.227541  -0.227529  0.002308
9000  0.000000  -0.307592  0.000000  0.227545  -0.227533  0.002307
9001  0.000000  -0.307597  0.000000  0.227549  -0.227537  0.002307
9002  0.000000  -0.307602  0.000000  0.227553  -0.227541  0.002307
9003  0.000000  -0.307608  0.000000  0.227557  -0.227545  0.002307
9004  0.000000  -0.307613  0.000000  0.227561  -0.227549  0.002307
9005  0.000000  -0.307618  0.000000  0.227565  -0.227553  0.002307
9006  0.000000  -0.307623  0.000000  0.227568  -0.227557  0.002307
9007  0.000000  -0.307628  0.000000  0.227572  -0.227560  0.002307
9008  0.000000  -0.307633  0.000000  0.227576  -0.227564  0.002307
9009  0.000000  -0.307638  0.000000  0.227579  -0.227568  0.002306
9010  0.000000  -0.307643  0.000000  0.227583  -0.227571  0.002306
9011  0.000000  -0.307648  0.000000  0.227586  -0.227575  0.002306
9012  0.000000  -0.307653  0.000000  0.227590  -0.227578  0.002306
9013  0.000000  -0.307658  0.000000  0.227593  -0.227582  0.002306
9014  0.000000  -0.307662  0.000000  0.227597  -0.227585  0.002306
9015  0.000000  -0.307667  0.000000  0.227600  -0.227589  0.002306
9016  0.000000  -0.307672  0.000000  0.227604  -0.227592  0.002306
9017  0.000000  -0.307676  0.000000  0.227607  -0.227595  0.002306
9018  0.000000  -0.307681  0.000000  0.227610  -0.227599  0.002306
9019  0.000000  -0.307685  0.000000  0.227614  -0.227602  0.002305
9020  0.000000  -0.307689  0.000000  0.227617  -0.227605  0.002305
9021  0.000000  -0.307694  0.000000  0.227620  -0.227608  0.002305
9022  0.000000  -0.307698  0.000000  0.227623  -0.227611  0.002305
9023  0.000000  -0.307702  0.000000  0.227626  -0.227614  0.002305
9024  0.000000  -0.307706  0.000000  0.227629  -0.227617  0.002305
9025  0.000000  -0.307710  0.000000  0.227632  -0.227620  0.002305
9026  0.000000  -0.307714  0.000000  0.227635  -0.227623  0.002305
9027  0.000000  -0.307718  0.000000  0.227638  -0.227626  0.002305
9028  0.000000  -0.307722  0.000000  0.227641  -0.227629  0.002305
9029  0.000000  -0.307726  0.000000  0.227644  -0.227632  0.002305
9030  0.000000  -0.307730  0.000000  0.227646  -0.227635  0.002305
9031  0.000000  -0.307734  0.000000  0.227649  -0.227638  0.002304
9032  0.000000  -0.307738  0.000000  0.227652  -0.227640  0.002304
9033  0.000000  -0.307741  0.000000  0.227655  -0.227643  0.002304
9034  0.000000  -0.307745  0.000000  0.227657  -0.227646  0.002304
9035  0.000000  -0.307748  0.000000  0.227660  -0.227648  0.002304
9036  0.000000  -0.307752  0.000000  0.227662  -0.227651  0.002304
9037  0.000000  -0.307755  0.000000  0.227665  -0.227653  0.002304
9038  0.000000  -0.307759  0.000000  0.227667  -0.227656  0.002304
9039  0.000000  -0.307762  0.000000  0.227670  -0.227658  0.002304
9040  0.000000  -0.307765  0.000000  0.227672  -0.227660  0.002304
9041  0.000000  -0.307768  0.000000  0.227674  -0.227663  0.002304
9042  0.000000  -0.307772  0.000000  0.227677  -0.227665  0.002304
9043  0.000000  -0.307775  0.000000  0.227679  -0.227667  0.002304
9044  0.000000  -0.307778  0.000000  0.227681  -0.227670  0.002304
9045  0.000000  -0.307781  0.000000  0.227683  -0.227672  0.002303
9046  0.000000  -0.307784  0.000000  0.227686  -0.227674  0.002303
9047  0.000000  -0.307786  0.000000  0.227688  -0.227676  0.002303
9048  0.000000  -0.307789  0.000000  0.227690  -0.227678  0.002303
9049  0.000000  -0.307792  0.000000  0.227692  -0.227680  0.002303
9050  0.000000  -0.307795  0.000000  0.227694  -0.227682  0.002303
9051  0.000000  -0.307797  0.000000  0.227696  -0.227684  0.002303
9052  0.000000  -0.307800  0.000000  0.227698  -0.227686  0.002303
9053  0.000000  -0.307803  0.000000  0.227699  -0.227688  0.002303
9054  0.000000  -0.307805  0.000000  0.227701  -0.227690  0.002303
9055  0.000000  -0.307807  0.000000  0.227703  -0.227691  0.002303
9056  0.000000  -0.307810  0.000000  0.227705  -0.227693  0.002303
9057  0.000000  -0.307812  0.000000  0.227707  -0.227695  0.002303
9058  0.000000  -0.307814  0.000000  0.227708  -0.227697  0.002303
9059  0.000000  -0.307817  0.000000  0.227710  -0.227698  0.002303
9060  0.000000  -0.307819  0.000000  0.227711  -0.227700  0.002303
9061  0.000000  -0.307821  0.000000  0.227713  -0.227701  0.002303
9062  0.000000  -0.307823  0.000000  0.227714  -0.227703  0.002303
9063  0.000000  -0.307825  0.000000  0.227716  -0.227704  0.002303
9064  0.000000  -0.307827  0.000000  0.227717  -0.227706  0.002302
9065  0.000000  -0.307829  0.000000  0.227719  -0.227707  0.002302
9066  0.000000  -0.307831  0.000000  0.227720  -0.227708  0.002302
9067  0.000000  -0.307832  0.000000  0.227721  -0.227710  0.002302
9068  0.000000  -0.307834  0.000000  0.227723  -0.227711  0.002302
9069  0.000000  -0.307836  0.000000  0.227724  -0.227712  0.002302
9070  0.000000  -0.307837  0.000000  0.227725  -0.227713  0.002302
9071  0.000000  -0.307839  0.000000  0.227726  -0.227714  0.002302
9072  0.000000  -0.307840  0.000000  0.227727  -0.227716  0.002302
9073  0.000000  -0.307842  0.000000  0.227728  -0.227717  0.002302
9074  0.000000  -0.307843  0.000000  0.227729  -0.227718  0.002302
9075  0.000000  -0.307845  0.000000  0.227730  -0.227719  0.002302
9076  0.000000  -0.307846  0.000000  0.227731  -0.227719  0.002302
9077  0.000000  -0.307847  0.000000  0.227732  -0.227720  0.002302
9078  0.000000  -0.307848  0.000000  0.227733  -0.227721  0.002302
9079  0.000000  -0.307849  0.000000  0.227734  -0.227722  0.002302
9080  0.000000  -0.307850  0.000000  0.227734  -0.227723  0.002302
9081  0.000000  -0.307851  0.000000  0.227735  -0.227724  0.002302
9082  0.000000  -0.307852  0.000000  0.227736  -0.227724  0.002302
9083  0.000000  -0.307853  0.000000  0.227737  -0.227725  0.002302
9084  0.000000  -0.307854  0.000000  0.227737  -0.227725  0.002302
9085  0.000000  -0.307855  0.000000  0.227738  -0.227726  0.002302
9086  0.000000  -0.307855  0.000000  0.227738  -0.227727  0.002302
9087  0.000000  -0.307856  0.000000  0.227739  -0.227727  0.002302
9088  0.000000  -0.307857  0.000000  0.227739  -0.227728  0.002302
9089  0.000000  -0.307857  0.000000  0.227740  -0.227728  0.002302
9090  0.000000  -0.307858  0.000000  0.227740  -0.227728  0.002302
9091  0.000000  -0.307858  0.000000  0.227740  -0.227729  0.002302
9092  0.000000  -0.307859  0.000000  0.227741  -0.227729  0.002302
9093  0.000000  -0.307859  0.000000  0.227741  -0.227729  0.002302
9094  0.000000  -0.307859  0.000000  0.227741  -0.227729  0.002302
9095  0.000000  -0.307859  0.000000  0.227741  -0.227729  0.002302
9096  0.000000  -0.307860  0.000000  0.227741  -0.227730  0.002302
9097  0.000000  -0.307860  0.000000  0.227741  -0.227730  0.002302
9098  0.000000  -0.307860  0.000000  0.227741  -0.227730  0.002302
9099  0.000000  -0.307860  0.000000  0.227741  -0.227730  0.002302

H=10.000000, T=0.500000, L_S=5.000000, L_F=0.500000, L_S1=0.200000, L_F1=0.600000, L_S2=2.800000, Gb_FS=0.300000, ksi_F=1.000000, ro_F=1.000000, R0A=0.300000, Nmid=1000
