0  0.000000  1.638940  0.000000  1.153091  1.151476  0.061007
1  0.000000  1.638940  0.000000  1.153091  1.151476  0.061007
2  0.000000  1.638940  0.000000  1.153091  1.151476  0.061007
3  0.000000  1.638940  0.000000  1.153090  1.151475  0.061007
4  0.000000  1.638939  0.000000  1.153090  1.151475  0.061007
5  0.000000  1.638939  0.000000  1.153089  1.151474  0.061007
6  0.000000  1.638939  0.000000  1.153088  1.151473  0.061007
7  0.000000  1.638939  0.000000  1.153087  1.151472  0.061007
8  0.000000  1.638938  0.000000  1.153086  1.151471  0.061007
9  0.000000  1.638938  0.000000  1.153084  1.151469  0.061007
10  0.000000  1.638937  0.000000  1.153082  1.151467  0.061007
11  0.000000  1.638937  0.000000  1.153081  1.151466  0.061007
12  0.000000  1.638936  0.000000  1.153079  1.151464  0.061007
13  0.000000  1.638936  0.000000  1.153076  1.151461  0.061008
14  0.000000  1.638935  0.000000  1.153074  1.151459  0.061008
15  0.000000  1.638934  0.000000  1.153071  1.151456  0.061008
16  0.000000  1.638934  0.000000  1.153069  1.151453  0.061008
17  0.000000  1.638933  0.000000  1.153066  1.151450  0.061008
18  0.000000  1.638932  0.000000  1.153062  1.151447  0.061009
19  0.000000  1.638931  0.000000  1.153059  1.151444  0.061009
20  0.000000  1.638930  0.000000  1.153056  1.151440  0.061009
21  0.000000  1.638929  0.000000  1.153052  1.151437  0.061009
22  0.000000  1.638928  0.000000  1.153048  1.151433  0.061010
23  0.000000  1.638927  0.000000  1.153044  1.151429  0.061010
24  0.000000  1.638926  0.000000  1.153040  1.151424  0.061010
25  0.000000  1.638925  0.000000  1.153035  1.151420  0.061011
26  0.000000  1.638924  0.000000  1.153031  1.151415  0.061011
27  0.000000  1.638922  0.000000  1.153026  1.151410  0.061011
28  0.000000  1.638921  0.000000  1.153021  1.151405  0.061012
29  0.000000  1.638920  0.000000  1.153016  1.151400  0.061012
30  0.000000  1.638918  0.000000  1.153010  1.151395  0.061013
31  0.000000  1.638917  0.000000  1.153005  1.151389  0.061013
32  0.000000  1.638915  0.000000  1.152999  1.151383  0.061013
33  0.000000  1.638913  0.000000  1.152993  1.151377  0.061014
34  0.000000  1.638912  0.000000  1.152987  1.151371  0.061014
35  0.000000  1.638910  0.000000  1.152981  1.151365  0.061015
36  0.000000  1.638908  0.000000  1.152974  1.151358  0.061015
37  0.000000  1.638907  0.000000  1.152967  1.151352  0.061016
38  0.000000  1.638905  0.000000  1.152961  1.151345  0.061016
39  0.000000  1.638903  0.000000  1.152953  1.151338  0.061017
40  0.000000  1.638901  0.000000  1.152946  1.151330  0.061017
41  0.000000  1.638899  0.000000  1.152939  1.151323  0.061018
42  0.000000  1.638897  0.000000  1.152931  1.151315  0.061019
43  0.000000  1.638895  0.000000  1.152923  1.151308  0.061019
44  0.000000  1.638893  0.000000  1.152915  1.151300  0.061020
45  0.000000  1.638891  0.000000  1.152907  1.151291  0.061020
46  0.000000  1.638888  0.000000  1.152899  1.151283  0.061021
47  0.000000  1.638886  0.000000  1.152890  1.151274  0.061022
48  0.000000  1.638884  0.000000  1.152882  1.151266  0.061022
49  0.000000  1.638881  0.000000  1.152873  1.151257  0.061023
50  0.000000  1.638879  0.000000  1.152864  1.151248  0.061024
51  0.000000  1.638876  0.000000  1.152855  1.151238  0.061024
52  0.000000  1.638874  0.000000  1.152845  1.151229  0.061025
53  0.000000  1.638871  0.000000  1.152835  1.151219  0.061026
54  0.000000  1.638869  0.000000  1.152826  1.151209  0.061027
55  0.000000  1.638866  0.000000  1.152816  1.151199  0.061027
56  0.000000  1.638863  0.000000  1.152805  1.151189  0.061028
57  0.000000  1.638860  0.000000  1.152795  1.151178  0.061029
58  0.000000  1.638858  0.000000  1.152784  1.151168  0.061030
59  0.000000  1.638855  0.000000  1.152774  1.151157  0.061031
60  0.000000  1.638852  0.000000  1.152763  1.151146  0.061031
61  0.000000  1.638849  0.000000  1.152752  1.151135  0.061032
62  0.000000  1.638846  0.000000  1.152740  1.151124  0.061033
63  0.000000  1.638843  0.000000  1.152729  1.151112  0.061034
64  0.000000  1.638840  0.000000  1.152717  1.151100  0.061035
65  0.000000  1.638836  0.000000  1.152705  1.151088  0.061036
66  0.000000  1.638833  0.000000  1.152693  1.151076  0.061037
67  0.000000  1.638830  0.000000  1.152681  1.151064  0.061038
68  0.000000  1.638827  0.000000  1.152669  1.151051  0.061038
69  0.000000  1.638823  0.000000  1.152656  1.151039  0.061039
70  0.000000  1.638820  0.000000  1.152643  1.151026  0.061040
71  0.000000  1.638816  0.000000  1.152630  1.151013  0.061041
72  0.000000  1.638813  0.000000  1.152617  1.151000  0.061042
73  0.000000  1.638809  0.000000  1.152604  1.150986  0.061043
74  0.000000  1.638806  0.000000  1.152590  1.150973  0.061044
75  0.000000  1.638802  0.000000  1.152577  1.150959  0.061045
76  0.000000  1.638798  0.000000  1.152563  1.150945  0.061046
77  0.000000  1.638794  0.000000  1.152549  1.150931  0.061048
78  0.000000  1.638791  0.000000  1.152534  1.150916  0.061049
79  0.000000  1.638787  0.000000  1.152520  1.150902  0.061050
80  0.000000  1.638783  0.000000  1.152505  1.150887  0.061051
81  0.000000  1.638779  0.000000  1.152490  1.150872  0.061052
82  0.000000  1.638775  0.000000  1.152475  1.150857  0.061053
83  0.000000  1.638771  0.000000  1.152460  1.150842  0.061054
84  0.000000  1.638767  0.000000  1.152445  1.150826  0.061055
85  0.000000  1.638762  0.000000  1.152429  1.150811  0.061057
86  0.000000  1.638758  0.000000  1.152414  1.150795  0.061058
87  0.000000  1.638754  0.000000  1.152398  1.150779  0.061059
88  0.000000  1.638750  0.000000  1.152382  1.150763  0.061060
89  0.000000  1.638745  0.000000  1.152365  1.150746  0.061061
90  0.000000  1.638741  0.000000  1.152349  1.150730  0.061063
91  0.000000  1.638736  0.000000  1.152332  1.150713  0.061064
92  0.000000  1.638732  0.000000  1.152315  1.150696  0.061065
93  0.000000  1.638727  0.000000  1.152298  1.150679  0.061066
94  0.000000  1.638723  0.000000  1.152281  1.150662  0.061068
95  0.000000  1.638718  0.000000  1.152264  1.150644  0.061069
96  0.000000  1.638713  0.000000  1.152246  1.150626  0.061070
97  0.000000  1.638708  0.000000  1.152228  1.150609  0.061072
98  0.000000  1.638704  0.000000  1.152210  1.150591  0.061073
99  0.000000  1.638699  0.000000  1.152192  1.150572  0.061075
100  0.000000  1.638694  0.000000  1.152174  1.150554  0.061076
101  0.000000  1.638689  0.000000  1.152155  1.150535  0.061077
102  0.000000  1.638684  0.000000  1.152137  1.150516  0.061079
103  0.000000  1.638679  0.000000  1.152118  1.150497  0.061080
104  0.000000  1.638674  0.000000  1.152099  1.150478  0.061082
105  0.000000  1.638668  0.000000  1.152079  1.150459  0.061083
106  0.000000  1.638663  0.000000  1.152060  1.150439  0.061085
107  0.000000  1.638658  0.000000  1.152040  1.150420  0.061086
108  0.000000  1.638653  0.000000  1.152020  1.150400  0.061088
109  0.000000  1.638647  0.000000  1.152000  1.150380  0.061089
110  0.000000  1.638642  0.000000  1.151980  1.150359  0.061091
111  0.000000  1.638636  0.000000  1.151960  1.150339  0.061092
112  0.000000  1.638631  0.000000  1.151939  1.150318  0.061094
113  0.000000  1.638625  0.000000  1.151919  1.150297  0.061095
114  0.000000  1.638620  0.000000  1.151898  1.150276  0.061097
115  0.000000  1.638614  0.000000  1.151877  1.150255  0.061098
116  0.000000  1.638608  0.000000  1.151855  1.150234  0.061100
117  0.000000  1.638603  0.000000  1.151834  1.150212  0.061102
118  0.000000  1.638597  0.000000  1.151812  1.150190  0.061103
119  0.000000  1.638591  0.000000  1.151790  1.150168  0.061105
120  0.000000  1.638585  0.000000  1.151768  1.150146  0.061107
121  0.000000  1.638579  0.000000  1.151746  1.150124  0.061108
122  0.000000  1.638573  0.000000  1.151724  1.150101  0.061110
123  0.000000  1.638567  0.000000  1.151701  1.150079  0.061112
124  0.000000  1.638561  0.000000  1.151678  1.150056  0.061113
125  0.000000  1.638555  0.000000  1.151655  1.150033  0.061115
126  0.000000  1.638548  0.000000  1.151632  1.150009  0.061117
127  0.000000  1.638542  0.000000  1.151609  1.149986  0.061119
128  0.000000  1.638536  0.000000  1.151585  1.149962  0.061120
129  0.000000  1.638529  0.000000  1.151562  1.149938  0.061122
130  0.000000  1.638523  0.000000  1.151538  1.149914  0.061124
131  0.000000  1.638517  0.000000  1.151514  1.149890  0.061126
132  0.000000  1.638510  0.000000  1.151490  1.149866  0.061128
133  0.000000  1.638504  0.000000  1.151465  1.149841  0.061129
134  0.000000  1.638497  0.000000  1.151441  1.149817  0.061131
135  0.000000  1.638490  0.000000  1.151416  1.149792  0.061133
136  0.000000  1.638484  0.000000  1.151391  1.149767  0.061135
137  0.000000  1.638477  0.000000  1.151366  1.149741  0.061137
138  0.000000  1.638470  0.000000  1.151340  1.149716  0.061139
139  0.000000  1.638463  0.000000  1.151315  1.149690  0.061141
140  0.000000  1.638456  0.000000  1.151289  1.149664  0.061143
141  0.000000  1.638449  0.000000  1.151263  1.149638  0.061145
142  0.000000  1.638442  0.000000  1.151237  1.149612  0.061147
143  0.000000  1.638435  0.000000  1.151211  1.149586  0.061149
144  0.000000  1.638428  0.000000  1.151184  1.149559  0.061151
145  0.000000  1.638421  0.000000  1.151158  1.149532  0.061153
146  0.000000  1.638414  0.000000  1.151131  1.149505  0.061155
147  0.000000  1.638406  0.000000  1.151104  1.149478  0.061157
148  0.000000  1.638399  0.000000  1.151077  1.149451  0.061159
149  0.000000  1.638392  0.000000  1.151049  1.149423  0.061161
150  0.000000  1.638384  0.000000  1.151022  1.149395  0.061163
151  0.000000  1.638377  0.000000  1.150994  1.149368  0.061165
152  0.000000  1.638369  0.000000  1.150966  1.149339  0.061167
153  0.000000  1.638362  0.000000  1.150938  1.149311  0.061169
154  0.000000  1.638354  0.000000  1.150910  1.149283  0.061171
155  0.000000  1.638347  0.000000  1.150881  1.149254  0.061174
156  0.000000  1.638339  0.000000  1.150852  1.149225  0.061176
157  0.000000  1.638331  0.000000  1.150823  1.149196  0.061178
158  0.000000  1.638323  0.000000  1.150794  1.149167  0.061180
159  0.000000  1.638315  0.000000  1.150765  1.149138  0.061182
160  0.000000  1.638308  0.000000  1.150736  1.149108  0.061184
161  0.000000  1.638300  0.000000  1.150706  1.149078  0.061187
162  0.000000  1.638292  0.000000  1.150676  1.149048  0.061189
163  0.000000  1.638283  0.000000  1.150646  1.149018  0.061191
164  0.000000  1.638275  0.000000  1.150616  1.148988  0.061193
165  0.000000  1.638267  0.000000  1.150586  1.148957  0.061196
166  0.000000  1.638259  0.000000  1.150556  1.148927  0.061198
167  0.000000  1.638251  0.000000  1.150525  1.148896  0.061200
168  0.000000  1.638242  0.000000  1.150494  1.148865  0.061203
169  0.000000  1.638234  0.000000  1.150463  1.148834  0.061205
170  0.000000  1.638226  0.000000  1.150432  1.148802  0.061207
171  0.000000  1.638217  0.000000  1.150400  1.148771  0.061210
172  0.000000  1.638209  0.000000  1.150369  1.148739  0.061212
173  0.000000  1.638200  0.000000  1.150337  1.148707  0.061215
174  0.000000  1.638192  0.000000  1.150305  1.148675  0.061217
175  0.000000  1.638183  0.000000  1.150273  1.148642  0.061219
176  0.000000  1.638174  0.000000  1.150240  1.148610  0.061222
177  0.000000  1.638165  0.000000  1.150208  1.148577  0.061224
178  0.000000  1.638157  0.000000  1.150175  1.148544  0.061227
179  0.000000  1.638148  0.000000  1.150142  1.148511  0.061229
180  0.000000  1.638139  0.000000  1.150109  1.148478  0.061232
181  0.000000  1.638130  0.000000  1.150076  1.148444  0.061234
182  0.000000  1.638121  0.000000  1.150042  1.148411  0.061237
183  0.000000  1.638112  0.000000  1.150009  1.148377  0.061239
184  0.000000  1.638103  0.000000  1.149975  1.148343  0.061242
185  0.000000  1.638094  0.000000  1.149941  1.148309  0.061244
186  0.000000  1.638084  0.000000  1.149907  1.148274  0.061247
187  0.000000  1.638075  0.000000  1.149872  1.148240  0.061249
188  0.000000  1.638066  0.000000  1.149838  1.148205  0.061252
189  0.000000  1.638056  0.000000  1.149803  1.148170  0.061255
190  0.000000  1.638047  0.000000  1.149768  1.148135  0.061257
191  0.000000  1.638038  0.000000  1.149733  1.148100  0.061260
192  0.000000  1.638028  0.000000  1.149698  1.148064  0.061263
193  0.000000  1.638019  0.000000  1.149662  1.148029  0.061265
194  0.000000  1.638009  0.000000  1.149626  1.147993  0.061268
195  0.000000  1.637999  0.000000  1.149591  1.147957  0.061271
196  0.000000  1.637990  0.000000  1.149555  1.147920  0.061273
197  0.000000  1.637980  0.000000  1.149518  1.147884  0.061276
198  0.000000  1.637970  0.000000  1.149482  1.147847  0.061279
199  0.000000  1.637960  0.000000  1.149445  1.147811  0.061282
200  0.000000  1.637950  0.000000  1.149409  1.147774  0.061284
201  0.000000  1.637940  0.000000  1.149372  1.147736  0.061287
202  0.000000  1.637930  0.000000  1.149334  1.147699  0.061290
203  0.000000  1.637920  0.000000  1.149297  1.147662  0.061293
204  0.000000  1.637910  0.000000  1.149260  1.147624  0.061296
205  0.000000  1.637900  0.000000  1.149222  1.147586  0.061298
206  0.000000  1.637890  0.000000  1.149184  1.147548  0.061301
207  0.000000  1.637879  0.000000  1.149146  1.147510  0.061304
208  0.000000  1.637869  0.000000  1.149108  1.147471  0.061307
209  0.000000  1.637859  0.000000  1.149069  1.147433  0.061310
210  0.000000  1.637848  0.000000  1.149031  1.147394  0.061313
211  0.000000  1.637838  0.000000  1.148992  1.147355  0.061316
212  0.000000  1.637827  0.000000  1.148953  1.147316  0.061319
213  0.000000  1.637817  0.000000  1.148914  1.147276  0.061321
214  0.000000  1.637806  0.000000  1.148875  1.147237  0.061324
215  0.000000  1.637796  0.000000  1.148835  1.147197  0.061327
216  0.000000  1.637785  0.000000  1.148795  1.147157  0.061330
217  0.000000  1.637774  0.000000  1.148755  1.147117  0.061333
218  0.000000  1.637763  0.000000  1.148715  1.147077  0.061336
219  0.000000  1.637752  0.000000  1.148675  1.147036  0.061339
220  0.000000  1.637742  0.000000  1.148635  1.146996  0.061342
221  0.000000  1.637731  0.000000  1.148594  1.146955  0.061345
222  0.000000  1.637720  0.000000  1.148553  1.146914  0.061349
223  0.000000  1.637708  0.000000  1.148512  1.146873  0.061352
224  0.000000  1.637697  0.000000  1.148471  1.146831  0.061355
225  0.000000  1.637686  0.000000  1.148430  1.146790  0.061358
226  0.000000  1.637675  0.000000  1.148388  1.146748  0.061361
227  0.000000  1.637664  0.000000  1.148347  1.146706  0.061364
228  0.000000  1.637652  0.000000  1.148305  1.146664  0.061367
229  0.000000  1.637641  0.000000  1.148263  1.146621  0.061370
230  0.000000  1.637630  0.000000  1.148220  1.146579  0.061373
231  0.000000  1.637618  0.000000  1.148178  1.146536  0.061377
232  0.000000  1.637607  0.000000  1.148135  1.146493  0.061380
233  0.000000  1.637595  0.000000  1.148092  1.146450  0.061383
234  0.000000  1.637584  0.000000  1.148049  1.146407  0.061386
235  0.000000  1.637572  0.000000  1.148006  1.146364  0.061390
236  0.000000  1.637560  0.000000  1.147963  1.146320  0.061393
237  0.000000  1.637548  0.000000  1.147919  1.146276  0.061396
238  0.000000  1.637537  0.000000  1.147876  1.146232  0.061399
239  0.000000  1.637525  0.000000  1.147832  1.146188  0.061403
240  0.000000  1.637513  0.000000  1.147788  1.146144  0.061406
241  0.000000  1.637501  0.000000  1.147743  1.146099  0.061409
242  0.000000  1.637489  0.000000  1.147699  1.146055  0.061413
243  0.000000  1.637477  0.000000  1.147654  1.146010  0.061416
244  0.000000  1.637465  0.000000  1.147609  1.145965  0.061419
245  0.000000  1.637452  0.000000  1.147564  1.145919  0.061423
246  0.000000  1.637440  0.000000  1.147519  1.145874  0.061426
247  0.000000  1.637428  0.000000  1.147474  1.145828  0.061429
248  0.000000  1.637416  0.000000  1.147428  1.145783  0.061433
249  0.000000  1.637403  0.000000  1.147382  1.145737  0.061436
250  0.000000  1.637391  0.000000  1.147337  1.145690  0.061440
251  0.000000  1.637378  0.000000  1.147290  1.145644  0.061443
252  0.000000  1.637366  0.000000  1.147244  1.145597  0.061447
253  0.000000  1.637353  0.000000  1.147198  1.145551  0.061450
254  0.000000  1.637341  0.000000  1.147151  1.145504  0.061453
255  0.000000  1.637328  0.000000  1.147104  1.145457  0.061457
256  0.000000  1.637315  0.000000  1.147057  1.145409  0.061460
257  0.000000  1.637303  0.000000  1.147010  1.145362  0.061464
258  0.000000  1.637290  0.000000  1.146963  1.145314  0.061468
259  0.000000  1.637277  0.000000  1.146915  1.145267  0.061471
260  0.000000  1.637264  0.000000  1.146867  1.145219  0.061475
261  0.000000  1.637251  0.000000  1.146819  1.145170  0.061478
262  0.000000  1.637238  0.000000  1.146771  1.145122  0.061482
263  0.000000  1.637225  0.000000  1.146723  1.145073  0.061485
264  0.000000  1.637212  0.000000  1.146674  1.145025  0.061489
265  0.000000  1.637199  0.000000  1.146626  1.144976  0.061493
266  0.000000  1.637185  0.000000  1.146577  1.144927  0.061496
267  0.000000  1.637172  0.000000  1.146528  1.144877  0.061500
268  0.000000  1.637159  0.000000  1.146479  1.144828  0.061504
269  0.000000  1.637145  0.000000  1.146429  1.144778  0.061507
270  0.000000  1.637132  0.000000  1.146380  1.144728  0.061511
271  0.000000  1.637119  0.000000  1.146330  1.144678  0.061515
272  0.000000  1.637105  0.000000  1.146280  1.144628  0.061518
273  0.000000  1.637091  0.000000  1.146230  1.144578  0.061522
274  0.000000  1.637078  0.000000  1.146180  1.144527  0.061526
275  0.000000  1.637064  0.000000  1.146129  1.144476  0.061530
276  0.000000  1.637050  0.000000  1.146079  1.144425  0.061534
277  0.000000  1.637037  0.000000  1.146028  1.144374  0.061537
278  0.000000  1.637023  0.000000  1.145977  1.144323  0.061541
279  0.000000  1.637009  0.000000  1.145925  1.144272  0.061545
280  0.000000  1.636995  0.000000  1.145874  1.144220  0.061549
281  0.000000  1.636981  0.000000  1.145822  1.144168  0.061553
282  0.000000  1.636967  0.000000  1.145771  1.144116  0.061556
283  0.000000  1.636953  0.000000  1.145719  1.144064  0.061560
284  0.000000  1.636939  0.000000  1.145667  1.144011  0.061564
285  0.000000  1.636925  0.000000  1.145614  1.143959  0.061568
286  0.000000  1.636910  0.000000  1.145562  1.143906  0.061572
287  0.000000  1.636896  0.000000  1.145509  1.143853  0.061576
288  0.000000  1.636882  0.000000  1.145456  1.143800  0.061580
289  0.000000  1.636867  0.000000  1.145403  1.143747  0.061584
290  0.000000  1.636853  0.000000  1.145350  1.143693  0.061588
291  0.000000  1.636839  0.000000  1.145297  1.143639  0.061592
292  0.000000  1.636824  0.000000  1.145243  1.143585  0.061596
293  0.000000  1.636809  0.000000  1.145189  1.143531  0.061600
294  0.000000  1.636795  0.000000  1.145135  1.143477  0.061604
295  0.000000  1.636780  0.000000  1.145081  1.143423  0.061608
296  0.000000  1.636765  0.000000  1.145027  1.143368  0.061612
297  0.000000  1.636751  0.000000  1.144973  1.143313  0.061616
298  0.000000  1.636736  0.000000  1.144918  1.143258  0.061620
299  0.000000  1.636721  0.000000  1.144863  1.143203  0.061624
300  0.000000  1.636706  0.000000  1.144808  1.143148  0.061628
301  0.000000  1.636691  0.000000  1.144753  1.143092  0.061632
302  0.000000  1.636676  0.000000  1.144697  1.143037  0.061636
303  0.000000  1.636661  0.000000  1.144642  1.142981  0.061640
304  0.000000  1.636646  0.000000  1.144586  1.142925  0.061645
305  0.000000  1.636630  0.000000  1.144530  1.142869  0.061649
306  0.000000  1.636615  0.000000  1.144474  1.142812  0.061653
307  0.000000  1.636600  0.000000  1.144418  1.142756  0.061657
308  0.000000  1.636585  0.000000  1.144361  1.142699  0.061661
309  0.000000  1.636569  0.000000  1.144305  1.142642  0.061665
310  0.000000  1.636554  0.000000  1.144248  1.142585  0.061670
311  0.000000  1.636538  0.000000  1.144191  1.142527  0.061674
312  0.000000  1.636523  0.000000  1.144133  1.142470  0.061678
313  0.000000  1.636507  0.000000  1.144076  1.142412  0.061682
314  0.000000  1.636491  0.000000  1.144019  1.142354  0.061687
315  0.000000  1.636476  0.000000  1.143961  1.142296  0.061691
316  0.000000  1.636460  0.000000  1.143903  1.142238  0.061695
317  0.000000  1.636444  0.000000  1.143845  1.142179  0.061700
318  0.000000  1.636428  0.000000  1.143786  1.142121  0.061704
319  0.000000  1.636413  0.000000  1.143728  1.142062  0.061708
320  0.000000  1.636397  0.000000  1.143669  1.142003  0.061713
321  0.000000  1.636381  0.000000  1.143611  1.141944  0.061717
322  0.000000  1.636365  0.000000  1.143552  1.141885  0.061721
323  0.000000  1.636348  0.000000  1.143492  1.141825  0.061726
324  0.000000  1.636332  0.000000  1.143433  1.141765  0.061730
325  0.000000  1.636316  0.000000  1.143373  1.141706  0.061735
326  0.000000  1.636300  0.000000  1.143314  1.141645  0.061739
327  0.000000  1.636283  0.000000  1.143254  1.141585  0.061743
328  0.000000  1.636267  0.000000  1.143194  1.141525  0.061748
329  0.000000  1.636251  0.000000  1.143133  1.141464  0.061752
330  0.000000  1.636234  0.000000  1.143073  1.141403  0.061757
331  0.000000  1.636218  0.000000  1.143012  1.141342  0.061761
332  0.000000  1.636201  0.000000  1.142951  1.141281  0.061766
333  0.000000  1.636185  0.000000  1.142890  1.141220  0.061770
334  0.000000  1.636168  0.000000  1.142829  1.141158  0.061775
335  0.000000  1.636151  0.000000  1.142768  1.141097  0.061779
336  0.000000  1.636134  0.000000  1.142706  1.141035  0.061784
337  0.000000  1.636118  0.000000  1.142645  1.140973  0.061788
338  0.000000  1.636101  0.000000  1.142583  1.140911  0.061793
339  0.000000  1.636084  0.000000  1.142521  1.140848  0.061798
340  0.000000  1.636067  0.000000  1.142458  1.140785  0.061802
341  0.000000  1.636050  0.000000  1.142396  1.140723  0.061807
342  0.000000  1.636033  0.000000  1.142333  1.140660  0.061811
343  0.000000  1.636016  0.000000  1.142270  1.140597  0.061816
344  0.000000  1.635999  0.000000  1.142207  1.140533  0.061821
345  0.000000  1.635981  0.000000  1.142144  1.140470  0.061825
346  0.000000  1.635964  0.000000  1.142081  1.140406  0.061830
347  0.000000  1.635947  0.000000  1.142017  1.140342  0.061835
348  0.000000  1.635929  0.000000  1.141954  1.140278  0.061839
349  0.000000  1.635912  0.000000  1.141890  1.140214  0.061844
350  0.000000  1.635895  0.000000  1.141826  1.140149  0.061849
351  0.000000  1.635877  0.000000  1.141762  1.140085  0.061854
352  0.000000  1.635859  0.000000  1.141697  1.140020  0.061858
353  0.000000  1.635842  0.000000  1.141632  1.139955  0.061863
354  0.000000  1.635824  0.000000  1.141568  1.139890  0.061868
355  0.000000  1.635806  0.000000  1.141503  1.139825  0.061873
356  0.000000  1.635789  0.000000  1.141438  1.139759  0.061878
357  0.000000  1.635771  0.000000  1.141372  1.139693  0.061882
358  0.000000  1.635753  0.000000  1.141307  1.139628  0.061887
359  0.000000  1.635735  0.000000  1.141241  1.139562  0.061892
360  0.000000  1.635717  0.000000  1.141175  1.139495  0.061897
361  0.000000  1.635699  0.000000  1.141109  1.139429  0.061902
362  0.000000  1.635681  0.000000  1.141043  1.139362  0.061907
363  0.000000  1.635663  0.000000  1.140977  1.139296  0.061912
364  0.000000  1.635645  0.000000  1.140910  1.139229  0.061916
365  0.000000  1.635626  0.000000  1.140843  1.139161  0.061921
366  0.000000  1.635608  0.000000  1.140776  1.139094  0.061926
367  0.000000  1.635590  0.000000  1.140709  1.139027  0.061931
368  0.000000  1.635571  0.000000  1.140642  1.138959  0.061936
369  0.000000  1.635553  0.000000  1.140574  1.138891  0.061941
370  0.000000  1.635534  0.000000  1.140507  1.138823  0.061946
371  0.000000  1.635516  0.000000  1.140439  1.138755  0.061951
372  0.000000  1.635497  0.000000  1.140371  1.138686  0.061956
373  0.000000  1.635479  0.000000  1.140303  1.138618  0.061961
374  0.000000  1.635460  0.000000  1.140234  1.138549  0.061966
375  0.000000  1.635441  0.000000  1.140166  1.138480  0.061971
376  0.000000  1.635422  0.000000  1.140097  1.138411  0.061976
377  0.000000  1.635404  0.000000  1.140028  1.138342  0.061981
378  0.000000  1.635385  0.000000  1.139959  1.138272  0.061986
379  0.000000  1.635366  0.000000  1.139890  1.138203  0.061991
380  0.000000  1.635347  0.000000  1.139820  1.138133  0.061997
381  0.000000  1.635328  0.000000  1.139750  1.138063  0.062002
382  0.000000  1.635309  0.000000  1.139681  1.137993  0.062007
383  0.000000  1.635289  0.000000  1.139611  1.137922  0.062012
384  0.000000  1.635270  0.000000  1.139540  1.137852  0.062017
385  0.000000  1.635251  0.000000  1.139470  1.137781  0.062022
386  0.000000  1.635232  0.000000  1.139400  1.137710  0.062027
387  0.000000  1.635212  0.000000  1.139329  1.137639  0.062033
388  0.000000  1.635193  0.000000  1.139258  1.137568  0.062038
389  0.000000  1.635173  0.000000  1.139187  1.137496  0.062043
390  0.000000  1.635154  0.000000  1.139116  1.137425  0.062048
391  0.000000  1.635134  0.000000  1.139044  1.137353  0.062053
392  0.000000  1.635115  0.000000  1.138973  1.137281  0.062059
393  0.000000  1.635095  0.000000  1.138901  1.137209  0.062064
394  0.000000  1.635075  0.000000  1.138829  1.137136  0.062069
395  0.000000  1.635056  0.000000  1.138757  1.137064  0.062075
396  0.000000  1.635036  0.000000  1.138684  1.136991  0.062080
397  0.000000  1.635016  0.000000  1.138612  1.136918  0.062085
398  0.000000  1.634996  0.000000  1.138539  1.136845  0.062090
399  0.000000  1.634976  0.000000  1.138466  1.136772  0.062096
400  0.000000  1.634956  0.000000  1.138393  1.136698  0.062101
401  0.000000  1.634936  0.000000  1.138320  1.136625  0.062107
402  0.000000  1.634916  0.000000  1.138247  1.136551  0.062112
403  0.000000  1.634896  0.000000  1.138173  1.136477  0.062117
404  0.000000  1.634875  0.000000  1.138099  1.136403  0.062123
405  0.000000  1.634855  0.000000  1.138026  1.136328  0.062128
406  0.000000  1.634835  0.000000  1.137951  1.136254  0.062133
407  0.000000  1.634814  0.000000  1.137877  1.136179  0.062139
408  0.000000  1.634794  0.000000  1.137803  1.136104  0.062144
409  0.000000  1.634773  0.000000  1.137728  1.136029  0.062150
410  0.000000  1.634753  0.000000  1.137653  1.135954  0.062155
411  0.000000  1.634732  0.000000  1.137578  1.135879  0.062161
412  0.000000  1.634712  0.000000  1.137503  1.135803  0.062166
413  0.000000  1.634691  0.000000  1.137428  1.135727  0.062172
414  0.000000  1.634670  0.000000  1.137352  1.135651  0.062177
415  0.000000  1.634649  0.000000  1.137276  1.135575  0.062183
416  0.000000  1.634629  0.000000  1.137201  1.135499  0.062188
417  0.000000  1.634608  0.000000  1.137125  1.135422  0.062194
418  0.000000  1.634587  0.000000  1.137048  1.135346  0.062199
419  0.000000  1.634566  0.000000  1.136972  1.135269  0.062205
420  0.000000  1.634545  0.000000  1.136895  1.135192  0.062211
421  0.000000  1.634524  0.000000  1.136818  1.135115  0.062216
422  0.000000  1.634502  0.000000  1.136742  1.135037  0.062222
423  0.000000  1.634481  0.000000  1.136664  1.134960  0.062227
424  0.000000  1.634460  0.000000  1.136587  1.134882  0.062233
425  0.000000  1.634439  0.000000  1.136510  1.134804  0.062239
426  0.000000  1.634417  0.000000  1.136432  1.134726  0.062244
427  0.000000  1.634396  0.000000  1.136354  1.134648  0.062250
428  0.000000  1.634374  0.000000  1.136276  1.134569  0.062256
429  0.000000  1.634353  0.000000  1.136198  1.134491  0.062261
430  0.000000  1.634331  0.000000  1.136120  1.134412  0.062267
431  0.000000  1.634310  0.000000  1.136041  1.134333  0.062273
432  0.000000  1.634288  0.000000  1.135962  1.134254  0.062279
433  0.000000  1.634266  0.000000  1.135883  1.134174  0.062284
434  0.000000  1.634245  0.000000  1.135804  1.134095  0.062290
435  0.000000  1.634223  0.000000  1.135725  1.134015  0.062296
436  0.000000  1.634201  0.000000  1.135646  1.133935  0.062302
437  0.000000  1.634179  0.000000  1.135566  1.133855  0.062307
438  0.000000  1.634157  0.000000  1.135486  1.133775  0.062313
439  0.000000  1.634135  0.000000  1.135406  1.133695  0.062319
440  0.000000  1.634113  0.000000  1.135326  1.133614  0.062325
441  0.000000  1.634091  0.000000  1.135246  1.133533  0.062331
442  0.000000  1.634069  0.000000  1.135165  1.133452  0.062336
443  0.000000  1.634046  0.000000  1.135085  1.133371  0.062342
444  0.000000  1.634024  0.000000  1.135004  1.133290  0.062348
445  0.000000  1.634002  0.000000  1.134923  1.133208  0.062354
446  0.000000  1.633979  0.000000  1.134841  1.133127  0.062360
447  0.000000  1.633957  0.000000  1.134760  1.133045  0.062366
448  0.000000  1.633934  0.000000  1.134678  1.132963  0.062372
449  0.000000  1.633912  0.000000  1.134597  1.132881  0.062378
450  0.000000  1.633889  0.000000  1.134515  1.132798  0.062384
451  0.000000  1.633867  0.000000  1.134433  1.132716  0.062390
452  0.000000  1.633844  0.000000  1.134350  1.132633  0.062396
453  0.000000  1.633821  0.000000  1.134268  1.132550  0.062402
454  0.000000  1.633798  0.000000  1.134185  1.132467  0.062408
455  0.000000  1.633776  0.000000  1.134103  1.132384  0.062414
456  0.000000  1.633753  0.000000  1.134020  1.132300  0.062420
457  0.000000  1.633730  0.000000  1.133936  1.132217  0.062426
458  0.000000  1.633707  0.000000  1.133853  1.132133  0.062432
459  0.000000  1.633684  0.000000  1.133770  1.132049  0.062438
460  0.000000  1.633660  0.000000  1.133686  1.131965  0.062444
461  0.000000  1.633637  0.000000  1.133602  1.131881  0.062450
462  0.000000  1.633614  0.000000  1.133518  1.131796  0.062456
463  0.000000  1.633591  0.000000  1.133434  1.131711  0.062462
464  0.000000  1.633567  0.000000  1.133349  1.131627  0.062468
465  0.000000  1.633544  0.000000  1.133265  1.131542  0.062474
466  0.000000  1.633521  0.000000  1.133180  1.131456  0.062480
467  0.000000  1.633497  0.000000  1.133095  1.131371  0.062486
468  0.000000  1.633474  0.000000  1.133010  1.131285  0.062493
469  0.000000  1.633450  0.000000  1.132925  1.131200  0.062499
470  0.000000  1.633426  0.000000  1.132839  1.131114  0.062505
471  0.000000  1.633403  0.000000  1.132754  1.131028  0.062511
472  0.000000  1.633379  0.000000  1.132668  1.130941  0.062517
473  0.000000  1.633355  0.000000  1.132582  1.130855  0.062523
474  0.000000  1.633331  0.000000  1.132496  1.130768  0.062530
475  0.000000  1.633308  0.000000  1.132410  1.130682  0.062536
476  0.000000  1.633284  0.000000  1.132323  1.130595  0.062542
477  0.000000  1.633260  0.000000  1.132236  1.130507  0.062548
478  0.000000  1.633236  0.000000  1.132150  1.130420  0.062555
479  0.000000  1.633211  0.000000  1.132063  1.130333  0.062561
480  0.000000  1.633187  0.000000  1.131975  1.130245  0.062567
481  0.000000  1.633163  0.000000  1.131888  1.130157  0.062574
482  0.000000  1.633139  0.000000  1.131800  1.130069  0.062580
483  0.000000  1.633115  0.000000  1.131713  1.129981  0.062586
484  0.000000  1.633090  0.000000  1.131625  1.129892  0.062592
485  0.000000  1.633066  0.000000  1.131537  1.129804  0.062599
486  0.000000  1.633041  0.000000  1.131449  1.129715  0.062605
487  0.000000  1.633017  0.000000  1.131360  1.129626  0.062612
488  0.000000  1.632992  0.000000  1.131271  1.129537  0.062618
489  0.000000  1.632968  0.000000  1.131183  1.129448  0.062624
490  0.000000  1.632943  0.000000  1.131094  1.129358  0.062631
491  0.000000  1.632918  0.000000  1.131005  1.129269  0.062637
492  0.000000  1.632893  0.000000  1.130915  1.129179  0.062643
493  0.000000  1.632869  0.000000  1.130826  1.129089  0.062650
494  0.000000  1.632844  0.000000  1.130736  1.128999  0.062656
495  0.000000  1.632819  0.000000  1.130646  1.128909  0.062663
496  0.000000  1.632794  0.000000  1.130556  1.128818  0.062669
497  0.000000  1.632769  0.000000  1.130466  1.128727  0.062676
498  0.000000  1.632744  0.000000  1.130376  1.128637  0.062682
499  0.000000  1.632719  0.000000  1.130285  1.128546  0.062689
500  0.000000  1.632693  0.000000  1.130195  1.128454  0.062695
501  0.000000  1.632668  0.000000  1.130104  1.128363  0.062702
502  0.000000  1.632643  0.000000  1.130013  1.128271  0.062708
503  0.000000  1.632618  0.000000  1.129921  1.128180  0.062715
504  0.000000  1.632592  0.000000  1.129830  1.128088  0.062721
505  0.000000  1.632567  0.000000  1.129738  1.127996  0.062728
506  0.000000  1.632541  0.000000  1.129647  1.127903  0.062735
507  0.000000  1.632516  0.000000  1.129555  1.127811  0.062741
508  0.000000  1.632490  0.000000  1.129463  1.127718  0.062748
509  0.000000  1.632464  0.000000  1.129370  1.127626  0.062754
510  0.000000  1.632439  0.000000  1.129278  1.127533  0.062761
511  0.000000  1.632413  0.000000  1.129185  1.127440  0.062768
512  0.000000  1.632387  0.000000  1.129093  1.127346  0.062774
513  0.000000  1.632361  0.000000  1.129000  1.127253  0.062781
514  0.000000  1.632335  0.000000  1.128906  1.127159  0.062788
515  0.000000  1.632309  0.000000  1.128813  1.127065  0.062794
516  0.000000  1.632283  0.000000  1.128720  1.126971  0.062801
517  0.000000  1.632257  0.000000  1.128626  1.126877  0.062808
518  0.000000  1.632231  0.000000  1.128532  1.126783  0.062814
519  0.000000  1.632205  0.000000  1.128438  1.126688  0.062821
520  0.000000  1.632179  0.000000  1.128344  1.126593  0.062828
521  0.000000  1.632152  0.000000  1.128250  1.126499  0.062834
522  0.000000  1.632126  0.000000  1.128155  1.126404  0.062841
523  0.000000  1.632100  0.000000  1.128060  1.126308  0.062848
524  0.000000  1.632073  0.000000  1.127965  1.126213  0.062855
525  0.000000  1.632047  0.000000  1.127870  1.126117  0.062862
526  0.000000  1.632020  0.000000  1.127775  1.126022  0.062868
527  0.000000  1.631994  0.000000  1.127680  1.125926  0.062875
528  0.000000  1.631967  0.000000  1.127584  1.125829  0.062882
529  0.000000  1.631940  0.000000  1.127488  1.125733  0.062889
530  0.000000  1.631913  0.000000  1.127393  1.125637  0.062896
531  0.000000  1.631887  0.000000  1.127296  1.125540  0.062902
532  0.000000  1.631860  0.000000  1.127200  1.125443  0.062909
533  0.000000  1.631833  0.000000  1.127104  1.125346  0.062916
534  0.000000  1.631806  0.000000  1.127007  1.125249  0.062923
535  0.000000  1.631779  0.000000  1.126910  1.125152  0.062930
536  0.000000  1.631752  0.000000  1.126813  1.125054  0.062937
537  0.000000  1.631725  0.000000  1.126716  1.124957  0.062944
538  0.000000  1.631697  0.000000  1.126619  1.124859  0.062951
539  0.000000  1.631670  0.000000  1.126521  1.124761  0.062958
540  0.000000  1.631643  0.000000  1.126424  1.124663  0.062965
541  0.000000  1.631616  0.000000  1.126326  1.124564  0.062971
542  0.000000  1.631588  0.000000  1.126228  1.124466  0.062978
543  0.000000  1.631561  0.000000  1.126130  1.124367  0.062985
544  0.000000  1.631533  0.000000  1.126031  1.124268  0.062992
545  0.000000  1.631506  0.000000  1.125933  1.124169  0.062999
546  0.000000  1.631478  0.000000  1.125834  1.124070  0.063006
547  0.000000  1.631450  0.000000  1.125735  1.123970  0.063013
548  0.000000  1.631423  0.000000  1.125636  1.123871  0.063020
549  0.000000  1.631395  0.000000  1.125537  1.123771  0.063027
550  0.000000  1.631367  0.000000  1.125438  1.123671  0.063035
551  0.000000  1.631339  0.000000  1.125338  1.123571  0.063042
552  0.000000  1.631311  0.000000  1.125238  1.123471  0.063049
553  0.000000  1.631283  0.000000  1.125139  1.123370  0.063056
554  0.000000  1.631255  0.000000  1.125039  1.123270  0.063063
555  0.000000  1.631227  0.000000  1.124938  1.123169  0.063070
556  0.000000  1.631199  0.000000  1.124838  1.123068  0.063077
557  0.000000  1.631171  0.000000  1.124737  1.122967  0.063084
558  0.000000  1.631143  0.000000  1.124636  1.122865  0.063091
559  0.000000  1.631115  0.000000  1.124536  1.122764  0.063098
560  0.000000  1.631086  0.000000  1.124434  1.122662  0.063106
561  0.000000  1.631058  0.000000  1.124333  1.122560  0.063113
562  0.000000  1.631029  0.000000  1.124232  1.122458  0.063120
563  0.000000  1.631001  0.000000  1.124130  1.122356  0.063127
564  0.000000  1.630972  0.000000  1.124028  1.122254  0.063134
565  0.000000  1.630944  0.000000  1.123926  1.122151  0.063141
566  0.000000  1.630915  0.000000  1.123824  1.122049  0.063149
567  0.000000  1.630886  0.000000  1.123722  1.121946  0.063156
568  0.000000  1.630858  0.000000  1.123619  1.121843  0.063163
569  0.000000  1.630829  0.000000  1.123517  1.121739  0.063170
570  0.000000  1.630800  0.000000  1.123414  1.121636  0.063178
571  0.000000  1.630771  0.000000  1.123311  1.121533  0.063185
572  0.000000  1.630742  0.000000  1.123208  1.121429  0.063192
573  0.000000  1.630713  0.000000  1.123104  1.121325  0.063199
574  0.000000  1.630684  0.000000  1.123001  1.121221  0.063207
575  0.000000  1.630655  0.000000  1.122897  1.121117  0.063214
576  0.000000  1.630626  0.000000  1.122793  1.121012  0.063221
577  0.000000  1.630596  0.000000  1.122689  1.120908  0.063229
578  0.000000  1.630567  0.000000  1.122585  1.120803  0.063236
579  0.000000  1.630538  0.000000  1.122481  1.120698  0.063243
580  0.000000  1.630508  0.000000  1.122376  1.120593  0.063251
581  0.000000  1.630479  0.000000  1.122272  1.120487  0.063258
582  0.000000  1.630449  0.000000  1.122167  1.120382  0.063265
583  0.000000  1.630420  0.000000  1.122062  1.120276  0.063273
584  0.000000  1.630390  0.000000  1.121956  1.120170  0.063280
585  0.000000  1.630361  0.000000  1.121851  1.120065  0.063288
586  0.000000  1.630331  0.000000  1.121746  1.119958  0.063295
587  0.000000  1.630301  0.000000  1.121640  1.119852  0.063303
588  0.000000  1.630271  0.000000  1.121534  1.119746  0.063310
589  0.000000  1.630241  0.000000  1.121428  1.119639  0.063317
590  0.000000  1.630211  0.000000  1.121322  1.119532  0.063325
591  0.000000  1.630181  0.000000  1.121215  1.119425  0.063332
592  0.000000  1.630151  0.000000  1.121109  1.119318  0.063340
593  0.000000  1.630121  0.000000  1.121002  1.119211  0.063347
594  0.000000  1.630091  0.000000  1.120895  1.119103  0.063355
595  0.000000  1.630061  0.000000  1.120788  1.118995  0.063362
596  0.000000  1.630031  0.000000  1.120681  1.118887  0.063370
597  0.000000  1.630000  0.000000  1.120573  1.118779  0.063377
598  0.000000  1.629970  0.000000  1.120465  1.118671  0.063385
599  0.000000  1.629940  0.000000  1.120358  1.118563  0.063392
600  0.000000  1.629909  0.000000  1.120250  1.118454  0.063400
601  0.000000  1.629879  0.000000  1.120142  1.118346  0.063408
602  0.000000  1.629848  0.000000  1.120033  1.118237  0.063415
603  0.000000  1.629818  0.000000  1.119925  1.118128  0.063423
604  0.000000  1.629787  0.000000  1.119816  1.118018  0.063430
605  0.000000  1.629756  0.000000  1.119707  1.117909  0.063438
606  0.000000  1.629725  0.000000  1.119599  1.117799  0.063446
607  0.000000  1.629695  0.000000  1.119489  1.117690  0.063453
608  0.000000  1.629664  0.000000  1.119380  1.117580  0.063461
609  0.000000  1.629633  0.000000  1.119271  1.117470  0.063468
610  0.000000  1.629602  0.000000  1.119161  1.117359  0.063476
611  0.000000  1.629571  0.000000  1.119051  1.117249  0.063484
612  0.000000  1.629540  0.000000  1.118941  1.117138  0.063491
613  0.000000  1.629508  0.000000  1.118831  1.117028  0.063499
614  0.000000  1.629477  0.000000  1.118721  1.116917  0.063507
615  0.000000  1.629446  0.000000  1.118610  1.116806  0.063514
616  0.000000  1.629415  0.000000  1.118500  1.116694  0.063522
617  0.000000  1.629383  0.000000  1.118389  1.116583  0.063530
618  0.000000  1.629352  0.000000  1.118278  1.116471  0.063538
619  0.000000  1.629320  0.000000  1.118167  1.116359  0.063545
620  0.000000  1.629289  0.000000  1.118055  1.116247  0.063553
621  0.000000  1.629257  0.000000  1.117944  1.116135  0.063561
622  0.000000  1.629226  0.000000  1.117832  1.116023  0.063569
623  0.000000  1.629194  0.000000  1.117720  1.115911  0.063576
624  0.000000  1.629162  0.000000  1.117608  1.115798  0.063584
625  0.000000  1.629130  0.000000  1.117496  1.115685  0.063592
626  0.000000  1.629099  0.000000  1.117384  1.115572  0.063600
627  0.000000  1.629067  0.000000  1.117271  1.115459  0.063608
628  0.000000  1.629035  0.000000  1.117158  1.115346  0.063615
629  0.000000  1.629003  0.000000  1.117046  1.115232  0.063623
630  0.000000  1.628971  0.000000  1.116933  1.115119  0.063631
631  0.000000  1.628939  0.000000  1.116819  1.115005  0.063639
632  0.000000  1.628906  0.000000  1.116706  1.114891  0.063647
633  0.000000  1.628874  0.000000  1.116592  1.114777  0.063655
634  0.000000  1.628842  0.000000  1.116479  1.114662  0.063663
635  0.000000  1.628810  0.000000  1.116365  1.114548  0.063671
636  0.000000  1.628777  0.000000  1.116251  1.114433  0.063678
637  0.000000  1.628745  0.000000  1.116137  1.114318  0.063686
638  0.000000  1.628712  0.000000  1.116022  1.114203  0.063694
639  0.000000  1.628680  0.000000  1.115908  1.114088  0.063702
640  0.000000  1.628647  0.000000  1.115793  1.113973  0.063710
641  0.000000  1.628615  0.000000  1.115678  1.113857  0.063718
642  0.000000  1.628582  0.000000  1.115563  1.113741  0.063726
643  0.000000  1.628549  0.000000  1.115448  1.113626  0.063734
644  0.000000  1.628516  0.000000  1.115333  1.113510  0.063742
645  0.000000  1.628483  0.000000  1.115217  1.113393  0.063750
646  0.000000  1.628450  0.000000  1.115101  1.113277  0.063758
647  0.000000  1.628417  0.000000  1.114985  1.113160  0.063766
648  0.000000  1.628384  0.000000  1.114869  1.113044  0.063774
649  0.000000  1.628351  0.000000  1.114753  1.112927  0.063782
650  0.000000  1.628318  0.000000  1.114637  1.112810  0.063790
651  0.000000  1.628285  0.000000  1.114520  1.112693  0.063798
652  0.000000  1.628252  0.000000  1.114403  1.112575  0.063806
653  0.000000  1.628219  0.000000  1.114287  1.112458  0.063814
654  0.000000  1.628185  0.000000  1.114169  1.112340  0.063822
655  0.000000  1.628152  0.000000  1.114052  1.112222  0.063830
656  0.000000  1.628118  0.000000  1.113935  1.112104  0.063838
657  0.000000  1.628085  0.000000  1.113817  1.111986  0.063847
658  0.000000  1.628051  0.000000  1.113700  1.111868  0.063855
659  0.000000  1.628018  0.000000  1.113582  1.111749  0.063863
660  0.000000  1.627984  0.000000  1.113464  1.111630  0.063871
661  0.000000  1.627950  0.000000  1.113345  1.111511  0.063879
662  0.000000  1.627916  0.000000  1.113227  1.111392  0.063887
663  0.000000  1.627883  0.000000  1.113108  1.111273  0.063895
664  0.000000  1.627849  0.000000  1.112990  1.111154  0.063903
665  0.000000  1.627815  0.000000  1.112871  1.111034  0.063912
666  0.000000  1.627781  0.000000  1.112752  1.110914  0.063920
667  0.000000  1.627747  0.000000  1.112633  1.110795  0.063928
668  0.000000  1.627713  0.000000  1.112513  1.110674  0.063936
669  0.000000  1.627678  0.000000  1.112394  1.110554  0.063944
670  0.000000  1.627644  0.000000  1.112274  1.110434  0.063953
671  0.000000  1.627610  0.000000  1.112154  1.110313  0.063961
672  0.000000  1.627576  0.000000  1.112034  1.110193  0.063969
673  0.000000  1.627541  0.000000  1.111914  1.110072  0.063977
674  0.000000  1.627507  0.000000  1.111793  1.109951  0.063986
675  0.000000  1.627472  0.000000  1.111673  1.109829  0.063994
676  0.000000  1.627438  0.000000  1.111552  1.109708  0.064002
677  0.000000  1.627403  0.000000  1.111431  1.109586  0.064010
678  0.000000  1.627369  0.000000  1.111310  1.109465  0.064019
679  0.000000  1.627334  0.000000  1.111189  1.109343  0.064027
680  0.000000  1.627299  0.000000  1.111068  1.109221  0.064035
681  0.000000  1.627264  0.000000  1.110946  1.109098  0.064044
682  0.000000  1.627229  0.000000  1.110824  1.108976  0.064052
683  0.000000  1.627194  0.000000  1.110702  1.108853  0.064060
684  0.000000  1.627160  0.000000  1.110580  1.108731  0.064068
685  0.000000  1.627124  0.000000  1.110458  1.108608  0.064077
686  0.000000  1.627089  0.000000  1.110336  1.108485  0.064085
687  0.000000  1.627054  0.000000  1.110213  1.108362  0.064094
688  0.000000  1.627019  0.000000  1.110090  1.108238  0.064102
689  0.000000  1.626984  0.000000  1.109968  1.108115  0.064110
690  0.000000  1.626949  0.000000  1.109845  1.107991  0.064119
691  0.000000  1.626913  0.000000  1.109721  1.107867  0.064127
692  0.000000  1.626878  0.000000  1.109598  1.107743  0.064135
693  0.000000  1.626842  0.000000  1.109474  1.107619  0.064144
694  0.000000  1.626807  0.000000  1.109351  1.107494  0.064152
695  0.000000  1.626771  0.000000  1.109227  1.107370  0.064161
696  0.000000  1.626736  0.000000  1.109103  1.107245  0.064169
697  0.000000  1.626700  0.000000  1.108979  1.107120  0.064178
698  0.000000  1.626664  0.000000  1.108854  1.106995  0.064186
699  0.000000  1.626628  0.000000  1.108730  1.106870  0.064195
700  0.000000  1.626593  0.000000  1.108605  1.106744  0.064203
701  0.000000  1.626557  0.000000  1.108480  1.106619  0.064212
702  0.000000  1.626521  0.000000  1.108355  1.106493  0.064220
703  0.000000  1.626485  0.000000  1.108230  1.106367  0.064228
704  0.000000  1.626449  0.000000  1.108105  1.106241  0.064237
705  0.000000  1.626412  0.000000  1.107979  1.106115  0.064246
706  0.000000  1.626376  0.000000  1.107853  1.105989  0.064254
707  0.000000  1.626340  0.000000  1.107728  1.105862  0.064263
708  0.000000  1.626304  0.000000  1.107602  1.105735  0.064271
709  0.000000  1.626267  0.000000  1.107475  1.105608  0.064280
710  0.000000  1.626231  0.000000  1.107349  1.105481  0.064288
711  0.000000  1.626195  0.000000  1.107223  1.105354  0.064297
712  0.000000  1.626158  0.000000  1.107096  1.105227  0.064305
713  0.000000  1.626122  0.000000  1.106969  1.105099  0.064314
714  0.000000  1.626085  0.000000  1.106842  1.104972  0.064323
715  0.000000  1.626048  0.000000  1.106715  1.104844  0.064331
716  0.000000  1.626012  0.000000  1.106588  1.104716  0.064340
717  0.000000  1.625975  0.000000  1.106460  1.104587  0.064348
718  0.000000  1.625938  0.000000  1.106333  1.104459  0.064357
719  0.000000  1.625901  0.000000  1.106205  1.104331  0.064366
720  0.000000  1.625864  0.000000  1.106077  1.104202  0.064374
721  0.000000  1.625827  0.000000  1.105949  1.104073  0.064383
722  0.000000  1.625790  0.000000  1.105820  1.103944  0.064392
723  0.000000  1.625753  0.000000  1.105692  1.103815  0.064400
724  0.000000  1.625716  0.000000  1.105563  1.103685  0.064409
725  0.000000  1.625679  0.000000  1.105434  1.103556  0.064418
726  0.000000  1.625641  0.000000  1.105305  1.103426  0.064426
727  0.000000  1.625604  0.000000  1.105176  1.103296  0.064435
728  0.000000  1.625567  0.000000  1.105047  1.103166  0.064444
729  0.000000  1.625529  0.000000  1.104918  1.103036  0.064452
730  0.000000  1.625492  0.000000  1.104788  1.102906  0.064461
731  0.000000  1.625454  0.000000  1.104658  1.102775  0.064470
732  0.000000  1.625417  0.000000  1.104528  1.102645  0.064479
733  0.000000  1.625379  0.000000  1.104398  1.102514  0.064487
734  0.000000  1.625341  0.000000  1.104268  1.102383  0.064496
735  0.000000  1.625303  0.000000  1.104138  1.102252  0.064505
736  0.000000  1.625266  0.000000  1.104007  1.102120  0.064514
737  0.000000  1.625228  0.000000  1.103876  1.101989  0.064522
738  0.000000  1.625190  0.000000  1.103745  1.101857  0.064531
739  0.000000  1.625152  0.000000  1.103614  1.101726  0.064540
740  0.000000  1.625114  0.000000  1.103483  1.101594  0.064549
741  0.000000  1.625076  0.000000  1.103352  1.101461  0.064558
742  0.000000  1.625038  0.000000  1.103220  1.101329  0.064566
743  0.000000  1.624999  0.000000  1.103088  1.101197  0.064575
744  0.000000  1.624961  0.000000  1.102957  1.101064  0.064584
745  0.000000  1.624923  0.000000  1.102824  1.100931  0.064593
746  0.000000  1.624884  0.000000  1.102692  1.100798  0.064602
747  0.000000  1.624846  0.000000  1.102560  1.100665  0.064611
748  0.000000  1.624808  0.000000  1.102427  1.100532  0.064619
749  0.000000  1.624769  0.000000  1.102295  1.100398  0.064628
750  0.000000  1.624730  0.000000  1.102162  1.100265  0.064637
751  0.000000  1.624692  0.000000  1.102029  1.100131  0.064646
752  0.000000  1.624653  0.000000  1.101896  1.099997  0.064655
753  0.000000  1.624614  0.000000  1.101762  1.099863  0.064664
754  0.000000  1.624576  0.000000  1.101629  1.099729  0.064673
755  0.000000  1.624537  0.000000  1.101495  1.099594  0.064682
756  0.000000  1.624498  0.000000  1.101361  1.099460  0.064691
757  0.000000  1.624459  0.000000  1.101227  1.099325  0.064699
758  0.000000  1.624420  0.000000  1.101093  1.099190  0.064708
759  0.000000  1.624381  0.000000  1.100959  1.099055  0.064717
760  0.000000  1.624341  0.000000  1.100824  1.098920  0.064726
761  0.000000  1.624302  0.000000  1.100690  1.098785  0.064735
762  0.000000  1.624263  0.000000  1.100555  1.098649  0.064744
763  0.000000  1.624224  0.000000  1.100420  1.098513  0.064753
764  0.000000  1.624184  0.000000  1.100285  1.098377  0.064762
765  0.000000  1.624145  0.000000  1.100150  1.098241  0.064771
766  0.000000  1.624105  0.000000  1.100014  1.098105  0.064780
767  0.000000  1.624066  0.000000  1.099879  1.097969  0.064789
768  0.000000  1.624026  0.000000  1.099743  1.097832  0.064798
769  0.000000  1.623987  0.000000  1.099607  1.097696  0.064807
770  0.000000  1.623947  0.000000  1.099471  1.097559  0.064816
771  0.000000  1.623907  0.000000  1.099335  1.097422  0.064825
772  0.000000  1.623867  0.000000  1.099198  1.097285  0.064834
773  0.000000  1.623828  0.000000  1.099062  1.097147  0.064843
774  0.000000  1.623788  0.000000  1.098925  1.097010  0.064852
775  0.000000  1.623748  0.000000  1.098788  1.096872  0.064861
776  0.000000  1.623708  0.000000  1.098651  1.096734  0.064871
777  0.000000  1.623668  0.000000  1.098514  1.096596  0.064880
778  0.000000  1.623627  0.000000  1.098377  1.096458  0.064889
779  0.000000  1.623587  0.000000  1.098239  1.096320  0.064898
780  0.000000  1.623547  0.000000  1.098101  1.096181  0.064907
781  0.000000  1.623507  0.000000  1.097964  1.096043  0.064916
782  0.000000  1.623466  0.000000  1.097826  1.095904  0.064925
783  0.000000  1.623426  0.000000  1.097687  1.095765  0.064934
784  0.000000  1.623385  0.000000  1.097549  1.095626  0.064943
785  0.000000  1.623345  0.000000  1.097411  1.095487  0.064953
786  0.000000  1.623304  0.000000  1.097272  1.095347  0.064962
787  0.000000  1.623264  0.000000  1.097133  1.095208  0.064971
788  0.000000  1.623223  0.000000  1.096994  1.095068  0.064980
789  0.000000  1.623182  0.000000  1.096855  1.094928  0.064989
790  0.000000  1.623141  0.000000  1.096716  1.094788  0.064998
791  0.000000  1.623100  0.000000  1.096577  1.094648  0.065008
792  0.000000  1.623060  0.000000  1.096437  1.094508  0.065017
793  0.000000  1.623019  0.000000  1.096297  1.094367  0.065026
794  0.000000  1.622977  0.000000  1.096157  1.094226  0.065035
795  0.000000  1.622936  0.000000  1.096017  1.094085  0.065044
796  0.000000  1.622895  0.000000  1.095877  1.093944  0.065054
797  0.000000  1.622854  0.000000  1.095737  1.093803  0.065063
798  0.000000  1.622813  0.000000  1.095596  1.093662  0.065072
799  0.000000  1.622771  0.000000  1.095455  1.093520  0.065081
800  0.000000  1.622730  0.000000  1.095315  1.093379  0.065090
801  0.000000  1.622689  0.000000  1.095174  1.093237  0.065100
802  0.000000  1.622647  0.000000  1.095032  1.093095  0.065109
803  0.000000  1.622606  0.000000  1.094891  1.092953  0.065118
804  0.000000  1.622564  0.000000  1.094750  1.092811  0.065127
805  0.000000  1.622522  0.000000  1.094608  1.092668  0.065137
806  0.000000  1.622481  0.000000  1.094466  1.092525  0.065146
807  0.000000  1.622439  0.000000  1.094324  1.092383  0.065155
808  0.000000  1.622397  0.000000  1.094182  1.092240  0.065165
809  0.000000  1.622355  0.000000  1.094040  1.092097  0.065174
810  0.000000  1.622313  0.000000  1.093897  1.091953  0.065183
811  0.000000  1.622271  0.000000  1.093755  1.091810  0.065193
812  0.000000  1.622229  0.000000  1.093612  1.091666  0.065202
813  0.000000  1.622187  0.000000  1.093469  1.091523  0.065211
814  0.000000  1.622145  0.000000  1.093326  1.091379  0.065221
815  0.000000  1.622103  0.000000  1.093183  1.091235  0.065230
816  0.000000  1.622060  0.000000  1.093039  1.091091  0.065239
817  0.000000  1.622018  0.000000  1.092896  1.090946  0.065249
818  0.000000  1.621976  0.000000  1.092752  1.090802  0.065258
819  0.000000  1.621933  0.000000  1.092608  1.090657  0.065267
820  0.000000  1.621891  0.000000  1.092464  1.090512  0.065277
821  0.000000  1.621848  0.000000  1.092320  1.090367  0.065286
822  0.000000  1.621806  0.000000  1.092176  1.090222  0.065295
823  0.000000  1.621763  0.000000  1.092031  1.090077  0.065305
824  0.000000  1.621720  0.000000  1.091887  1.089931  0.065314
825  0.000000  1.621677  0.000000  1.091742  1.089786  0.065324
826  0.000000  1.621635  0.000000  1.091597  1.089640  0.065333
827  0.000000  1.621592  0.000000  1.091452  1.089494  0.065343
828  0.000000  1.621549  0.000000  1.091306  1.089348  0.065352
829  0.000000  1.621506  0.000000  1.091161  1.089202  0.065361
830  0.000000  1.621463  0.000000  1.091015  1.089055  0.065371
831  0.000000  1.621420  0.000000  1.090870  1.088909  0.065380
832  0.000000  1.621376  0.000000  1.090724  1.088762  0.065390
833  0.000000  1.621333  0.000000  1.090578  1.088615  0.065399
834  0.000000  1.621290  0.000000  1.090432  1.088468  0.065409
835  0.000000  1.621247  0.000000  1.090285  1.088321  0.065418
836  0.000000  1.621203  0.000000  1.090139  1.088173  0.065428
837  0.000000  1.621160  0.000000  1.089992  1.088026  0.065437
838  0.000000  1.621116  0.000000  1.089845  1.087878  0.065447
839  0.000000  1.621073  0.000000  1.089698  1.087730  0.065456
840  0.000000  1.621029  0.000000  1.089551  1.087583  0.065466
841  0.000000  1.620985  0.000000  1.089404  1.087434  0.065475
842  0.000000  1.620942  0.000000  1.089256  1.087286  0.065485
843  0.000000  1.620898  0.000000  1.089109  1.087138  0.065494
844  0.000000  1.620854  0.000000  1.088961  1.086989  0.065504
845  0.000000  1.620810  0.000000  1.088813  1.086840  0.065513
846  0.000000  1.620766  0.000000  1.088665  1.086691  0.065523
847  0.000000  1.620722  0.000000  1.088517  1.086542  0.065532
848  0.000000  1.620678  0.000000  1.088368  1.086393  0.065542
849  0.000000  1.620634  0.000000  1.088220  1.086244  0.065551
850  0.000000  1.620590  0.000000  1.088071  1.086094  0.065561
851  0.000000  1.620545  0.000000  1.087922  1.085944  0.065571
852  0.000000  1.620501  0.000000  1.087773  1.085795  0.065580
853  0.000000  1.620457  0.000000  1.087624  1.085644  0.065590
854  0.000000  1.620412  0.000000  1.087475  1.085494  0.065599
855  0.000000  1.620368  0.000000  1.087325  1.085344  0.065609
856  0.000000  1.620323  0.000000  1.087176  1.085194  0.065619
857  0.000000  1.620279  0.000000  1.087026  1.085043  0.065628
858  0.000000  1.620234  0.000000  1.086876  1.084892  0.065638
859  0.000000  1.620189  0.000000  1.086726  1.084741  0.065647
860  0.000000  1.620144  0.000000  1.086576  1.084590  0.065657
861  0.000000  1.620100  0.000000  1.086425  1.084439  0.065667
862  0.000000  1.620055  0.000000  1.086275  1.084287  0.065676
863  0.000000  1.620010  0.000000  1.086124  1.084136  0.065686
864  0.000000  1.619965  0.000000  1.085973  1.083984  0.065696
865  0.000000  1.619920  0.000000  1.085822  1.083832  0.065705
866  0.000000  1.619875  0.000000  1.085671  1.083680  0.065715
867  0.000000  1.619829  0.000000  1.085519  1.083528  0.065725
868  0.000000  1.619784  0.000000  1.085368  1.083376  0.065734
869  0.000000  1.619739  0.000000  1.085216  1.083223  0.065744
870  0.000000  1.619694  0.000000  1.085065  1.083070  0.065754
871  0.000000  1.619648  0.000000  1.084913  1.082918  0.065763
872  0.000000  1.619603  0.000000  1.084761  1.082765  0.065773
873  0.000000  1.619557  0.000000  1.084608  1.082612  0.065783
874  0.000000  1.619512  0.000000  1.084456  1.082458  0.065792
875  0.000000  1.619466  0.000000  1.084303  1.082305  0.065802
876  0.000000  1.619420  0.000000  1.084151  1.082151  0.065812
877  0.000000  1.619375  0.000000  1.083998  1.081998  0.065822
878  0.000000  1.619329  0.000000  1.083845  1.081844  0.065831
879  0.000000  1.619283  0.000000  1.083692  1.081690  0.065841
880  0.000000  1.619237  0.000000  1.083538  1.081535  0.065851
881  0.000000  1.619191  0.000000  1.083385  1.081381  0.065861
882  0.000000  1.619145  0.000000  1.083231  1.081227  0.065870
883  0.000000  1.619099  0.000000  1.083077  1.081072  0.065880
884  0.000000  1.619053  0.000000  1.082923  1.080917  0.065890
885  0.000000  1.619007  0.000000  1.082769  1.080762  0.065900
886  0.000000  1.618960  0.000000  1.082615  1.080607  0.065909
887  0.000000  1.618914  0.000000  1.082461  1.080452  0.065919
888  0.000000  1.618868  0.000000  1.082306  1.080296  0.065929
889  0.000000  1.618821  0.000000  1.082151  1.080141  0.065939
890  0.000000  1.618775  0.000000  1.081997  1.079985  0.065949
891  0.000000  1.618728  0.000000  1.081842  1.079829  0.065958
892  0.000000  1.618682  0.000000  1.081686  1.079673  0.065968
893  0.000000  1.618635  0.000000  1.081531  1.079517  0.065978
894  0.000000  1.618588  0.000000  1.081376  1.079360  0.065988
895  0.000000  1.618541  0.000000  1.081220  1.079204  0.065998
896  0.000000  1.618495  0.000000  1.081064  1.079047  0.066007
897  0.000000  1.618448  0.000000  1.080908  1.078891  0.066017
898  0.000000  1.618401  0.000000  1.080752  1.078734  0.066027
899  0.000000  1.618354  0.000000  1.080596  1.078576  0.066037
900  0.000000  1.618307  0.000000  1.080440  1.078419  0.066047
901  0.000000  1.618260  0.000000  1.080283  1.078262  0.066057
902  0.000000  1.618212  0.000000  1.080127  1.078104  0.066066
903  0.000000  1.618165  0.000000  1.079970  1.077946  0.066076
904  0.000000  1.618118  0.000000  1.079813  1.077789  0.066086
905  0.000000  1.618071  0.000000  1.079656  1.077631  0.066096
906  0.000000  1.618023  0.000000  1.079498  1.077472  0.066106
907  0.000000  1.617976  0.000000  1.079341  1.077314  0.066116
908  0.000000  1.617928  0.000000  1.079183  1.077156  0.066126
909  0.000000  1.617881  0.000000  1.079026  1.076997  0.066136
910  0.000000  1.617833  0.000000  1.078868  1.076838  0.066146
911  0.000000  1.617785  0.000000  1.078710  1.076679  0.066155
912  0.000000  1.617737  0.000000  1.078552  1.076520  0.066165
913  0.000000  1.617690  0.000000  1.078393  1.076361  0.066175
914  0.000000  1.617642  0.000000  1.078235  1.076201  0.066185
915  0.000000  1.617594  0.000000  1.078076  1.076042  0.066195
916  0.000000  1.617546  0.000000  1.077917  1.075882  0.066205
917  0.000000  1.617498  0.000000  1.077758  1.075722  0.066215
918  0.000000  1.617450  0.000000  1.077599  1.075562  0.066225
919  0.000000  1.617401  0.000000  1.077440  1.075402  0.066235
920  0.000000  1.617353  0.000000  1.077281  1.075242  0.066245
921  0.000000  1.617305  0.000000  1.077121  1.075081  0.066255
922  0.000000  1.617257  0.000000  1.076961  1.074921  0.066265
923  0.000000  1.617208  0.000000  1.076802  1.074760  0.066275
924  0.000000  1.617160  0.000000  1.076642  1.074599  0.066285
925  0.000000  1.617111  0.000000  1.076481  1.074438  0.066295
926  0.000000  1.617063  0.000000  1.076321  1.074277  0.066305
927  0.000000  1.617014  0.000000  1.076161  1.074116  0.066315
928  0.000000  1.616965  0.000000  1.076000  1.073954  0.066325
929  0.000000  1.616917  0.000000  1.075839  1.073792  0.066335
930  0.000000  1.616868  0.000000  1.075679  1.073631  0.066345
931  0.000000  1.616819  0.000000  1.075517  1.073469  0.066355
932  0.000000  1.616770  0.000000  1.075356  1.073307  0.066365
933  0.000000  1.616721  0.000000  1.075195  1.073144  0.066375
934  0.000000  1.616672  0.000000  1.075033  1.072982  0.066385
935  0.000000  1.616623  0.000000  1.074872  1.072819  0.066395
936  0.000000  1.616574  0.000000  1.074710  1.072657  0.066405
937  0.000000  1.616525  0.000000  1.074548  1.072494  0.066415
938  0.000000  1.616475  0.000000  1.074386  1.072331  0.066425
939  0.000000  1.616426  0.000000  1.074224  1.072168  0.066435
940  0.000000  1.616377  0.000000  1.074061  1.072004  0.066445
941  0.000000  1.616327  0.000000  1.073899  1.071841  0.066455
942  0.000000  1.616278  0.000000  1.073736  1.071677  0.066465
943  0.000000  1.616228  0.000000  1.073573  1.071513  0.066475
944  0.000000  1.616178  0.000000  1.073410  1.071349  0.066485
945  0.000000  1.616129  0.000000  1.073247  1.071185  0.066495
946  0.000000  1.616079  0.000000  1.073084  1.071021  0.066505
947  0.000000  1.616029  0.000000  1.072921  1.070857  0.066515
948  0.000000  1.615979  0.000000  1.072757  1.070692  0.066526
949  0.000000  1.615929  0.000000  1.072593  1.070528  0.066536
950  0.000000  1.615879  0.000000  1.072430  1.070363  0.066546
951  0.000000  1.615829  0.000000  1.072266  1.070198  0.066556
952  0.000000  1.615779  0.000000  1.072101  1.070033  0.066566
953  0.000000  1.615729  0.000000  1.071937  1.069868  0.066576
954  0.000000  1.615679  0.000000  1.071773  1.069702  0.066586
955  0.000000  1.615629  0.000000  1.071608  1.069537  0.066596
956  0.000000  1.615578  0.000000  1.071443  1.069371  0.066606
957  0.000000  1.615528  0.000000  1.071278  1.069205  0.066616
958  0.000000  1.615477  0.000000  1.071113  1.069039  0.066627
959  0.000000  1.615427  0.000000  1.070948  1.068873  0.066637
960  0.000000  1.615376  0.000000  1.070783  1.068707  0.066647
961  0.000000  1.615326  0.000000  1.070617  1.068540  0.066657
962  0.000000  1.615275  0.000000  1.070452  1.068374  0.066667
963  0.000000  1.615224  0.000000  1.070286  1.068207  0.066677
964  0.000000  1.615173  0.000000  1.070120  1.068040  0.066687
965  0.000000  1.615123  0.000000  1.069954  1.067873  0.066698
966  0.000000  1.615072  0.000000  1.069788  1.067706  0.066708
967  0.000000  1.615021  0.000000  1.069621  1.067539  0.066718
968  0.000000  1.614970  0.000000  1.069455  1.067371  0.066728
969  0.000000  1.614919  0.000000  1.069288  1.067203  0.066738
970  0.000000  1.614867  0.000000  1.069121  1.067036  0.066748
971  0.000000  1.614816  0.000000  1.068954  1.066868  0.066759
972  0.000000  1.614765  0.000000  1.068787  1.066700  0.066769
973  0.000000  1.614714  0.000000  1.068620  1.066532  0.066779
974  0.000000  1.614662  0.000000  1.068453  1.066363  0.066789
975  0.000000  1.614611  0.000000  1.068285  1.066195  0.066799
976  0.000000  1.614559  0.000000  1.068117  1.066026  0.066810
977  0.000000  1.614508  0.000000  1.067950  1.065857  0.066820
978  0.000000  1.614456  0.000000  1.067782  1.065688  0.066830
979  0.000000  1.614404  0.000000  1.067614  1.065519  0.066840
980  0.000000  1.614353  0.000000  1.067445  1.065350  0.066850
981  0.000000  1.614301  0.000000  1.067277  1.065181  0.066861
982  0.000000  1.614249  0.000000  1.067108  1.065011  0.066871
983  0.000000  1.614197  0.000000  1.066940  1.064841  0.066881
984  0.000000  1.614145  0.000000  1.066771  1.064672  0.066891
985  0.000000  1.614093  0.000000  1.066602  1.064502  0.066902
986  0.000000  1.614041  0.000000  1.066433  1.064331  0.066912
987  0.000000  1.613989  0.000000  1.066263  1.064161  0.066922
988  0.000000  1.613936  0.000000  1.066094  1.063991  0.066932
989  0.000000  1.613884  0.000000  1.065924  1.063820  0.066943
990  0.000000  1.613832  0.000000  1.065755  1.063650  0.066953
991  0.000000  1.613779  0.000000  1.065585  1.063479  0.066963
992  0.000000  1.613727  0.000000  1.065415  1.063308  0.066973
993  0.000000  1.613674  0.000000  1.065245  1.063137  0.066984
994  0.000000  1.613622  0.000000  1.065074  1.062965  0.066994
995  0.000000  1.613569  0.000000  1.064904  1.062794  0.067004
996  0.000000  1.613517  0.000000  1.064733  1.062622  0.067014
997  0.000000  1.613464  0.000000  1.064563  1.062451  0.067025
998  0.000000  1.613411  0.000000  1.064392  1.062279  0.067035
999  0.000000  1.613358  0.000000  1.064221  1.062107  0.067045
1000  0.000000  1.613305  0.000000  1.064050  1.061935  0.067056
1001  0.000000  1.613252  0.000000  1.063878  1.061762  0.067066
1002  0.000000  1.613199  0.000000  1.063707  1.061590  0.067076
1003  0.000000  1.613146  0.000000  1.063535  1.061417  0.067086
1004  0.000000  1.613093  0.000000  1.063363  1.061245  0.067097
1005  0.000000  1.613040  0.000000  1.063192  1.061072  0.067107
1006  0.000000  1.612986  0.000000  1.063020  1.060899  0.067117
1007  0.000000  1.612933  0.000000  1.062847  1.060725  0.067128
1008  0.000000  1.612879  0.000000  1.062675  1.060552  0.067138
1009  0.000000  1.612826  0.000000  1.062503  1.060379  0.067148
1010  0.000000  1.612772  0.000000  1.062330  1.060205  0.067159
1011  0.000000  1.612719  0.000000  1.062157  1.060031  0.067169
1012  0.000000  1.612665  0.000000  1.061984  1.059857  0.067179
1013  0.000000  1.612611  0.000000  1.061811  1.059683  0.067190
1014  0.000000  1.612558  0.000000  1.061638  1.059509  0.067200
1015  0.000000  1.612504  0.000000  1.061465  1.059335  0.067210
1016  0.000000  1.612450  0.000000  1.061291  1.059160  0.067221
1017  0.000000  1.612396  0.000000  1.061118  1.058986  0.067231
1018  0.000000  1.612342  0.000000  1.060944  1.058811  0.067241
1019  0.000000  1.612288  0.000000  1.060770  1.058636  0.067252
1020  0.000000  1.612234  0.000000  1.060596  1.058461  0.067262
1021  0.000000  1.612180  0.000000  1.060422  1.058286  0.067272
1022  0.000000  1.612125  0.000000  1.060248  1.058111  0.067283
1023  0.000000  1.612071  0.000000  1.060073  1.057935  0.067293
1024  0.000000  1.612017  0.000000  1.059899  1.057760  0.067304
1025  0.000000  1.611962  0.000000  1.059724  1.057584  0.067314
1026  0.000000  1.611908  0.000000  1.059549  1.057408  0.067324
1027  0.000000  1.611853  0.000000  1.059374  1.057232  0.067335
1028  0.000000  1.611798  0.000000  1.059199  1.057056  0.067345
1029  0.000000  1.611744  0.000000  1.059024  1.056879  0.067355
1030  0.000000  1.611689  0.000000  1.058848  1.056703  0.067366
1031  0.000000  1.611634  0.000000  1.058673  1.056526  0.067376
1032  0.000000  1.611579  0.000000  1.058497  1.056350  0.067387
1033  0.000000  1.611524  0.000000  1.058321  1.056173  0.067397
1034  0.000000  1.611469  0.000000  1.058145  1.055996  0.067407
1035  0.000000  1.611414  0.000000  1.057969  1.055818  0.067418
1036  0.000000  1.611359  0.000000  1.057792  1.055641  0.067428
1037  0.000000  1.611304  0.000000  1.057616  1.055464  0.067439
1038  0.000000  1.611249  0.000000  1.057439  1.055286  0.067449
1039  0.000000  1.611194  0.000000  1.057263  1.055108  0.067459
1040  0.000000  1.611138  0.000000  1.057086  1.054930  0.067470
1041  0.000000  1.611083  0.000000  1.056909  1.054752  0.067480
1042  0.000000  1.611027  0.000000  1.056732  1.054574  0.067491
1043  0.000000  1.610972  0.000000  1.056554  1.054396  0.067501
1044  0.000000  1.610916  0.000000  1.056377  1.054218  0.067512
1045  0.000000  1.610861  0.000000  1.056199  1.054039  0.067522
1046  0.000000  1.610805  0.000000  1.056022  1.053860  0.067532
1047  0.000000  1.610749  0.000000  1.055844  1.053681  0.067543
1048  0.000000  1.610693  0.000000  1.055666  1.053502  0.067553
1049  0.000000  1.610637  0.000000  1.055488  1.053323  0.067564
1050  0.000000  1.610581  0.000000  1.055310  1.053144  0.067574
1051  0.000000  1.610525  0.000000  1.055131  1.052964  0.067585
1052  0.000000  1.610469  0.000000  1.054953  1.052785  0.067595
1053  0.000000  1.610413  0.000000  1.054774  1.052605  0.067606
1054  0.000000  1.610357  0.000000  1.054595  1.052425  0.067616
1055  0.000000  1.610301  0.000000  1.054416  1.052245  0.067626
1056  0.000000  1.610244  0.000000  1.054237  1.052065  0.067637
1057  0.000000  1.610188  0.000000  1.054058  1.051885  0.067647
1058  0.000000  1.610132  0.000000  1.053878  1.051704  0.067658
1059  0.000000  1.610075  0.000000  1.053699  1.051524  0.067668
1060  0.000000  1.610019  0.000000  1.053519  1.051343  0.067679
1061  0.000000  1.609962  0.000000  1.053339  1.051162  0.067689
1062  0.000000  1.609905  0.000000  1.053159  1.050981  0.067700
1063  0.000000  1.609848  0.000000  1.052979  1.050800  0.067710
1064  0.000000  1.609792  0.000000  1.052799  1.050619  0.067721
1065  0.000000  1.609735  0.000000  1.052619  1.050437  0.067731
1066  0.000000  1.609678  0.000000  1.052438  1.050256  0.067742
1067  0.000000  1.609621  0.000000  1.052258  1.050074  0.067752
1068  0.000000  1.609564  0.000000  1.052077  1.049892  0.067763
1069  0.000000  1.609507  0.000000  1.051896  1.049710  0.067773
1070  0.000000  1.609450  0.000000  1.051715  1.049528  0.067784
1071  0.000000  1.609392  0.000000  1.051534  1.049346  0.067794
1072  0.000000  1.609335  0.000000  1.051352  1.049164  0.067805
1073  0.000000  1.609278  0.000000  1.051171  1.048981  0.067815
1074  0.000000  1.609220  0.000000  1.050989  1.048798  0.067826
1075  0.000000  1.609163  0.000000  1.050808  1.048616  0.067836
1076  0.000000  1.609105  0.000000  1.050626  1.048433  0.067847
1077  0.000000  1.609048  0.000000  1.050444  1.048250  0.067857
1078  0.000000  1.608990  0.000000  1.050262  1.048066  0.067868
1079  0.000000  1.608932  0.000000  1.050079  1.047883  0.067878
1080  0.000000  1.608874  0.000000  1.049897  1.047700  0.067889
1081  0.000000  1.608817  0.000000  1.049714  1.047516  0.067899
1082  0.000000  1.608759  0.000000  1.049532  1.047332  0.067910
1083  0.000000  1.608701  0.000000  1.049349  1.047148  0.067920
1084  0.000000  1.608643  0.000000  1.049166  1.046964  0.067931
1085  0.000000  1.608585  0.000000  1.048983  1.046780  0.067941
1086  0.000000  1.608526  0.000000  1.048799  1.046596  0.067952
1087  0.000000  1.608468  0.000000  1.048616  1.046411  0.067962
1088  0.000000  1.608410  0.000000  1.048432  1.046227  0.067973
1089  0.000000  1.608352  0.000000  1.048249  1.046042  0.067983
1090  0.000000  1.608293  0.000000  1.048065  1.045857  0.067994
1091  0.000000  1.608235  0.000000  1.047881  1.045672  0.068005
1092  0.000000  1.608176  0.000000  1.047697  1.045487  0.068015
1093  0.000000  1.608118  0.000000  1.047513  1.045302  0.068026
1094  0.000000  1.608059  0.000000  1.047328  1.045116  0.068036
1095  0.000000  1.608000  0.000000  1.047144  1.044931  0.068047
1096  0.000000  1.607941  0.000000  1.046959  1.044745  0.068057
1097  0.000000  1.607883  0.000000  1.046775  1.044559  0.068068
1098  0.000000  1.607824  0.000000  1.046590  1.044373  0.068078
1099  0.000000  1.607765  0.000000  1.046405  1.044187  0.068089
1100  0.000000  1.607706  0.000000  1.046219  1.044001  0.068099
1101  0.000000  1.607647  0.000000  1.046034  1.043814  0.068110
1102  0.000000  1.607587  0.000000  1.045849  1.043628  0.068121
1103  0.000000  1.607528  0.000000  1.045663  1.043441  0.068131
1104  0.000000  1.607469  0.000000  1.045477  1.043254  0.068142
1105  0.000000  1.607410  0.000000  1.045292  1.043067  0.068152
1106  0.000000  1.607350  0.000000  1.045106  1.042880  0.068163
1107  0.000000  1.607291  0.000000  1.044919  1.042693  0.068173
1108  0.000000  1.607231  0.000000  1.044733  1.042506  0.068184
1109  0.000000  1.607172  0.000000  1.044547  1.042318  0.068195
1110  0.000000  1.607112  0.000000  1.044360  1.042131  0.068205
1111  0.000000  1.607052  0.000000  1.044174  1.041943  0.068216
1112  0.000000  1.606993  0.000000  1.043987  1.041755  0.068226
1113  0.000000  1.606933  0.000000  1.043800  1.041567  0.068237
1114  0.000000  1.606873  0.000000  1.043613  1.041379  0.068247
1115  0.000000  1.606813  0.000000  1.043426  1.041191  0.068258
1116  0.000000  1.606753  0.000000  1.043238  1.041002  0.068269
1117  0.000000  1.606693  0.000000  1.043051  1.040814  0.068279
1118  0.000000  1.606633  0.000000  1.042863  1.040625  0.068290
1119  0.000000  1.606573  0.000000  1.042676  1.040436  0.068300
1120  0.000000  1.606512  0.000000  1.042488  1.040247  0.068311
1121  0.000000  1.606452  0.000000  1.042300  1.040058  0.068321
1122  0.000000  1.606392  0.000000  1.042112  1.039869  0.068332
1123  0.000000  1.606331  0.000000  1.041923  1.039679  0.068343
1124  0.000000  1.606271  0.000000  1.041735  1.039490  0.068353
1125  0.000000  1.606210  0.000000  1.041546  1.039300  0.068364
1126  0.000000  1.606149  0.000000  1.041358  1.039111  0.068374
1127  0.000000  1.606089  0.000000  1.041169  1.038921  0.068385
1128  0.000000  1.606028  0.000000  1.040980  1.038731  0.068396
1129  0.000000  1.605967  0.000000  1.040791  1.038540  0.068406
1130  0.000000  1.605906  0.000000  1.040602  1.038350  0.068417
1131  0.000000  1.605845  0.000000  1.040412  1.038160  0.068427
1132  0.000000  1.605784  0.000000  1.040223  1.037969  0.068438
1133  0.000000  1.605723  0.000000  1.040033  1.037778  0.068449
1134  0.000000  1.605662  0.000000  1.039844  1.037588  0.068459
1135  0.000000  1.605601  0.000000  1.039654  1.037397  0.068470
1136  0.000000  1.605539  0.000000  1.039464  1.037205  0.068480
1137  0.000000  1.605478  0.000000  1.039274  1.037014  0.068491
1138  0.000000  1.605417  0.000000  1.039083  1.036823  0.068502
1139  0.000000  1.605355  0.000000  1.038893  1.036631  0.068512
1140  0.000000  1.605294  0.000000  1.038702  1.036440  0.068523
1141  0.000000  1.605232  0.000000  1.038512  1.036248  0.068533
1142  0.000000  1.605171  0.000000  1.038321  1.036056  0.068544
1143  0.000000  1.605109  0.000000  1.038130  1.035864  0.068555
1144  0.000000  1.605047  0.000000  1.037939  1.035672  0.068565
1145  0.000000  1.604985  0.000000  1.037748  1.035479  0.068576
1146  0.000000  1.604923  0.000000  1.037556  1.035287  0.068587
1147  0.000000  1.604861  0.000000  1.037365  1.035094  0.068597
1148  0.000000  1.604799  0.000000  1.037173  1.034902  0.068608
1149  0.000000  1.604737  0.000000  1.036982  1.034709  0.068618
1150  0.000000  1.604675  0.000000  1.036790  1.034516  0.068629
1151  0.000000  1.604613  0.000000  1.036598  1.034323  0.068640
1152  0.000000  1.604551  0.000000  1.036406  1.034129  0.068650
1153  0.000000  1.604488  0.000000  1.036213  1.033936  0.068661
1154  0.000000  1.604426  0.000000  1.036021  1.033743  0.068672
1155  0.000000  1.604363  0.000000  1.035828  1.033549  0.068682
1156  0.000000  1.604301  0.000000  1.035636  1.033355  0.068693
1157  0.000000  1.604238  0.000000  1.035443  1.033161  0.068703
1158  0.000000  1.604176  0.000000  1.035250  1.032967  0.068714
1159  0.000000  1.604113  0.000000  1.035057  1.032773  0.068725
1160  0.000000  1.604050  0.000000  1.034864  1.032579  0.068735
1161  0.000000  1.603987  0.000000  1.034671  1.032384  0.068746
1162  0.000000  1.603924  0.000000  1.034477  1.032190  0.068757
1163  0.000000  1.603861  0.000000  1.034284  1.031995  0.068767
1164  0.000000  1.603798  0.000000  1.034090  1.031800  0.068778
1165  0.000000  1.603735  0.000000  1.033896  1.031605  0.068788
1166  0.000000  1.603672  0.000000  1.033702  1.031410  0.068799
1167  0.000000  1.603609  0.000000  1.033508  1.031215  0.068810
1168  0.000000  1.603546  0.000000  1.033314  1.031020  0.068820
1169  0.000000  1.603482  0.000000  1.033120  1.030824  0.068831
1170  0.000000  1.603419  0.000000  1.032925  1.030629  0.068842
1171  0.000000  1.603355  0.000000  1.032731  1.030433  0.068852
1172  0.000000  1.603292  0.000000  1.032536  1.030237  0.068863
1173  0.000000  1.603228  0.000000  1.032341  1.030041  0.068873
1174  0.000000  1.603165  0.000000  1.032146  1.029845  0.068884
1175  0.000000  1.603101  0.000000  1.031951  1.029649  0.068895
1176  0.000000  1.603037  0.000000  1.031756  1.029452  0.068905
1177  0.000000  1.602973  0.000000  1.031560  1.029256  0.068916
1178  0.000000  1.602909  0.000000  1.031365  1.029059  0.068927
1179  0.000000  1.602845  0.000000  1.031169  1.028862  0.068937
1180  0.000000  1.602781  0.000000  1.030973  1.028665  0.068948
1181  0.000000  1.602717  0.000000  1.030777  1.028468  0.068959
1182  0.000000  1.602653  0.000000  1.030581  1.028271  0.068969
1183  0.000000  1.602589  0.000000  1.030385  1.028074  0.068980
1184  0.000000  1.602524  0.000000  1.030189  1.027876  0.068990
1185  0.000000  1.602460  0.000000  1.029993  1.027679  0.069001
1186  0.000000  1.602396  0.000000  1.029796  1.027481  0.069012
1187  0.000000  1.602331  0.000000  1.029599  1.027283  0.069022
1188  0.000000  1.602267  0.000000  1.029403  1.027085  0.069033
1189  0.000000  1.602202  0.000000  1.029206  1.026887  0.069044
1190  0.000000  1.602137  0.000000  1.029009  1.026689  0.069054
1191  0.000000  1.602072  0.000000  1.028811  1.026491  0.069065
1192  0.000000  1.602008  0.000000  1.028614  1.026292  0.069076
1193  0.000000  1.601943  0.000000  1.028417  1.026094  0.069086
1194  0.000000  1.601878  0.000000  1.028219  1.025895  0.069097
1195  0.000000  1.601813  0.000000  1.028021  1.025696  0.069107
1196  0.000000  1.601748  0.000000  1.027824  1.025497  0.069118
1197  0.000000  1.601683  0.000000  1.027626  1.025298  0.069129
1198  0.000000  1.601617  0.000000  1.027428  1.025099  0.069139
1199  0.000000  1.601552  0.000000  1.027229  1.024899  0.069150
1200  0.000000  1.601487  0.000000  1.027031  1.024700  0.069161
1201  0.000000  1.601421  0.000000  1.026833  1.024500  0.069171
1202  0.000000  1.601356  0.000000  1.026634  1.024300  0.069182
1203  0.000000  1.601290  0.000000  1.026435  1.024101  0.069193
1204  0.000000  1.601225  0.000000  1.026237  1.023901  0.069203
1205  0.000000  1.601159  0.000000  1.026038  1.023700  0.069214
1206  0.000000  1.601093  0.000000  1.025839  1.023500  0.069225
1207  0.000000  1.601028  0.000000  1.025639  1.023300  0.069235
1208  0.000000  1.600962  0.000000  1.025440  1.023099  0.069246
1209  0.000000  1.600896  0.000000  1.025241  1.022899  0.069256
1210  0.000000  1.600830  0.000000  1.025041  1.022698  0.069267
1211  0.000000  1.600764  0.000000  1.024841  1.022497  0.069278
1212  0.000000  1.600698  0.000000  1.024641  1.022296  0.069288
1213  0.000000  1.600632  0.000000  1.024441  1.022095  0.069299
1214  0.000000  1.600565  0.000000  1.024241  1.021894  0.069310
1215  0.000000  1.600499  0.000000  1.024041  1.021692  0.069320
1216  0.000000  1.600433  0.000000  1.023841  1.021491  0.069331
1217  0.000000  1.600366  0.000000  1.023640  1.021289  0.069342
1218  0.000000  1.600300  0.000000  1.023440  1.021087  0.069352
1219  0.000000  1.600233  0.000000  1.023239  1.020885  0.069363
1220  0.000000  1.600167  0.000000  1.023038  1.020683  0.069373
1221  0.000000  1.600100  0.000000  1.022837  1.020481  0.069384
1222  0.000000  1.600033  0.000000  1.022636  1.020279  0.069395
1223  0.000000  1.599966  0.000000  1.022435  1.020076  0.069405
1224  0.000000  1.599899  0.000000  1.022233  1.019874  0.069416
1225  0.000000  1.599833  0.000000  1.022032  1.019671  0.069427
1226  0.000000  1.599766  0.000000  1.021830  1.019468  0.069437
1227  0.000000  1.599698  0.000000  1.021629  1.019265  0.069448
1228  0.000000  1.599631  0.000000  1.021427  1.019062  0.069459
1229  0.000000  1.599564  0.000000  1.021225  1.018859  0.069469
1230  0.000000  1.599497  0.000000  1.021023  1.018656  0.069480
1231  0.000000  1.599429  0.000000  1.020821  1.018453  0.069490
1232  0.000000  1.599362  0.000000  1.020618  1.018249  0.069501
1233  0.000000  1.599295  0.000000  1.020416  1.018045  0.069512
1234  0.000000  1.599227  0.000000  1.020213  1.017842  0.069522
1235  0.000000  1.599159  0.000000  1.020010  1.017638  0.069533
1236  0.000000  1.599092  0.000000  1.019808  1.017434  0.069544
1237  0.000000  1.599024  0.000000  1.019605  1.017229  0.069554
1238  0.000000  1.598956  0.000000  1.019401  1.017025  0.069565
1239  0.000000  1.598888  0.000000  1.019198  1.016821  0.069575
1240  0.000000  1.598820  0.000000  1.018995  1.016616  0.069586
1241  0.000000  1.598753  0.000000  1.018791  1.016412  0.069597
1242  0.000000  1.598684  0.000000  1.018588  1.016207  0.069607
1243  0.000000  1.598616  0.000000  1.018384  1.016002  0.069618
1244  0.000000  1.598548  0.000000  1.018180  1.015797  0.069629
1245  0.000000  1.598480  0.000000  1.017976  1.015592  0.069639
1246  0.000000  1.598412  0.000000  1.017772  1.015386  0.069650
1247  0.000000  1.598343  0.000000  1.017568  1.015181  0.069660
1248  0.000000  1.598275  0.000000  1.017364  1.014975  0.069671
1249  0.000000  1.598206  0.000000  1.017159  1.014770  0.069682
1250  0.000000  1.598138  0.000000  1.016955  1.014564  0.069692
1251  0.000000  1.598069  0.000000  1.016750  1.014358  0.069703
1252  0.000000  1.598000  0.000000  1.016545  1.014152  0.069713
1253  0.000000  1.597932  0.000000  1.016340  1.013946  0.069724
1254  0.000000  1.597863  0.000000  1.016135  1.013740  0.069735
1255  0.000000  1.597794  0.000000  1.015930  1.013533  0.069745
1256  0.000000  1.597725  0.000000  1.015725  1.013327  0.069756
1257  0.000000  1.597656  0.000000  1.015519  1.013120  0.069766
1258  0.000000  1.597587  0.000000  1.015314  1.012913  0.069777
1259  0.000000  1.597517  0.000000  1.015108  1.012706  0.069788
1260  0.000000  1.597448  0.000000  1.014902  1.012499  0.069798
1261  0.000000  1.597379  0.000000  1.014696  1.012292  0.069809
1262  0.000000  1.597310  0.000000  1.014490  1.012085  0.069820
1263  0.000000  1.597240  0.000000  1.014284  1.011878  0.069830
1264  0.000000  1.597171  0.000000  1.014078  1.011670  0.069841
1265  0.000000  1.597101  0.000000  1.013872  1.011463  0.069851
1266  0.000000  1.597031  0.000000  1.013665  1.011255  0.069862
1267  0.000000  1.596962  0.000000  1.013458  1.011047  0.069872
1268  0.000000  1.596892  0.000000  1.013252  1.010839  0.069883
1269  0.000000  1.596822  0.000000  1.013045  1.010631  0.069894
1270  0.000000  1.596752  0.000000  1.012838  1.010423  0.069904
1271  0.000000  1.596682  0.000000  1.012631  1.010214  0.069915
1272  0.000000  1.596612  0.000000  1.012423  1.010006  0.069925
1273  0.000000  1.596542  0.000000  1.012216  1.009797  0.069936
1274  0.000000  1.596472  0.000000  1.012009  1.009588  0.069947
1275  0.000000  1.596402  0.000000  1.011801  1.009380  0.069957
1276  0.000000  1.596331  0.000000  1.011593  1.009171  0.069968
1277  0.000000  1.596261  0.000000  1.011385  1.008962  0.069978
1278  0.000000  1.596191  0.000000  1.011177  1.008752  0.069989
1279  0.000000  1.596120  0.000000  1.010969  1.008543  0.070000
1280  0.000000  1.596050  0.000000  1.010761  1.008334  0.070010
1281  0.000000  1.595979  0.000000  1.010553  1.008124  0.070021
1282  0.000000  1.595908  0.000000  1.010344  1.007914  0.070031
1283  0.000000  1.595838  0.000000  1.010136  1.007705  0.070042
1284  0.000000  1.595767  0.000000  1.009927  1.007495  0.070052
1285  0.000000  1.595696  0.000000  1.009718  1.007285  0.070063
1286  0.000000  1.595625  0.000000  1.009509  1.007074  0.070074
1287  0.000000  1.595554  0.000000  1.009300  1.006864  0.070084
1288  0.000000  1.595483  0.000000  1.009091  1.006654  0.070095
1289  0.000000  1.595412  0.000000  1.008882  1.006443  0.070105
1290  0.000000  1.595340  0.000000  1.008673  1.006233  0.070116
1291  0.000000  1.595269  0.000000  1.008463  1.006022  0.070126
1292  0.000000  1.595198  0.000000  1.008253  1.005811  0.070137
1293  0.000000  1.595126  0.000000  1.008044  1.005600  0.070148
1294  0.000000  1.595055  0.000000  1.007834  1.005389  0.070158
1295  0.000000  1.594983  0.000000  1.007624  1.005178  0.070169
1296  0.000000  1.594912  0.000000  1.007414  1.004966  0.070179
1297  0.000000  1.594840  0.000000  1.007203  1.004755  0.070190
1298  0.000000  1.594768  0.000000  1.006993  1.004543  0.070200
1299  0.000000  1.594696  0.000000  1.006783  1.004331  0.070211
1300  0.000000  1.594624  0.000000  1.006572  1.004120  0.070221
1301  0.000000  1.594552  0.000000  1.006361  1.003908  0.070232
1302  0.000000  1.594480  0.000000  1.006151  1.003696  0.070242
1303  0.000000  1.594408  0.000000  1.005940  1.003483  0.070253
1304  0.000000  1.594336  0.000000  1.005729  1.003271  0.070264
1305  0.000000  1.594264  0.000000  1.005517  1.003059  0.070274
1306  0.000000  1.594192  0.000000  1.005306  1.002846  0.070285
1307  0.000000  1.594119  0.000000  1.005095  1.002634  0.070295
1308  0.000000  1.594047  0.000000  1.004883  1.002421  0.070306
1309  0.000000  1.593974  0.000000  1.004672  1.002208  0.070316
1310  0.000000  1.593902  0.000000  1.004460  1.001995  0.070327
1311  0.000000  1.593829  0.000000  1.004248  1.001782  0.070337
1312  0.000000  1.593756  0.000000  1.004036  1.001568  0.070348
1313  0.000000  1.593684  0.000000  1.003824  1.001355  0.070358
1314  0.000000  1.593611  0.000000  1.003612  1.001142  0.070369
1315  0.000000  1.593538  0.000000  1.003399  1.000928  0.070379
1316  0.000000  1.593465  0.000000  1.003187  1.000714  0.070390
1317  0.000000  1.593392  0.000000  1.002974  1.000500  0.070400
1318  0.000000  1.593319  0.000000  1.002762  1.000286  0.070411
1319  0.000000  1.593246  0.000000  1.002549  1.000072  0.070421
1320  0.000000  1.593172  0.000000  1.002336  0.999858  0.070432
1321  0.000000  1.593099  0.000000  1.002123  0.999644  0.070442
1322  0.000000  1.593026  0.000000  1.001910  0.999429  0.070453
1323  0.000000  1.592952  0.000000  1.001696  0.999215  0.070463
1324  0.000000  1.592879  0.000000  1.001483  0.999000  0.070474
1325  0.000000  1.592805  0.000000  1.001269  0.998786  0.070484
1326  0.000000  1.592732  0.000000  1.001056  0.998571  0.070495
1327  0.000000  1.592658  0.000000  1.000842  0.998356  0.070505
1328  0.000000  1.592584  0.000000  1.000628  0.998141  0.070516
1329  0.000000  1.592510  0.000000  1.000414  0.997925  0.070526
1330  0.000000  1.592436  0.000000  1.000200  0.997710  0.070537
1331  0.000000  1.592362  0.000000  0.999986  0.997494  0.070547
1332  0.000000  1.592288  0.000000  0.999772  0.997279  0.070558
1333  0.000000  1.592214  0.000000  0.999557  0.997063  0.070568
1334  0.000000  1.592140  0.000000  0.999343  0.996847  0.070579
1335  0.000000  1.592066  0.000000  0.999128  0.996631  0.070589
1336  0.000000  1.591991  0.000000  0.998913  0.996415  0.070600
1337  0.000000  1.591917  0.000000  0.998699  0.996199  0.070610
1338  0.000000  1.591843  0.000000  0.998484  0.995983  0.070621
1339  0.000000  1.591768  0.000000  0.998268  0.995767  0.070631
1340  0.000000  1.591693  0.000000  0.998053  0.995550  0.070641
1341  0.000000  1.591619  0.000000  0.997838  0.995333  0.070652
1342  0.000000  1.591544  0.000000  0.997622  0.995117  0.070662
1343  0.000000  1.591469  0.000000  0.997407  0.994900  0.070673
1344  0.000000  1.591394  0.000000  0.997191  0.994683  0.070683
1345  0.000000  1.591319  0.000000  0.996975  0.994466  0.070694
1346  0.000000  1.591244  0.000000  0.996759  0.994249  0.070704
1347  0.000000  1.591169  0.000000  0.996543  0.994031  0.070715
1348  0.000000  1.591094  0.000000  0.996327  0.993814  0.070725
1349  0.000000  1.591019  0.000000  0.996111  0.993596  0.070735
1350  0.000000  1.590944  0.000000  0.995895  0.993379  0.070746
1351  0.000000  1.590868  0.000000  0.995678  0.993161  0.070756
1352  0.000000  1.590793  0.000000  0.995462  0.992943  0.070767
1353  0.000000  1.590718  0.000000  0.995245  0.992725  0.070777
1354  0.000000  1.590642  0.000000  0.995028  0.992507  0.070788
1355  0.000000  1.590566  0.000000  0.994811  0.992289  0.070798
1356  0.000000  1.590491  0.000000  0.994594  0.992070  0.070808
1357  0.000000  1.590415  0.000000  0.994377  0.991852  0.070819
1358  0.000000  1.590339  0.000000  0.994160  0.991633  0.070829
1359  0.000000  1.590263  0.000000  0.993942  0.991415  0.070840
1360  0.000000  1.590187  0.000000  0.993725  0.991196  0.070850
1361  0.000000  1.590111  0.000000  0.993507  0.990977  0.070861
1362  0.000000  1.590035  0.000000  0.993290  0.990758  0.070871
1363  0.000000  1.589959  0.000000  0.993072  0.990539  0.070881
1364  0.000000  1.589883  0.000000  0.992854  0.990320  0.070892
1365  0.000000  1.589806  0.000000  0.992636  0.990100  0.070902
1366  0.000000  1.589730  0.000000  0.992418  0.989881  0.070912
1367  0.000000  1.589654  0.000000  0.992199  0.989661  0.070923
1368  0.000000  1.589577  0.000000  0.991981  0.989442  0.070933
1369  0.000000  1.589500  0.000000  0.991763  0.989222  0.070944
1370  0.000000  1.589424  0.000000  0.991544  0.989002  0.070954
1371  0.000000  1.589347  0.000000  0.991325  0.988782  0.070964
1372  0.000000  1.589270  0.000000  0.991106  0.988562  0.070975
1373  0.000000  1.589193  0.000000  0.990887  0.988342  0.070985
1374  0.000000  1.589117  0.000000  0.990668  0.988121  0.070995
1375  0.000000  1.589040  0.000000  0.990449  0.987901  0.071006
1376  0.000000  1.588962  0.000000  0.990230  0.987680  0.071016
1377  0.000000  1.588885  0.000000  0.990011  0.987460  0.071027
1378  0.000000  1.588808  0.000000  0.989791  0.987239  0.071037
1379  0.000000  1.588731  0.000000  0.989572  0.987018  0.071047
1380  0.000000  1.588654  0.000000  0.989352  0.986797  0.071058
1381  0.000000  1.588576  0.000000  0.989132  0.986576  0.071068
1382  0.000000  1.588499  0.000000  0.988912  0.986354  0.071078
1383  0.000000  1.588421  0.000000  0.988692  0.986133  0.071089
1384  0.000000  1.588343  0.000000  0.988472  0.985912  0.071099
1385  0.000000  1.588266  0.000000  0.988252  0.985690  0.071109
1386  0.000000  1.588188  0.000000  0.988031  0.985468  0.071120
1387  0.000000  1.588110  0.000000  0.987811  0.985247  0.071130
1388  0.000000  1.588032  0.000000  0.987590  0.985025  0.071140
1389  0.000000  1.587954  0.000000  0.987370  0.984803  0.071151
1390  0.000000  1.587876  0.000000  0.987149  0.984581  0.071161
1391  0.000000  1.587798  0.000000  0.986928  0.984358  0.071171
1392  0.000000  1.587720  0.000000  0.986707  0.984136  0.071181
1393  0.000000  1.587642  0.000000  0.986486  0.983913  0.071192
1394  0.000000  1.587563  0.000000  0.986264  0.983691  0.071202
1395  0.000000  1.587485  0.000000  0.986043  0.983468  0.071212
1396  0.000000  1.587407  0.000000  0.985822  0.983245  0.071223
1397  0.000000  1.587328  0.000000  0.985600  0.983023  0.071233
1398  0.000000  1.587250  0.000000  0.985378  0.982800  0.071243
1399  0.000000  1.587171  0.000000  0.985157  0.982576  0.071253
1400  0.000000  1.587092  0.000000  0.984935  0.982353  0.071264
1401  0.000000  1.587013  0.000000  0.984713  0.982130  0.071274
1402  0.000000  1.586934  0.000000  0.984491  0.981906  0.071284
1403  0.000000  1.586856  0.000000  0.984268  0.981683  0.071295
1404  0.000000  1.586777  0.000000  0.984046  0.981459  0.071305
1405  0.000000  1.586697  0.000000  0.983824  0.981236  0.071315
1406  0.000000  1.586618  0.000000  0.983601  0.981012  0.071325
1407  0.000000  1.586539  0.000000  0.983378  0.980788  0.071336
1408  0.000000  1.586460  0.000000  0.983156  0.980564  0.071346
1409  0.000000  1.586380  0.000000  0.982933  0.980339  0.071356
1410  0.000000  1.586301  0.000000  0.982710  0.980115  0.071366
1411  0.000000  1.586222  0.000000  0.982487  0.979891  0.071377
1412  0.000000  1.586142  0.000000  0.982264  0.979666  0.071387
1413  0.000000  1.586062  0.000000  0.982040  0.979441  0.071397
1414  0.000000  1.585983  0.000000  0.981817  0.979217  0.071407
1415  0.000000  1.585903  0.000000  0.981593  0.978992  0.071417
1416  0.000000  1.585823  0.000000  0.981370  0.978767  0.071428
1417  0.000000  1.585743  0.000000  0.981146  0.978542  0.071438
1418  0.000000  1.585663  0.000000  0.980922  0.978317  0.071448
1419  0.000000  1.585583  0.000000  0.980698  0.978091  0.071458
1420  0.000000  1.585503  0.000000  0.980474  0.977866  0.071469
1421  0.000000  1.585423  0.000000  0.980250  0.977641  0.071479
1422  0.000000  1.585342  0.000000  0.980026  0.977415  0.071489
1423  0.000000  1.585262  0.000000  0.979802  0.977189  0.071499
1424  0.000000  1.585182  0.000000  0.979577  0.976964  0.071509
1425  0.000000  1.585101  0.000000  0.979353  0.976738  0.071519
1426  0.000000  1.585021  0.000000  0.979128  0.976512  0.071530
1427  0.000000  1.584940  0.000000  0.978903  0.976285  0.071540
1428  0.000000  1.584859  0.000000  0.978678  0.976059  0.071550
1429  0.000000  1.584778  0.000000  0.978453  0.975833  0.071560
1430  0.000000  1.584698  0.000000  0.978228  0.975606  0.071570
1431  0.000000  1.584617  0.000000  0.978003  0.975380  0.071580
1432  0.000000  1.584536  0.000000  0.977778  0.975153  0.071591
1433  0.000000  1.584455  0.000000  0.977552  0.974926  0.071601
1434  0.000000  1.584374  0.000000  0.977327  0.974700  0.071611
1435  0.000000  1.584292  0.000000  0.977101  0.974473  0.071621
1436  0.000000  1.584211  0.000000  0.976875  0.974246  0.071631
1437  0.000000  1.584130  0.000000  0.976650  0.974018  0.071641
1438  0.000000  1.584048  0.000000  0.976424  0.973791  0.071651
1439  0.000000  1.583967  0.000000  0.976198  0.973564  0.071662
1440  0.000000  1.583885  0.000000  0.975971  0.973336  0.071672
1441  0.000000  1.583804  0.000000  0.975745  0.973109  0.071682
1442  0.000000  1.583722  0.000000  0.975519  0.972881  0.071692
1443  0.000000  1.583640  0.000000  0.975292  0.972653  0.071702
1444  0.000000  1.583558  0.000000  0.975066  0.972425  0.071712
1445  0.000000  1.583477  0.000000  0.974839  0.972197  0.071722
1446  0.000000  1.583395  0.000000  0.974612  0.971969  0.071732
1447  0.000000  1.583313  0.000000  0.974385  0.971741  0.071742
1448  0.000000  1.583230  0.000000  0.974159  0.971512  0.071753
1449  0.000000  1.583148  0.000000  0.973931  0.971284  0.071763
1450  0.000000  1.583066  0.000000  0.973704  0.971055  0.071773
1451  0.000000  1.582984  0.000000  0.973477  0.970827  0.071783
1452  0.000000  1.582901  0.000000  0.973250  0.970598  0.071793
1453  0.000000  1.582819  0.000000  0.973022  0.970369  0.071803
1454  0.000000  1.582736  0.000000  0.972795  0.970140  0.071813
1455  0.000000  1.582654  0.000000  0.972567  0.969911  0.071823
1456  0.000000  1.582571  0.000000  0.972339  0.969682  0.071833
1457  0.000000  1.582488  0.000000  0.972111  0.969453  0.071843
1458  0.000000  1.582405  0.000000  0.971883  0.969223  0.071853
1459  0.000000  1.582322  0.000000  0.971655  0.968994  0.071863
1460  0.000000  1.582239  0.000000  0.971427  0.968764  0.071873
1461  0.000000  1.582156  0.000000  0.971198  0.968535  0.071883
1462  0.000000  1.582073  0.000000  0.970970  0.968305  0.071893
1463  0.000000  1.581990  0.000000  0.970742  0.968075  0.071903
1464  0.000000  1.581907  0.000000  0.970513  0.967845  0.071913
1465  0.000000  1.581824  0.000000  0.970284  0.967615  0.071923
1466  0.000000  1.581740  0.000000  0.970055  0.967385  0.071933
1467  0.000000  1.581657  0.000000  0.969827  0.967154  0.071943
1468  0.000000  1.581573  0.000000  0.969597  0.966924  0.071953
1469  0.000000  1.581489  0.000000  0.969368  0.966693  0.071963
1470  0.000000  1.581406  0.000000  0.969139  0.966463  0.071973
1471  0.000000  1.581322  0.000000  0.968910  0.966232  0.071983
1472  0.000000  1.581238  0.000000  0.968680  0.966001  0.071993
1473  0.000000  1.581154  0.000000  0.968451  0.965770  0.072003
1474  0.000000  1.581070  0.000000  0.968221  0.965539  0.072013
1475  0.000000  1.580986  0.000000  0.967991  0.965308  0.072023
1476  0.000000  1.580902  0.000000  0.967762  0.965077  0.072033
1477  0.000000  1.580818  0.000000  0.967532  0.964846  0.072043
1478  0.000000  1.580734  0.000000  0.967302  0.964614  0.072053
1479  0.000000  1.580649  0.000000  0.967072  0.964383  0.072063
1480  0.000000  1.580565  0.000000  0.966841  0.964151  0.072073
1481  0.000000  1.580480  0.000000  0.966611  0.963920  0.072083
1482  0.000000  1.580396  0.000000  0.966381  0.963688  0.072093
1483  0.000000  1.580311  0.000000  0.966150  0.963456  0.072103
1484  0.000000  1.580227  0.000000  0.965919  0.963224  0.072113
1485  0.000000  1.580142  0.000000  0.965689  0.962992  0.072123
1486  0.000000  1.580057  0.000000  0.965458  0.962759  0.072133
1487  0.000000  1.579972  0.000000  0.965227  0.962527  0.072142
1488  0.000000  1.579887  0.000000  0.964996  0.962295  0.072152
1489  0.000000  1.579802  0.000000  0.964765  0.962062  0.072162
1490  0.000000  1.579717  0.000000  0.964534  0.961830  0.072172
1491  0.000000  1.579632  0.000000  0.964302  0.961597  0.072182
1492  0.000000  1.579546  0.000000  0.964071  0.961364  0.072192
1493  0.000000  1.579461  0.000000  0.963839  0.961131  0.072202
1494  0.000000  1.579376  0.000000  0.963608  0.960898  0.072212
1495  0.000000  1.579290  0.000000  0.963376  0.960665  0.072222
1496  0.000000  1.579204  0.000000  0.963144  0.960432  0.072231
1497  0.000000  1.579119  0.000000  0.962912  0.960198  0.072241
1498  0.000000  1.579033  0.000000  0.962680  0.959965  0.072251
1499  0.000000  1.578947  0.000000  0.962448  0.959731  0.072261
1500  0.000000  1.578861  0.000000  0.962216  0.959498  0.072271
1501  0.000000  1.578776  0.000000  0.961983  0.959264  0.072281
1502  0.000000  1.578689  0.000000  0.961751  0.959030  0.072290
1503  0.000000  1.578603  0.000000  0.961519  0.958796  0.072300
1504  0.000000  1.578517  0.000000  0.961286  0.958562  0.072310
1505  0.000000  1.578431  0.000000  0.961053  0.958328  0.072320
1506  0.000000  1.578345  0.000000  0.960820  0.958094  0.072330
1507  0.000000  1.578258  0.000000  0.960588  0.957860  0.072340
1508  0.000000  1.578172  0.000000  0.960355  0.957625  0.072349
1509  0.000000  1.578085  0.000000  0.960121  0.957391  0.072359
1510  0.000000  1.577999  0.000000  0.959888  0.957156  0.072369
1511  0.000000  1.577912  0.000000  0.959655  0.956922  0.072379
1512  0.000000  1.577825  0.000000  0.959422  0.956687  0.072388
1513  0.000000  1.577739  0.000000  0.959188  0.956452  0.072398
1514  0.000000  1.577652  0.000000  0.958955  0.956217  0.072408
1515  0.000000  1.577565  0.000000  0.958721  0.955982  0.072418
1516  0.000000  1.577478  0.000000  0.958487  0.955747  0.072428
1517  0.000000  1.577391  0.000000  0.958253  0.955511  0.072437
1518  0.000000  1.577303  0.000000  0.958019  0.955276  0.072447
1519  0.000000  1.577216  0.000000  0.957785  0.955041  0.072457
1520  0.000000  1.577129  0.000000  0.957551  0.954805  0.072466
1521  0.000000  1.577041  0.000000  0.957317  0.954569  0.072476
1522  0.000000  1.576954  0.000000  0.957082  0.954334  0.072486
1523  0.000000  1.576866  0.000000  0.956848  0.954098  0.072496
1524  0.000000  1.576779  0.000000  0.956613  0.953862  0.072505
1525  0.000000  1.576691  0.000000  0.956379  0.953626  0.072515
1526  0.000000  1.576603  0.000000  0.956144  0.953390  0.072525
1527  0.000000  1.576515  0.000000  0.955909  0.953153  0.072534
1528  0.000000  1.576428  0.000000  0.955674  0.952917  0.072544
1529  0.000000  1.576340  0.000000  0.955439  0.952680  0.072554
1530  0.000000  1.576251  0.000000  0.955204  0.952444  0.072564
1531  0.000000  1.576163  0.000000  0.954969  0.952207  0.072573
1532  0.000000  1.576075  0.000000  0.954734  0.951971  0.072583
1533  0.000000  1.575987  0.000000  0.954498  0.951734  0.072593
1534  0.000000  1.575898  0.000000  0.954263  0.951497  0.072602
1535  0.000000  1.575810  0.000000  0.954027  0.951260  0.072612
1536  0.000000  1.575721  0.000000  0.953791  0.951023  0.072621
1537  0.000000  1.575633  0.000000  0.953556  0.950786  0.072631
1538  0.000000  1.575544  0.000000  0.953320  0.950548  0.072641
1539  0.000000  1.575456  0.000000  0.953084  0.950311  0.072650
1540  0.000000  1.575367  0.000000  0.952848  0.950073  0.072660
1541  0.000000  1.575278  0.000000  0.952612  0.949836  0.072670
1542  0.000000  1.575189  0.000000  0.952375  0.949598  0.072679
1543  0.000000  1.575100  0.000000  0.952139  0.949360  0.072689
1544  0.000000  1.575011  0.000000  0.951903  0.949122  0.072698
1545  0.000000  1.574922  0.000000  0.951666  0.948885  0.072708
1546  0.000000  1.574832  0.000000  0.951429  0.948646  0.072718
1547  0.000000  1.574743  0.000000  0.951193  0.948408  0.072727
1548  0.000000  1.574654  0.000000  0.950956  0.948170  0.072737
1549  0.000000  1.574564  0.000000  0.950719  0.947932  0.072746
1550  0.000000  1.574475  0.000000  0.950482  0.947693  0.072756
1551  0.000000  1.574385  0.000000  0.950245  0.947455  0.072765
1552  0.000000  1.574295  0.000000  0.950008  0.947216  0.072775
1553  0.000000  1.574205  0.000000  0.949770  0.946977  0.072785
1554  0.000000  1.574116  0.000000  0.949533  0.946739  0.072794
1555  0.000000  1.574026  0.000000  0.949296  0.946500  0.072804
1556  0.000000  1.573936  0.000000  0.949058  0.946261  0.072813
1557  0.000000  1.573846  0.000000  0.948820  0.946022  0.072823
1558  0.000000  1.573755  0.000000  0.948583  0.945782  0.072832
1559  0.000000  1.573665  0.000000  0.948345  0.945543  0.072842
1560  0.000000  1.573575  0.000000  0.948107  0.945304  0.072851
1561  0.000000  1.573485  0.000000  0.947869  0.945064  0.072861
1562  0.000000  1.573394  0.000000  0.947631  0.944825  0.072870
1563  0.000000  1.573304  0.000000  0.947393  0.944585  0.072880
1564  0.000000  1.573213  0.000000  0.947154  0.944345  0.072889
1565  0.000000  1.573122  0.000000  0.946916  0.944106  0.072899
1566  0.000000  1.573032  0.000000  0.946677  0.943866  0.072908
1567  0.000000  1.572941  0.000000  0.946439  0.943626  0.072918
1568  0.000000  1.572850  0.000000  0.946200  0.943386  0.072927
1569  0.000000  1.572759  0.000000  0.945961  0.943145  0.072936
1570  0.000000  1.572668  0.000000  0.945723  0.942905  0.072946
1571  0.000000  1.572577  0.000000  0.945484  0.942665  0.072955
1572  0.000000  1.572485  0.000000  0.945245  0.942424  0.072965
1573  0.000000  1.572394  0.000000  0.945006  0.942184  0.072974
1574  0.000000  1.572303  0.000000  0.944766  0.941943  0.072984
1575  0.000000  1.572211  0.000000  0.944527  0.941702  0.072993
1576  0.000000  1.572120  0.000000  0.944288  0.941462  0.073002
1577  0.000000  1.572028  0.000000  0.944048  0.941221  0.073012
1578  0.000000  1.571937  0.000000  0.943809  0.940980  0.073021
1579  0.000000  1.571845  0.000000  0.943569  0.940739  0.073031
1580  0.000000  1.571753  0.000000  0.943329  0.940497  0.073040
1581  0.000000  1.571661  0.000000  0.943089  0.940256  0.073049
1582  0.000000  1.571569  0.000000  0.942849  0.940015  0.073059
1583  0.000000  1.571477  0.000000  0.942609  0.939773  0.073068
1584  0.000000  1.571385  0.000000  0.942369  0.939532  0.073077
1585  0.000000  1.571293  0.000000  0.942129  0.939290  0.073087
1586  0.000000  1.571201  0.000000  0.941889  0.939048  0.073096
1587  0.000000  1.571108  0.000000  0.941649  0.938806  0.073105
1588  0.000000  1.571016  0.000000  0.941408  0.938565  0.073115
1589  0.000000  1.570924  0.000000  0.941168  0.938323  0.073124
1590  0.000000  1.570831  0.000000  0.940927  0.938080  0.073133
1591  0.000000  1.570738  0.000000  0.940686  0.937838  0.073143
1592  0.000000  1.570646  0.000000  0.940445  0.937596  0.073152
1593  0.000000  1.570553  0.000000  0.940204  0.937354  0.073161
1594  0.000000  1.570460  0.000000  0.939963  0.937111  0.073171
1595  0.000000  1.570367  0.000000  0.939722  0.936869  0.073180
1596  0.000000  1.570274  0.000000  0.939481  0.936626  0.073189
1597  0.000000  1.570181  0.000000  0.939240  0.936383  0.073198
1598  0.000000  1.570088  0.000000  0.938999  0.936140  0.073208
1599  0.000000  1.569995  0.000000  0.938757  0.935898  0.073217
1600  0.000000  1.569901  0.000000  0.938516  0.935655  0.073226
1601  0.000000  1.569808  0.000000  0.938274  0.935412  0.073235
1602  0.000000  1.569714  0.000000  0.938032  0.935168  0.073245
1603  0.000000  1.569621  0.000000  0.937791  0.934925  0.073254
1604  0.000000  1.569527  0.000000  0.937549  0.934682  0.073263
1605  0.000000  1.569433  0.000000  0.937307  0.934438  0.073272
1606  0.000000  1.569340  0.000000  0.937065  0.934195  0.073282
1607  0.000000  1.569246  0.000000  0.936823  0.933951  0.073291
1608  0.000000  1.569152  0.000000  0.936580  0.933708  0.073300
1609  0.000000  1.569058  0.000000  0.936338  0.933464  0.073309
1610  0.000000  1.568964  0.000000  0.936096  0.933220  0.073318
1611  0.000000  1.568870  0.000000  0.935853  0.932976  0.073327
1612  0.000000  1.568775  0.000000  0.935611  0.932732  0.073337
1613  0.000000  1.568681  0.000000  0.935368  0.932488  0.073346
1614  0.000000  1.568587  0.000000  0.935125  0.932244  0.073355
1615  0.000000  1.568492  0.000000  0.934882  0.931999  0.073364
1616  0.000000  1.568398  0.000000  0.934639  0.931755  0.073373
1617  0.000000  1.568303  0.000000  0.934396  0.931510  0.073382
1618  0.000000  1.568208  0.000000  0.934153  0.931266  0.073391
1619  0.000000  1.568114  0.000000  0.933910  0.931021  0.073401
1620  0.000000  1.568019  0.000000  0.933667  0.930776  0.073410
1621  0.000000  1.567924  0.000000  0.933424  0.930532  0.073419
1622  0.000000  1.567829  0.000000  0.933180  0.930287  0.073428
1623  0.000000  1.567734  0.000000  0.932937  0.930042  0.073437
1624  0.000000  1.567639  0.000000  0.932693  0.929797  0.073446
1625  0.000000  1.567543  0.000000  0.932449  0.929551  0.073455
1626  0.000000  1.567448  0.000000  0.932205  0.929306  0.073464
1627  0.000000  1.567353  0.000000  0.931962  0.929061  0.073473
1628  0.000000  1.567257  0.000000  0.931718  0.928815  0.073482
1629  0.000000  1.567162  0.000000  0.931474  0.928570  0.073491
1630  0.000000  1.567066  0.000000  0.931230  0.928324  0.073500
1631  0.000000  1.566970  0.000000  0.930985  0.928079  0.073509
1632  0.000000  1.566874  0.000000  0.930741  0.927833  0.073518
1633  0.000000  1.566779  0.000000  0.930497  0.927587  0.073528
1634  0.000000  1.566683  0.000000  0.930252  0.927341  0.073537
1635  0.000000  1.566587  0.000000  0.930008  0.927095  0.073546
1636  0.000000  1.566491  0.000000  0.929763  0.926849  0.073555
1637  0.000000  1.566394  0.000000  0.929518  0.926603  0.073564
1638  0.000000  1.566298  0.000000  0.929274  0.926357  0.073573
1639  0.000000  1.566202  0.000000  0.929029  0.926110  0.073581
1640  0.000000  1.566105  0.000000  0.928784  0.925864  0.073590
1641  0.000000  1.566009  0.000000  0.928539  0.925617  0.073599
1642  0.000000  1.565912  0.000000  0.928294  0.925371  0.073608
1643  0.000000  1.565816  0.000000  0.928048  0.925124  0.073617
1644  0.000000  1.565719  0.000000  0.927803  0.924877  0.073626
1645  0.000000  1.565622  0.000000  0.927558  0.924630  0.073635
1646  0.000000  1.565525  0.000000  0.927312  0.924383  0.073644
1647  0.000000  1.565428  0.000000  0.927067  0.924136  0.073653
1648  0.000000  1.565331  0.000000  0.926821  0.923889  0.073662
1649  0.000000  1.565234  0.000000  0.926575  0.923642  0.073671
1650  0.000000  1.565137  0.000000  0.926330  0.923395  0.073680
1651  0.000000  1.565040  0.000000  0.926084  0.923147  0.073689
1652  0.000000  1.564943  0.000000  0.925838  0.922900  0.073698
1653  0.000000  1.564845  0.000000  0.925592  0.922652  0.073706
1654  0.000000  1.564748  0.000000  0.925346  0.922405  0.073715
1655  0.000000  1.564650  0.000000  0.925099  0.922157  0.073724
1656  0.000000  1.564552  0.000000  0.924853  0.921909  0.073733
1657  0.000000  1.564455  0.000000  0.924607  0.921662  0.073742
1658  0.000000  1.564357  0.000000  0.924360  0.921414  0.073751
1659  0.000000  1.564259  0.000000  0.924114  0.921166  0.073759
1660  0.000000  1.564161  0.000000  0.923867  0.920917  0.073768
1661  0.000000  1.564063  0.000000  0.923621  0.920669  0.073777
1662  0.000000  1.563965  0.000000  0.923374  0.920421  0.073786
1663  0.000000  1.563867  0.000000  0.923127  0.920173  0.073795
1664  0.000000  1.563768  0.000000  0.922880  0.919924  0.073804
1665  0.000000  1.563670  0.000000  0.922633  0.919676  0.073812
1666  0.000000  1.563572  0.000000  0.922386  0.919427  0.073821
1667  0.000000  1.563473  0.000000  0.922139  0.919178  0.073830
1668  0.000000  1.563375  0.000000  0.921891  0.918930  0.073839
1669  0.000000  1.563276  0.000000  0.921644  0.918681  0.073847
1670  0.000000  1.563177  0.000000  0.921397  0.918432  0.073856
1671  0.000000  1.563078  0.000000  0.921149  0.918183  0.073865
1672  0.000000  1.562979  0.000000  0.920902  0.917934  0.073874
1673  0.000000  1.562880  0.000000  0.920654  0.917685  0.073882
1674  0.000000  1.562781  0.000000  0.920406  0.917435  0.073891
1675  0.000000  1.562682  0.000000  0.920158  0.917186  0.073900
1676  0.000000  1.562583  0.000000  0.919911  0.916937  0.073908
1677  0.000000  1.562484  0.000000  0.919663  0.916687  0.073917
1678  0.000000  1.562384  0.000000  0.919414  0.916438  0.073926
1679  0.000000  1.562285  0.000000  0.919166  0.916188  0.073934
1680  0.000000  1.562185  0.000000  0.918918  0.915938  0.073943
1681  0.000000  1.562086  0.000000  0.918670  0.915688  0.073952
1682  0.000000  1.561986  0.000000  0.918421  0.915439  0.073960
1683  0.000000  1.561886  0.000000  0.918173  0.915189  0.073969
1684  0.000000  1.561786  0.000000  0.917924  0.914939  0.073978
1685  0.000000  1.561686  0.000000  0.917676  0.914688  0.073986
1686  0.000000  1.561586  0.000000  0.917427  0.914438  0.073995
1687  0.000000  1.561486  0.000000  0.917178  0.914188  0.074004
1688  0.000000  1.561386  0.000000  0.916929  0.913938  0.074012
1689  0.000000  1.561286  0.000000  0.916681  0.913687  0.074021
1690  0.000000  1.561186  0.000000  0.916432  0.913437  0.074029
1691  0.000000  1.561085  0.000000  0.916182  0.913186  0.074038
1692  0.000000  1.560985  0.000000  0.915933  0.912935  0.074047
1693  0.000000  1.560884  0.000000  0.915684  0.912685  0.074055
1694  0.000000  1.560783  0.000000  0.915435  0.912434  0.074064
1695  0.000000  1.560683  0.000000  0.915185  0.912183  0.074072
1696  0.000000  1.560582  0.000000  0.914936  0.911932  0.074081
1697  0.000000  1.560481  0.000000  0.914686  0.911681  0.074089
1698  0.000000  1.560380  0.000000  0.914437  0.911430  0.074098
1699  0.000000  1.560279  0.000000  0.914187  0.911178  0.074106
1700  0.000000  1.560178  0.000000  0.913937  0.910927  0.074115
1701  0.000000  1.560077  0.000000  0.913687  0.910676  0.074123
1702  0.000000  1.559975  0.000000  0.913437  0.910424  0.074132
1703  0.000000  1.559874  0.000000  0.913187  0.910173  0.074140
1704  0.000000  1.559773  0.000000  0.912937  0.909921  0.074149
1705  0.000000  1.559671  0.000000  0.912687  0.909669  0.074157
1706  0.000000  1.559570  0.000000  0.912437  0.909418  0.074166
1707  0.000000  1.559468  0.000000  0.912186  0.909166  0.074174
1708  0.000000  1.559366  0.000000  0.911936  0.908914  0.074183
1709  0.000000  1.559264  0.000000  0.911686  0.908662  0.074191
1710  0.000000  1.559162  0.000000  0.911435  0.908410  0.074200
1711  0.000000  1.559060  0.000000  0.911184  0.908158  0.074208
1712  0.000000  1.558958  0.000000  0.910934  0.907905  0.074216
1713  0.000000  1.558856  0.000000  0.910683  0.907653  0.074225
1714  0.000000  1.558754  0.000000  0.910432  0.907401  0.074233
1715  0.000000  1.558651  0.000000  0.910181  0.907148  0.074242
1716  0.000000  1.558549  0.000000  0.909930  0.906896  0.074250
1717  0.000000  1.558447  0.000000  0.909679  0.906643  0.074258
1718  0.000000  1.558344  0.000000  0.909428  0.906390  0.074267
1719  0.000000  1.558241  0.000000  0.909177  0.906138  0.074275
1720  0.000000  1.558139  0.000000  0.908925  0.905885  0.074283
1721  0.000000  1.558036  0.000000  0.908674  0.905632  0.074292
1722  0.000000  1.557933  0.000000  0.908422  0.905379  0.074300
1723  0.000000  1.557830  0.000000  0.908171  0.905126  0.074308
1724  0.000000  1.557727  0.000000  0.907919  0.904873  0.074317
1725  0.000000  1.557624  0.000000  0.907668  0.904619  0.074325
1726  0.000000  1.557521  0.000000  0.907416  0.904366  0.074333
1727  0.000000  1.557417  0.000000  0.907164  0.904113  0.074342
1728  0.000000  1.557314  0.000000  0.906912  0.903859  0.074350
1729  0.000000  1.557210  0.000000  0.906660  0.903606  0.074358
1730  0.000000  1.557107  0.000000  0.906408  0.903352  0.074366
1731  0.000000  1.557003  0.000000  0.906156  0.903098  0.074375
1732  0.000000  1.556900  0.000000  0.905904  0.902845  0.074383
1733  0.000000  1.556796  0.000000  0.905651  0.902591  0.074391
1734  0.000000  1.556692  0.000000  0.905399  0.902337  0.074399
1735  0.000000  1.556588  0.000000  0.905147  0.902083  0.074408
1736  0.000000  1.556484  0.000000  0.904894  0.901829  0.074416
1737  0.000000  1.556380  0.000000  0.904641  0.901575  0.074424
1738  0.000000  1.556276  0.000000  0.904389  0.901321  0.074432
1739  0.000000  1.556171  0.000000  0.904136  0.901066  0.074440
1740  0.000000  1.556067  0.000000  0.903883  0.900812  0.074449
1741  0.000000  1.555963  0.000000  0.903630  0.900558  0.074457
1742  0.000000  1.555858  0.000000  0.903377  0.900303  0.074465
1743  0.000000  1.555753  0.000000  0.903124  0.900049  0.074473
1744  0.000000  1.555649  0.000000  0.902871  0.899794  0.074481
1745  0.000000  1.555544  0.000000  0.902618  0.899539  0.074489
1746  0.000000  1.555439  0.000000  0.902365  0.899285  0.074498
1747  0.000000  1.555334  0.000000  0.902112  0.899030  0.074506
1748  0.000000  1.555229  0.000000  0.901858  0.898775  0.074514
1749  0.000000  1.555124  0.000000  0.901605  0.898520  0.074522
1750  0.000000  1.555019  0.000000  0.901351  0.898265  0.074530
1751  0.000000  1.554914  0.000000  0.901098  0.898010  0.074538
1752  0.000000  1.554808  0.000000  0.900844  0.897754  0.074546
1753  0.000000  1.554703  0.000000  0.900590  0.897499  0.074554
1754  0.000000  1.554598  0.000000  0.900336  0.897244  0.074562
1755  0.000000  1.554492  0.000000  0.900083  0.896988  0.074570
1756  0.000000  1.554386  0.000000  0.899829  0.896733  0.074578
1757  0.000000  1.554281  0.000000  0.899575  0.896477  0.074586
1758  0.000000  1.554175  0.000000  0.899320  0.896222  0.074594
1759  0.000000  1.554069  0.000000  0.899066  0.895966  0.074602
1760  0.000000  1.553963  0.000000  0.898812  0.895710  0.074610
1761  0.000000  1.553857  0.000000  0.898558  0.895454  0.074618
1762  0.000000  1.553751  0.000000  0.898303  0.895198  0.074626
1763  0.000000  1.553644  0.000000  0.898049  0.894942  0.074634
1764  0.000000  1.553538  0.000000  0.897794  0.894686  0.074642
1765  0.000000  1.553432  0.000000  0.897540  0.894430  0.074650
1766  0.000000  1.553325  0.000000  0.897285  0.894174  0.074658
1767  0.000000  1.553219  0.000000  0.897030  0.893917  0.074666
1768  0.000000  1.553112  0.000000  0.896776  0.893661  0.074674
1769  0.000000  1.553005  0.000000  0.896521  0.893405  0.074682
1770  0.000000  1.552899  0.000000  0.896266  0.893148  0.074690
1771  0.000000  1.552792  0.000000  0.896011  0.892892  0.074698
1772  0.000000  1.552685  0.000000  0.895756  0.892635  0.074706
1773  0.000000  1.552578  0.000000  0.895500  0.892378  0.074714
1774  0.000000  1.552470  0.000000  0.895245  0.892122  0.074722
1775  0.000000  1.552363  0.000000  0.894990  0.891865  0.074729
1776  0.000000  1.552256  0.000000  0.894735  0.891608  0.074737
1777  0.000000  1.552149  0.000000  0.894479  0.891351  0.074745
1778  0.000000  1.552041  0.000000  0.894224  0.891094  0.074753
1779  0.000000  1.551934  0.000000  0.893968  0.890837  0.074761
1780  0.000000  1.551826  0.000000  0.893712  0.890579  0.074769
1781  0.000000  1.551718  0.000000  0.893457  0.890322  0.074776
1782  0.000000  1.551610  0.000000  0.893201  0.890065  0.074784
1783  0.000000  1.551503  0.000000  0.892945  0.889807  0.074792
1784  0.000000  1.551395  0.000000  0.892689  0.889550  0.074800
1785  0.000000  1.551286  0.000000  0.892433  0.889292  0.074808
1786  0.000000  1.551178  0.000000  0.892177  0.889035  0.074815
1787  0.000000  1.551070  0.000000  0.891921  0.888777  0.074823
1788  0.000000  1.550962  0.000000  0.891665  0.888519  0.074831
1789  0.000000  1.550853  0.000000  0.891409  0.888261  0.074839
1790  0.000000  1.550745  0.000000  0.891152  0.888004  0.074846
1791  0.000000  1.550636  0.000000  0.890896  0.887746  0.074854
1792  0.000000  1.550528  0.000000  0.890639  0.887488  0.074862
1793  0.000000  1.550419  0.000000  0.890383  0.887229  0.074870
1794  0.000000  1.550310  0.000000  0.890126  0.886971  0.074877
1795  0.000000  1.550201  0.000000  0.889870  0.886713  0.074885
1796  0.000000  1.550092  0.000000  0.889613  0.886455  0.074893
1797  0.000000  1.549983  0.000000  0.889356  0.886196  0.074900
1798  0.000000  1.549874  0.000000  0.889099  0.885938  0.074908
1799  0.000000  1.549765  0.000000  0.888842  0.885680  0.074916
1800  0.000000  1.549656  0.000000  0.888585  0.885421  0.074923
1801  0.000000  1.549546  0.000000  0.888328  0.885162  0.074931
1802  0.000000  1.549437  0.000000  0.888071  0.884904  0.074939
1803  0.000000  1.549327  0.000000  0.887814  0.884645  0.074946
1804  0.000000  1.549218  0.000000  0.887557  0.884386  0.074954
1805  0.000000  1.549108  0.000000  0.887299  0.884127  0.074961
1806  0.000000  1.548998  0.000000  0.887042  0.883868  0.074969
1807  0.000000  1.548888  0.000000  0.886784  0.883609  0.074977
1808  0.000000  1.548778  0.000000  0.886527  0.883350  0.074984
1809  0.000000  1.548668  0.000000  0.886269  0.883091  0.074992
1810  0.000000  1.548558  0.000000  0.886012  0.882832  0.074999
1811  0.000000  1.548448  0.000000  0.885754  0.882572  0.075007
1812  0.000000  1.548338  0.000000  0.885496  0.882313  0.075014
1813  0.000000  1.548227  0.000000  0.885238  0.882054  0.075022
1814  0.000000  1.548117  0.000000  0.884980  0.881794  0.075029
1815  0.000000  1.548006  0.000000  0.884722  0.881534  0.075037
1816  0.000000  1.547896  0.000000  0.884464  0.881275  0.075044
1817  0.000000  1.547785  0.000000  0.884206  0.881015  0.075052
1818  0.000000  1.547674  0.000000  0.883948  0.880755  0.075059
1819  0.000000  1.547563  0.000000  0.883690  0.880496  0.075067
1820  0.000000  1.547452  0.000000  0.883431  0.880236  0.075074
1821  0.000000  1.547341  0.000000  0.883173  0.879976  0.075082
1822  0.000000  1.547230  0.000000  0.882915  0.879716  0.075089
1823  0.000000  1.547119  0.000000  0.882656  0.879456  0.075097
1824  0.000000  1.547007  0.000000  0.882397  0.879195  0.075104
1825  0.000000  1.546896  0.000000  0.882139  0.878935  0.075111
1826  0.000000  1.546784  0.000000  0.881880  0.878675  0.075119
1827  0.000000  1.546673  0.000000  0.881621  0.878415  0.075126
1828  0.000000  1.546561  0.000000  0.881363  0.878154  0.075134
1829  0.000000  1.546449  0.000000  0.881104  0.877894  0.075141
1830  0.000000  1.546338  0.000000  0.880845  0.877633  0.075148
1831  0.000000  1.546226  0.000000  0.880586  0.877373  0.075156
1832  0.000000  1.546114  0.000000  0.880327  0.877112  0.075163
1833  0.000000  1.546002  0.000000  0.880067  0.876851  0.075170
1834  0.000000  1.545889  0.000000  0.879808  0.876590  0.075178
1835  0.000000  1.545777  0.000000  0.879549  0.876330  0.075185
1836  0.000000  1.545665  0.000000  0.879290  0.876069  0.075192
1837  0.000000  1.545552  0.000000  0.879030  0.875808  0.075200
1838  0.000000  1.545440  0.000000  0.878771  0.875547  0.075207
1839  0.000000  1.545327  0.000000  0.878511  0.875286  0.075214
1840  0.000000  1.545215  0.000000  0.878252  0.875024  0.075222
1841  0.000000  1.545102  0.000000  0.877992  0.874763  0.075229
1842  0.000000  1.544989  0.000000  0.877732  0.874502  0.075236
1843  0.000000  1.544876  0.000000  0.877472  0.874240  0.075243
1844  0.000000  1.544763  0.000000  0.877213  0.873979  0.075251
1845  0.000000  1.544650  0.000000  0.876953  0.873718  0.075258
1846  0.000000  1.544537  0.000000  0.876693  0.873456  0.075265
1847  0.000000  1.544423  0.000000  0.876433  0.873194  0.075272
1848  0.000000  1.544310  0.000000  0.876173  0.872933  0.075279
1849  0.000000  1.544197  0.000000  0.875913  0.872671  0.075287
1850  0.000000  1.544083  0.000000  0.875652  0.872409  0.075294
1851  0.000000  1.543970  0.000000  0.875392  0.872147  0.075301
1852  0.000000  1.543856  0.000000  0.875132  0.871885  0.075308
1853  0.000000  1.543742  0.000000  0.874871  0.871623  0.075315
1854  0.000000  1.543628  0.000000  0.874611  0.871361  0.075322
1855  0.000000  1.543514  0.000000  0.874350  0.871099  0.075329
1856  0.000000  1.543400  0.000000  0.874090  0.870837  0.075337
1857  0.000000  1.543286  0.000000  0.873829  0.870575  0.075344
1858  0.000000  1.543172  0.000000  0.873568  0.870313  0.075351
1859  0.000000  1.543057  0.000000  0.873308  0.870050  0.075358
1860  0.000000  1.542943  0.000000  0.873047  0.869788  0.075365
1861  0.000000  1.542829  0.000000  0.872786  0.869525  0.075372
1862  0.000000  1.542714  0.000000  0.872525  0.869263  0.075379
1863  0.000000  1.542599  0.000000  0.872264  0.869000  0.075386
1864  0.000000  1.542485  0.000000  0.872003  0.868738  0.075393
1865  0.000000  1.542370  0.000000  0.871742  0.868475  0.075400
1866  0.000000  1.542255  0.000000  0.871481  0.868212  0.075407
1867  0.000000  1.542140  0.000000  0.871219  0.867949  0.075414
1868  0.000000  1.542025  0.000000  0.870958  0.867686  0.075421
1869  0.000000  1.541910  0.000000  0.870697  0.867423  0.075428
1870  0.000000  1.541794  0.000000  0.870435  0.867160  0.075435
1871  0.000000  1.541679  0.000000  0.870174  0.866897  0.075442
1872  0.000000  1.541564  0.000000  0.869912  0.866634  0.075449
1873  0.000000  1.541448  0.000000  0.869651  0.866371  0.075456
1874  0.000000  1.541332  0.000000  0.869389  0.866108  0.075463
1875  0.000000  1.541217  0.000000  0.869127  0.865845  0.075470
1876  0.000000  1.541101  0.000000  0.868866  0.865581  0.075477
1877  0.000000  1.540985  0.000000  0.868604  0.865318  0.075484
1878  0.000000  1.540869  0.000000  0.868342  0.865054  0.075491
1879  0.000000  1.540753  0.000000  0.868080  0.864791  0.075497
1880  0.000000  1.540637  0.000000  0.867818  0.864527  0.075504
1881  0.000000  1.540521  0.000000  0.867556  0.864263  0.075511
1882  0.000000  1.540404  0.000000  0.867294  0.864000  0.075518
1883  0.000000  1.540288  0.000000  0.867032  0.863736  0.075525
1884  0.000000  1.540172  0.000000  0.866769  0.863472  0.075532
1885  0.000000  1.540055  0.000000  0.866507  0.863208  0.075539
1886  0.000000  1.539938  0.000000  0.866245  0.862944  0.075545
1887  0.000000  1.539822  0.000000  0.865982  0.862680  0.075552
1888  0.000000  1.539705  0.000000  0.865720  0.862416  0.075559
1889  0.000000  1.539588  0.000000  0.865457  0.862152  0.075566
1890  0.000000  1.539471  0.000000  0.865195  0.861888  0.075572
1891  0.000000  1.539354  0.000000  0.864932  0.861624  0.075579
1892  0.000000  1.539237  0.000000  0.864669  0.861359  0.075586
1893  0.000000  1.539119  0.000000  0.864407  0.861095  0.075593
1894  0.000000  1.539002  0.000000  0.864144  0.860831  0.075599
1895  0.000000  1.538885  0.000000  0.863881  0.860566  0.075606
1896  0.000000  1.538767  0.000000  0.863618  0.860302  0.075613
1897  0.000000  1.538650  0.000000  0.863355  0.860037  0.075620
1898  0.000000  1.538532  0.000000  0.863092  0.859772  0.075626
1899  0.000000  1.538414  0.000000  0.862829  0.859508  0.075633
1900  0.000000  1.538296  0.000000  0.862566  0.859243  0.075640
1901  0.000000  1.538178  0.000000  0.862303  0.858978  0.075646
1902  0.000000  1.538060  0.000000  0.862039  0.858713  0.075653
1903  0.000000  1.537942  0.000000  0.861776  0.858448  0.075660
1904  0.000000  1.537824  0.000000  0.861513  0.858183  0.075666
1905  0.000000  1.537705  0.000000  0.861249  0.857918  0.075673
1906  0.000000  1.537587  0.000000  0.860986  0.857653  0.075679
1907  0.000000  1.537469  0.000000  0.860722  0.857388  0.075686
1908  0.000000  1.537350  0.000000  0.860458  0.857123  0.075693
1909  0.000000  1.537231  0.000000  0.860195  0.856857  0.075699
1910  0.000000  1.537113  0.000000  0.859931  0.856592  0.075706
1911  0.000000  1.536994  0.000000  0.859667  0.856327  0.075712
1912  0.000000  1.536875  0.000000  0.859404  0.856061  0.075719
1913  0.000000  1.536756  0.000000  0.859140  0.855796  0.075725
1914  0.000000  1.536637  0.000000  0.858876  0.855530  0.075732
1915  0.000000  1.536518  0.000000  0.858612  0.855265  0.075739
1916  0.000000  1.536398  0.000000  0.858348  0.854999  0.075745
1917  0.000000  1.536279  0.000000  0.858084  0.854733  0.075752
1918  0.000000  1.536159  0.000000  0.857819  0.854468  0.075758
1919  0.000000  1.536040  0.000000  0.857555  0.854202  0.075764
1920  0.000000  1.535920  0.000000  0.857291  0.853936  0.075771
1921  0.000000  1.535800  0.000000  0.857027  0.853670  0.075777
1922  0.000000  1.535681  0.000000  0.856762  0.853404  0.075784
1923  0.000000  1.535561  0.000000  0.856498  0.853138  0.075790
1924  0.000000  1.535441  0.000000  0.856233  0.852872  0.075797
1925  0.000000  1.535321  0.000000  0.855969  0.852606  0.075803
1926  0.000000  1.535201  0.000000  0.855704  0.852340  0.075810
1927  0.000000  1.535080  0.000000  0.855440  0.852073  0.075816
1928  0.000000  1.534960  0.000000  0.855175  0.851807  0.075822
1929  0.000000  1.534839  0.000000  0.854910  0.851541  0.075829
1930  0.000000  1.534719  0.000000  0.854645  0.851274  0.075835
1931  0.000000  1.534598  0.000000  0.854381  0.851008  0.075841
1932  0.000000  1.534478  0.000000  0.854116  0.850741  0.075848
1933  0.000000  1.534357  0.000000  0.853851  0.850475  0.075854
1934  0.000000  1.534236  0.000000  0.853586  0.850208  0.075860
1935  0.000000  1.534115  0.000000  0.853321  0.849941  0.075867
1936  0.000000  1.533994  0.000000  0.853056  0.849675  0.075873
1937  0.000000  1.533873  0.000000  0.852790  0.849408  0.075879
1938  0.000000  1.533752  0.000000  0.852525  0.849141  0.075886
1939  0.000000  1.533630  0.000000  0.852260  0.848874  0.075892
1940  0.000000  1.533509  0.000000  0.851995  0.848607  0.075898
1941  0.000000  1.533387  0.000000  0.851729  0.848340  0.075904
1942  0.000000  1.533266  0.000000  0.851464  0.848073  0.075911
1943  0.000000  1.533144  0.000000  0.851198  0.847806  0.075917
1944  0.000000  1.533022  0.000000  0.850933  0.847539  0.075923
1945  0.000000  1.532900  0.000000  0.850667  0.847272  0.075929
1946  0.000000  1.532778  0.000000  0.850402  0.847005  0.075935
1947  0.000000  1.532656  0.000000  0.850136  0.846737  0.075942
1948  0.000000  1.532534  0.000000  0.849870  0.846470  0.075948
1949  0.000000  1.532412  0.000000  0.849604  0.846203  0.075954
1950  0.000000  1.532290  0.000000  0.849339  0.845935  0.075960
1951  0.000000  1.532167  0.000000  0.849073  0.845668  0.075966
1952  0.000000  1.532045  0.000000  0.848807  0.845400  0.075972
1953  0.000000  1.531922  0.000000  0.848541  0.845132  0.075978
1954  0.000000  1.531800  0.000000  0.848275  0.844865  0.075985
1955  0.000000  1.531677  0.000000  0.848009  0.844597  0.075991
1956  0.000000  1.531554  0.000000  0.847743  0.844329  0.075997
1957  0.000000  1.531431  0.000000  0.847476  0.844062  0.076003
1958  0.000000  1.531308  0.000000  0.847210  0.843794  0.076009
1959  0.000000  1.531185  0.000000  0.846944  0.843526  0.076015
1960  0.000000  1.531062  0.000000  0.846678  0.843258  0.076021
1961  0.000000  1.530938  0.000000  0.846411  0.842990  0.076027
1962  0.000000  1.530815  0.000000  0.846145  0.842722  0.076033
1963  0.000000  1.530691  0.000000  0.845878  0.842454  0.076039
1964  0.000000  1.530568  0.000000  0.845612  0.842185  0.076045
1965  0.000000  1.530444  0.000000  0.845345  0.841917  0.076051
1966  0.000000  1.530320  0.000000  0.845078  0.841649  0.076057
1967  0.000000  1.530197  0.000000  0.844812  0.841381  0.076063
1968  0.000000  1.530073  0.000000  0.844545  0.841112  0.076069
1969  0.000000  1.529949  0.000000  0.844278  0.840844  0.076075
1970  0.000000  1.529824  0.000000  0.844011  0.840575  0.076081
1971  0.000000  1.529700  0.000000  0.843745  0.840307  0.076087
1972  0.000000  1.529576  0.000000  0.843478  0.840038  0.076093
1973  0.000000  1.529452  0.000000  0.843211  0.839770  0.076099
1974  0.000000  1.529327  0.000000  0.842944  0.839501  0.076104
1975  0.000000  1.529202  0.000000  0.842677  0.839232  0.076110
1976  0.000000  1.529078  0.000000  0.842409  0.838964  0.076116
1977  0.000000  1.528953  0.000000  0.842142  0.838695  0.076122
1978  0.000000  1.528828  0.000000  0.841875  0.838426  0.076128
1979  0.000000  1.528703  0.000000  0.841608  0.838157  0.076134
1980  0.000000  1.528578  0.000000  0.841340  0.837888  0.076140
1981  0.000000  1.528453  0.000000  0.841073  0.837619  0.076145
1982  0.000000  1.528328  0.000000  0.840806  0.837350  0.076151
1983  0.000000  1.528203  0.000000  0.840538  0.837081  0.076157
1984  0.000000  1.528077  0.000000  0.840271  0.836812  0.076163
1985  0.000000  1.527952  0.000000  0.840003  0.836543  0.076169
1986  0.000000  1.527826  0.000000  0.839736  0.836274  0.076174
1987  0.000000  1.527700  0.000000  0.839468  0.836004  0.076180
1988  0.000000  1.527575  0.000000  0.839200  0.835735  0.076186
1989  0.000000  1.527449  0.000000  0.838933  0.835466  0.076192
1990  0.000000  1.527323  0.000000  0.838665  0.835196  0.076197
1991  0.000000  1.527197  0.000000  0.838397  0.834927  0.076203
1992  0.000000  1.527071  0.000000  0.838129  0.834657  0.076209
1993  0.000000  1.526944  0.000000  0.837861  0.834388  0.076214
1994  0.000000  1.526818  0.000000  0.837593  0.834118  0.076220
1995  0.000000  1.526692  0.000000  0.837325  0.833848  0.076226
1996  0.000000  1.526565  0.000000  0.837057  0.833579  0.076231
1997  0.000000  1.526439  0.000000  0.836789  0.833309  0.076237
1998  0.000000  1.526312  0.000000  0.836521  0.833039  0.076243
1999  0.000000  1.526185  0.000000  0.836253  0.832769  0.076248
2000  0.000000  1.526058  0.000000  0.835984  0.832499  0.076254
2001  0.000000  1.525931  0.000000  0.835716  0.832229  0.076259
2002  0.000000  1.525804  0.000000  0.835448  0.831959  0.076265
2003  0.000000  1.525677  0.000000  0.835179  0.831689  0.076271
2004  0.000000  1.525550  0.000000  0.834911  0.831419  0.076276
2005  0.000000  1.525423  0.000000  0.834642  0.831149  0.076282
2006  0.000000  1.525295  0.000000  0.834374  0.830879  0.076287
2007  0.000000  1.525168  0.000000  0.834105  0.830609  0.076293
2008  0.000000  1.525040  0.000000  0.833837  0.830339  0.076298
2009  0.000000  1.524912  0.000000  0.833568  0.830068  0.076304
2010  0.000000  1.524785  0.000000  0.833299  0.829798  0.076309
2011  0.000000  1.524657  0.000000  0.833031  0.829528  0.076315
2012  0.000000  1.524529  0.000000  0.832762  0.829257  0.076320
2013  0.000000  1.524401  0.000000  0.832493  0.828987  0.076326
2014  0.000000  1.524272  0.000000  0.832224  0.828716  0.076331
2015  0.000000  1.524144  0.000000  0.831955  0.828446  0.076337
2016  0.000000  1.524016  0.000000  0.831686  0.828175  0.076342
2017  0.000000  1.523887  0.000000  0.831417  0.827904  0.076348
2018  0.000000  1.523759  0.000000  0.831148  0.827634  0.076353
2019  0.000000  1.523630  0.000000  0.830879  0.827363  0.076358
2020  0.000000  1.523502  0.000000  0.830610  0.827092  0.076364
2021  0.000000  1.523373  0.000000  0.830341  0.826821  0.076369
2022  0.000000  1.523244  0.000000  0.830071  0.826550  0.076374
2023  0.000000  1.523115  0.000000  0.829802  0.826280  0.076380
2024  0.000000  1.522986  0.000000  0.829533  0.826009  0.076385
2025  0.000000  1.522857  0.000000  0.829264  0.825738  0.076390
2026  0.000000  1.522727  0.000000  0.828994  0.825466  0.076396
2027  0.000000  1.522598  0.000000  0.828725  0.825195  0.076401
2028  0.000000  1.522468  0.000000  0.828455  0.824924  0.076406
2029  0.000000  1.522339  0.000000  0.828186  0.824653  0.076412
2030  0.000000  1.522209  0.000000  0.827916  0.824382  0.076417
2031  0.000000  1.522079  0.000000  0.827646  0.824111  0.076422
2032  0.000000  1.521950  0.000000  0.827377  0.823839  0.076428
2033  0.000000  1.521820  0.000000  0.827107  0.823568  0.076433
2034  0.000000  1.521690  0.000000  0.826837  0.823297  0.076438
2035  0.000000  1.521560  0.000000  0.826568  0.823025  0.076443
2036  0.000000  1.521429  0.000000  0.826298  0.822754  0.076448
2037  0.000000  1.521299  0.000000  0.826028  0.822482  0.076454
2038  0.000000  1.521169  0.000000  0.825758  0.822211  0.076459
2039  0.000000  1.521038  0.000000  0.825488  0.821939  0.076464
2040  0.000000  1.520908  0.000000  0.825218  0.821667  0.076469
2041  0.000000  1.520777  0.000000  0.824948  0.821396  0.076474
2042  0.000000  1.520646  0.000000  0.824678  0.821124  0.076479
2043  0.000000  1.520515  0.000000  0.824408  0.820852  0.076485
2044  0.000000  1.520384  0.000000  0.824138  0.820580  0.076490
2045  0.000000  1.520253  0.000000  0.823867  0.820309  0.076495
2046  0.000000  1.520122  0.000000  0.823597  0.820037  0.076500
2047  0.000000  1.519991  0.000000  0.823327  0.819765  0.076505
2048  0.000000  1.519859  0.000000  0.823057  0.819493  0.076510
2049  0.000000  1.519728  0.000000  0.822786  0.819221  0.076515
2050  0.000000  1.519597  0.000000  0.822516  0.818949  0.076520
2051  0.000000  1.519465  0.000000  0.822245  0.818677  0.076525
2052  0.000000  1.519333  0.000000  0.821975  0.818404  0.076530
2053  0.000000  1.519201  0.000000  0.821704  0.818132  0.076535
2054  0.000000  1.519069  0.000000  0.821434  0.817860  0.076540
2055  0.000000  1.518937  0.000000  0.821163  0.817588  0.076545
2056  0.000000  1.518805  0.000000  0.820893  0.817315  0.076550
2057  0.000000  1.518673  0.000000  0.820622  0.817043  0.076555
2058  0.000000  1.518541  0.000000  0.820351  0.816771  0.076560
2059  0.000000  1.518408  0.000000  0.820080  0.816498  0.076565
2060  0.000000  1.518276  0.000000  0.819810  0.816226  0.076570
2061  0.000000  1.518143  0.000000  0.819539  0.815953  0.076575
2062  0.000000  1.518011  0.000000  0.819268  0.815681  0.076580
2063  0.000000  1.517878  0.000000  0.818997  0.815408  0.076585
2064  0.000000  1.517745  0.000000  0.818726  0.815136  0.076590
2065  0.000000  1.517612  0.000000  0.818455  0.814863  0.076595
2066  0.000000  1.517479  0.000000  0.818184  0.814590  0.076599
2067  0.000000  1.517346  0.000000  0.817913  0.814318  0.076604
2068  0.000000  1.517213  0.000000  0.817642  0.814045  0.076609
2069  0.000000  1.517079  0.000000  0.817371  0.813772  0.076614
2070  0.000000  1.516946  0.000000  0.817099  0.813499  0.076619
2071  0.000000  1.516813  0.000000  0.816828  0.813226  0.076624
2072  0.000000  1.516679  0.000000  0.816557  0.812953  0.076628
2073  0.000000  1.516545  0.000000  0.816286  0.812680  0.076633
2074  0.000000  1.516411  0.000000  0.816014  0.812407  0.076638
2075  0.000000  1.516277  0.000000  0.815743  0.812134  0.076643
2076  0.000000  1.516143  0.000000  0.815471  0.811861  0.076647
2077  0.000000  1.516009  0.000000  0.815200  0.811588  0.076652
2078  0.000000  1.515875  0.000000  0.814928  0.811315  0.076657
2079  0.000000  1.515741  0.000000  0.814657  0.811042  0.076662
2080  0.000000  1.515607  0.000000  0.814385  0.810769  0.076666
2081  0.000000  1.515472  0.000000  0.814114  0.810495  0.076671
2082  0.000000  1.515337  0.000000  0.813842  0.810222  0.076676
2083  0.000000  1.515203  0.000000  0.813570  0.809949  0.076680
2084  0.000000  1.515068  0.000000  0.813299  0.809675  0.076685
2085  0.000000  1.514933  0.000000  0.813027  0.809402  0.076690
2086  0.000000  1.514798  0.000000  0.812755  0.809128  0.076694
2087  0.000000  1.514663  0.000000  0.812483  0.808855  0.076699
2088  0.000000  1.514528  0.000000  0.812211  0.808581  0.076704
2089  0.000000  1.514393  0.000000  0.811939  0.808308  0.076708
2090  0.000000  1.514257  0.000000  0.811667  0.808034  0.076713
2091  0.000000  1.514122  0.000000  0.811396  0.807761  0.076717
2092  0.000000  1.513986  0.000000  0.811123  0.807487  0.076722
2093  0.000000  1.513851  0.000000  0.810851  0.807213  0.076726
2094  0.000000  1.513715  0.000000  0.810579  0.806939  0.076731
2095  0.000000  1.513579  0.000000  0.810307  0.806666  0.076736
2096  0.000000  1.513443  0.000000  0.810035  0.806392  0.076740
2097  0.000000  1.513307  0.000000  0.809763  0.806118  0.076745
2098  0.000000  1.513171  0.000000  0.809491  0.805844  0.076749
2099  0.000000  1.513035  0.000000  0.809218  0.805570  0.076754
2100  0.000000  1.512899  0.000000  0.808946  0.805296  0.076758
2101  0.000000  1.512762  0.000000  0.808674  0.805022  0.076763
2102  0.000000  1.512626  0.000000  0.808401  0.804748  0.076767
2103  0.000000  1.512489  0.000000  0.808129  0.804474  0.076771
2104  0.000000  1.512352  0.000000  0.807856  0.804200  0.076776
2105  0.000000  1.512216  0.000000  0.807584  0.803926  0.076780
2106  0.000000  1.512079  0.000000  0.807311  0.803652  0.076785
2107  0.000000  1.511942  0.000000  0.807039  0.803377  0.076789
2108  0.000000  1.511805  0.000000  0.806766  0.803103  0.076793
2109  0.000000  1.511668  0.000000  0.806494  0.802829  0.076798
2110  0.000000  1.511530  0.000000  0.806221  0.802555  0.076802
2111  0.000000  1.511393  0.000000  0.805948  0.802280  0.076807
2112  0.000000  1.511255  0.000000  0.805676  0.802006  0.076811
2113  0.000000  1.511118  0.000000  0.805403  0.801731  0.076815
2114  0.000000  1.510980  0.000000  0.805130  0.801457  0.076819
2115  0.000000  1.510842  0.000000  0.804857  0.801183  0.076824
2116  0.000000  1.510705  0.000000  0.804584  0.800908  0.076828
2117  0.000000  1.510567  0.000000  0.804312  0.800633  0.076832
2118  0.000000  1.510429  0.000000  0.804039  0.800359  0.076837
2119  0.000000  1.510290  0.000000  0.803766  0.800084  0.076841
2120  0.000000  1.510152  0.000000  0.803493  0.799810  0.076845
2121  0.000000  1.510014  0.000000  0.803220  0.799535  0.076849
2122  0.000000  1.509875  0.000000  0.802947  0.799260  0.076854
2123  0.000000  1.509737  0.000000  0.802674  0.798985  0.076858
2124  0.000000  1.509598  0.000000  0.802400  0.798711  0.076862
2125  0.000000  1.509459  0.000000  0.802127  0.798436  0.076866
2126  0.000000  1.509321  0.000000  0.801854  0.798161  0.076870
2127  0.000000  1.509182  0.000000  0.801581  0.797886  0.076874
2128  0.000000  1.509043  0.000000  0.801308  0.797611  0.076879
2129  0.000000  1.508903  0.000000  0.801034  0.797336  0.076883
2130  0.000000  1.508764  0.000000  0.800761  0.797061  0.076887
2131  0.000000  1.508625  0.000000  0.800488  0.796786  0.076891
2132  0.000000  1.508485  0.000000  0.800214  0.796511  0.076895
2133  0.000000  1.508346  0.000000  0.799941  0.796236  0.076899
2134  0.000000  1.508206  0.000000  0.799667  0.795961  0.076903
2135  0.000000  1.508067  0.000000  0.799394  0.795686  0.076907
2136  0.000000  1.507927  0.000000  0.799120  0.795411  0.076911
2137  0.000000  1.507787  0.000000  0.798847  0.795135  0.076915
2138  0.000000  1.507647  0.000000  0.798573  0.794860  0.076919
2139  0.000000  1.507507  0.000000  0.798300  0.794585  0.076924
2140  0.000000  1.507367  0.000000  0.798026  0.794310  0.076928
2141  0.000000  1.507226  0.000000  0.797752  0.794034  0.076932
2142  0.000000  1.507086  0.000000  0.797479  0.793759  0.076936
2143  0.000000  1.506945  0.000000  0.797205  0.793483  0.076939
2144  0.000000  1.506805  0.000000  0.796931  0.793208  0.076943
2145  0.000000  1.506664  0.000000  0.796657  0.792933  0.076947
2146  0.000000  1.506523  0.000000  0.796384  0.792657  0.076951
2147  0.000000  1.506382  0.000000  0.796110  0.792382  0.076955
2148  0.000000  1.506241  0.000000  0.795836  0.792106  0.076959
2149  0.000000  1.506100  0.000000  0.795562  0.791830  0.076963
2150  0.000000  1.505959  0.000000  0.795288  0.791555  0.076967
2151  0.000000  1.505818  0.000000  0.795014  0.791279  0.076971
2152  0.000000  1.505676  0.000000  0.794740  0.791003  0.076975
2153  0.000000  1.505535  0.000000  0.794466  0.790728  0.076979
2154  0.000000  1.505393  0.000000  0.794192  0.790452  0.076982
2155  0.000000  1.505251  0.000000  0.793918  0.790176  0.076986
2156  0.000000  1.505110  0.000000  0.793644  0.789900  0.076990
2157  0.000000  1.504968  0.000000  0.793369  0.789625  0.076994
2158  0.000000  1.504826  0.000000  0.793095  0.789349  0.076998
2159  0.000000  1.504684  0.000000  0.792821  0.789073  0.077001
2160  0.000000  1.504541  0.000000  0.792547  0.788797  0.077005
2161  0.000000  1.504399  0.000000  0.792273  0.788521  0.077009
2162  0.000000  1.504257  0.000000  0.791998  0.788245  0.077013
2163  0.000000  1.504114  0.000000  0.791724  0.787969  0.077016
2164  0.000000  1.503972  0.000000  0.791450  0.787693  0.077020
2165  0.000000  1.503829  0.000000  0.791175  0.787417  0.077024
2166  0.000000  1.503686  0.000000  0.790901  0.787141  0.077028
2167  0.000000  1.503543  0.000000  0.790626  0.786865  0.077031
2168  0.000000  1.503400  0.000000  0.790352  0.786589  0.077035
2169  0.000000  1.503257  0.000000  0.790077  0.786312  0.077039
2170  0.000000  1.503114  0.000000  0.789803  0.786036  0.077042
2171  0.000000  1.502971  0.000000  0.789528  0.785760  0.077046
2172  0.000000  1.502827  0.000000  0.789254  0.785484  0.077050
2173  0.000000  1.502684  0.000000  0.788979  0.785207  0.077053
2174  0.000000  1.502540  0.000000  0.788704  0.784931  0.077057
2175  0.000000  1.502397  0.000000  0.788430  0.784655  0.077060
2176  0.000000  1.502253  0.000000  0.788155  0.784378  0.077064
2177  0.000000  1.502109  0.000000  0.787880  0.784102  0.077068
2178  0.000000  1.501965  0.000000  0.787605  0.783826  0.077071
2179  0.000000  1.501821  0.000000  0.787331  0.783549  0.077075
2180  0.000000  1.501677  0.000000  0.787056  0.783273  0.077078
2181  0.000000  1.501532  0.000000  0.786781  0.782996  0.077082
2182  0.000000  1.501388  0.000000  0.786506  0.782720  0.077085
2183  0.000000  1.501243  0.000000  0.786231  0.782443  0.077089
2184  0.000000  1.501099  0.000000  0.785956  0.782166  0.077092
2185  0.000000  1.500954  0.000000  0.785681  0.781890  0.077096
2186  0.000000  1.500809  0.000000  0.785406  0.781613  0.077099
2187  0.000000  1.500664  0.000000  0.785131  0.781336  0.077103
2188  0.000000  1.500519  0.000000  0.784856  0.781060  0.077106
2189  0.000000  1.500374  0.000000  0.784581  0.780783  0.077109
2190  0.000000  1.500229  0.000000  0.784306  0.780506  0.077113
2191  0.000000  1.500084  0.000000  0.784031  0.780229  0.077116
2192  0.000000  1.499938  0.000000  0.783756  0.779953  0.077120
2193  0.000000  1.499793  0.000000  0.783481  0.779676  0.077123
2194  0.000000  1.499647  0.000000  0.783206  0.779399  0.077126
2195  0.000000  1.499501  0.000000  0.782931  0.779122  0.077130
2196  0.000000  1.499356  0.000000  0.782655  0.778845  0.077133
2197  0.000000  1.499210  0.000000  0.782380  0.778568  0.077136
2198  0.000000  1.499064  0.000000  0.782105  0.778291  0.077140
2199  0.000000  1.498918  0.000000  0.781829  0.778014  0.077143
2200  0.000000  1.498771  0.000000  0.781554  0.777737  0.077146
2201  0.000000  1.498625  0.000000  0.781279  0.777460  0.077150
2202  0.000000  1.498479  0.000000  0.781003  0.777183  0.077153
2203  0.000000  1.498332  0.000000  0.780728  0.776906  0.077156
2204  0.000000  1.498185  0.000000  0.780452  0.776629  0.077159
2205  0.000000  1.498039  0.000000  0.780177  0.776352  0.077163
2206  0.000000  1.497892  0.000000  0.779902  0.776075  0.077166
2207  0.000000  1.497745  0.000000  0.779626  0.775797  0.077169
2208  0.000000  1.497598  0.000000  0.779350  0.775520  0.077172
2209  0.000000  1.497451  0.000000  0.779075  0.775243  0.077176
2210  0.000000  1.497304  0.000000  0.778799  0.774966  0.077179
2211  0.000000  1.497156  0.000000  0.778524  0.774688  0.077182
2212  0.000000  1.497009  0.000000  0.778248  0.774411  0.077185
2213  0.000000  1.496861  0.000000  0.777972  0.774134  0.077188
2214  0.000000  1.496714  0.000000  0.777697  0.773856  0.077191
2215  0.000000  1.496566  0.000000  0.777421  0.773579  0.077194
2216  0.000000  1.496418  0.000000  0.777145  0.773302  0.077197
2217  0.000000  1.496270  0.000000  0.776870  0.773024  0.077201
2218  0.000000  1.496122  0.000000  0.776594  0.772747  0.077204
2219  0.000000  1.495974  0.000000  0.776318  0.772469  0.077207
2220  0.000000  1.495826  0.000000  0.776042  0.772192  0.077210
2221  0.000000  1.495677  0.000000  0.775766  0.771914  0.077213
2222  0.000000  1.495529  0.000000  0.775490  0.771637  0.077216
2223  0.000000  1.495380  0.000000  0.775215  0.771359  0.077219
2224  0.000000  1.495231  0.000000  0.774939  0.771081  0.077222
2225  0.000000  1.495083  0.000000  0.774663  0.770804  0.077225
2226  0.000000  1.494934  0.000000  0.774387  0.770526  0.077228
2227  0.000000  1.494785  0.000000  0.774111  0.770249  0.077231
2228  0.000000  1.494636  0.000000  0.773835  0.769971  0.077234
2229  0.000000  1.494487  0.000000  0.773559  0.769693  0.077237
2230  0.000000  1.494337  0.000000  0.773283  0.769415  0.077240
2231  0.000000  1.494188  0.000000  0.773007  0.769138  0.077243
2232  0.000000  1.494038  0.000000  0.772730  0.768860  0.077246
2233  0.000000  1.493889  0.000000  0.772454  0.768582  0.077248
2234  0.000000  1.493739  0.000000  0.772178  0.768304  0.077251
2235  0.000000  1.493589  0.000000  0.771902  0.768026  0.077254
2236  0.000000  1.493439  0.000000  0.771626  0.767748  0.077257
2237  0.000000  1.493289  0.000000  0.771350  0.767471  0.077260
2238  0.000000  1.493139  0.000000  0.771073  0.767193  0.077263
2239  0.000000  1.492989  0.000000  0.770797  0.766915  0.077266
2240  0.000000  1.492839  0.000000  0.770521  0.766637  0.077268
2241  0.000000  1.492688  0.000000  0.770245  0.766359  0.077271
2242  0.000000  1.492538  0.000000  0.769968  0.766081  0.077274
2243  0.000000  1.492387  0.000000  0.769692  0.765803  0.077277
2244  0.000000  1.492236  0.000000  0.769416  0.765525  0.077280
2245  0.000000  1.492086  0.000000  0.769139  0.765247  0.077282
2246  0.000000  1.491935  0.000000  0.768863  0.764969  0.077285
2247  0.000000  1.491784  0.000000  0.768586  0.764691  0.077288
2248  0.000000  1.491632  0.000000  0.768310  0.764412  0.077291
2249  0.000000  1.491481  0.000000  0.768033  0.764134  0.077293
2250  0.000000  1.491330  0.000000  0.767757  0.763856  0.077296
2251  0.000000  1.491178  0.000000  0.767480  0.763578  0.077299
2252  0.000000  1.491027  0.000000  0.767204  0.763300  0.077301
2253  0.000000  1.490875  0.000000  0.766927  0.763021  0.077304
2254  0.000000  1.490723  0.000000  0.766651  0.762743  0.077307
2255  0.000000  1.490571  0.000000  0.766374  0.762465  0.077309
2256  0.000000  1.490419  0.000000  0.766098  0.762187  0.077312
2257  0.000000  1.490267  0.000000  0.765821  0.761908  0.077314
2258  0.000000  1.490115  0.000000  0.765544  0.761630  0.077317
2259  0.000000  1.489963  0.000000  0.765268  0.761352  0.077320
2260  0.000000  1.489810  0.000000  0.764991  0.761073  0.077322
2261  0.000000  1.489658  0.000000  0.764714  0.760795  0.077325
2262  0.000000  1.489505  0.000000  0.764438  0.760517  0.077327
2263  0.000000  1.489353  0.000000  0.764161  0.760238  0.077330
2264  0.000000  1.489200  0.000000  0.763884  0.759960  0.077332
2265  0.000000  1.489047  0.000000  0.763607  0.759681  0.077335
2266  0.000000  1.488894  0.000000  0.763331  0.759403  0.077337
2267  0.000000  1.488741  0.000000  0.763054  0.759124  0.077340
2268  0.000000  1.488587  0.000000  0.762777  0.758846  0.077342
2269  0.000000  1.488434  0.000000  0.762500  0.758567  0.077345
2270  0.000000  1.488281  0.000000  0.762223  0.758289  0.077347
2271  0.000000  1.488127  0.000000  0.761946  0.758010  0.077350
2272  0.000000  1.487973  0.000000  0.761669  0.757731  0.077352
2273  0.000000  1.487820  0.000000  0.761392  0.757453  0.077355
2274  0.000000  1.487666  0.000000  0.761116  0.757174  0.077357
2275  0.000000  1.487512  0.000000  0.760839  0.756896  0.077359
2276  0.000000  1.487358  0.000000  0.760562  0.756617  0.077362
2277  0.000000  1.487204  0.000000  0.760285  0.756338  0.077364
2278  0.000000  1.487049  0.000000  0.760008  0.756059  0.077366
2279  0.000000  1.486895  0.000000  0.759731  0.755781  0.077369
2280  0.000000  1.486740  0.000000  0.759453  0.755502  0.077371
2281  0.000000  1.486586  0.000000  0.759176  0.755223  0.077373
2282  0.000000  1.486431  0.000000  0.758899  0.754944  0.077376
2283  0.000000  1.486276  0.000000  0.758622  0.754666  0.077378
2284  0.000000  1.486121  0.000000  0.758345  0.754387  0.077380
2285  0.000000  1.485966  0.000000  0.758068  0.754108  0.077383
2286  0.000000  1.485811  0.000000  0.757791  0.753829  0.077385
2287  0.000000  1.485656  0.000000  0.757514  0.753550  0.077387
2288  0.000000  1.485500  0.000000  0.757236  0.753271  0.077389
2289  0.000000  1.485345  0.000000  0.756959  0.752993  0.077392
2290  0.000000  1.485189  0.000000  0.756682  0.752714  0.077394
2291  0.000000  1.485034  0.000000  0.756405  0.752435  0.077396
2292  0.000000  1.484878  0.000000  0.756128  0.752156  0.077398
2293  0.000000  1.484722  0.000000  0.755850  0.751877  0.077400
2294  0.000000  1.484566  0.000000  0.755573  0.751598  0.077403
2295  0.000000  1.484410  0.000000  0.755296  0.751319  0.077405
2296  0.000000  1.484254  0.000000  0.755018  0.751040  0.077407
2297  0.000000  1.484098  0.000000  0.754741  0.750761  0.077409
2298  0.000000  1.483941  0.000000  0.754464  0.750482  0.077411
2299  0.000000  1.483785  0.000000  0.754186  0.750203  0.077413
2300  0.000000  1.483628  0.000000  0.753909  0.749924  0.077415
2301  0.000000  1.483471  0.000000  0.753631  0.749645  0.077417
2302  0.000000  1.483314  0.000000  0.753354  0.749365  0.077419
2303  0.000000  1.483157  0.000000  0.753077  0.749086  0.077422
2304  0.000000  1.483000  0.000000  0.752799  0.748807  0.077424
2305  0.000000  1.482843  0.000000  0.752522  0.748528  0.077426
2306  0.000000  1.482686  0.000000  0.752244  0.748249  0.077428
2307  0.000000  1.482529  0.000000  0.751967  0.747970  0.077430
2308  0.000000  1.482371  0.000000  0.751689  0.747691  0.077432
2309  0.000000  1.482213  0.000000  0.751412  0.747411  0.077434
2310  0.000000  1.482056  0.000000  0.751134  0.747132  0.077436
2311  0.000000  1.481898  0.000000  0.750857  0.746853  0.077438
2312  0.000000  1.481740  0.000000  0.750579  0.746574  0.077439
2313  0.000000  1.481582  0.000000  0.750302  0.746294  0.077441
2314  0.000000  1.481424  0.000000  0.750024  0.746015  0.077443
2315  0.000000  1.481266  0.000000  0.749746  0.745736  0.077445
2316  0.000000  1.481107  0.000000  0.749469  0.745456  0.077447
2317  0.000000  1.480949  0.000000  0.749191  0.745177  0.077449
2318  0.000000  1.480790  0.000000  0.748913  0.744898  0.077451
2319  0.000000  1.480632  0.000000  0.748636  0.744618  0.077453
2320  0.000000  1.480473  0.000000  0.748358  0.744339  0.077455
2321  0.000000  1.480314  0.000000  0.748080  0.744060  0.077456
2322  0.000000  1.480155  0.000000  0.747803  0.743780  0.077458
2323  0.000000  1.479996  0.000000  0.747525  0.743501  0.077460
2324  0.000000  1.479837  0.000000  0.747247  0.743221  0.077462
2325  0.000000  1.479677  0.000000  0.746969  0.742942  0.077464
2326  0.000000  1.479518  0.000000  0.746692  0.742663  0.077465
2327  0.000000  1.479358  0.000000  0.746414  0.742383  0.077467
2328  0.000000  1.479199  0.000000  0.746136  0.742104  0.077469
2329  0.000000  1.479039  0.000000  0.745858  0.741824  0.077471
2330  0.000000  1.478879  0.000000  0.745581  0.741545  0.077472
2331  0.000000  1.478719  0.000000  0.745303  0.741265  0.077474
2332  0.000000  1.478559  0.000000  0.745025  0.740986  0.077476
2333  0.000000  1.478399  0.000000  0.744747  0.740706  0.077478
2334  0.000000  1.478239  0.000000  0.744469  0.740426  0.077479
2335  0.000000  1.478078  0.000000  0.744191  0.740147  0.077481
2336  0.000000  1.477918  0.000000  0.743913  0.739867  0.077483
2337  0.000000  1.477757  0.000000  0.743636  0.739588  0.077484
2338  0.000000  1.477597  0.000000  0.743358  0.739308  0.077486
2339  0.000000  1.477436  0.000000  0.743080  0.739029  0.077487
2340  0.000000  1.477275  0.000000  0.742802  0.738749  0.077489
2341  0.000000  1.477114  0.000000  0.742524  0.738469  0.077491
2342  0.000000  1.476953  0.000000  0.742246  0.738190  0.077492
2343  0.000000  1.476791  0.000000  0.741968  0.737910  0.077494
2344  0.000000  1.476630  0.000000  0.741690  0.737630  0.077495
2345  0.000000  1.476468  0.000000  0.741412  0.737351  0.077497
2346  0.000000  1.476307  0.000000  0.741134  0.737071  0.077498
2347  0.000000  1.476145  0.000000  0.740856  0.736791  0.077500
2348  0.000000  1.475983  0.000000  0.740578  0.736511  0.077502
2349  0.000000  1.475821  0.000000  0.740300  0.736232  0.077503
2350  0.000000  1.475659  0.000000  0.740022  0.735952  0.077505
2351  0.000000  1.475497  0.000000  0.739744  0.735672  0.077506
2352  0.000000  1.475335  0.000000  0.739466  0.735393  0.077507
2353  0.000000  1.475173  0.000000  0.739188  0.735113  0.077509
2354  0.000000  1.475010  0.000000  0.738910  0.734833  0.077510
2355  0.000000  1.474848  0.000000  0.738631  0.734553  0.077512
2356  0.000000  1.474685  0.000000  0.738353  0.734273  0.077513
2357  0.000000  1.474522  0.000000  0.738075  0.733994  0.077515
2358  0.000000  1.474359  0.000000  0.737797  0.733714  0.077516
2359  0.000000  1.474196  0.000000  0.737519  0.733434  0.077517
2360  0.000000  1.474033  0.000000  0.737241  0.733154  0.077519
2361  0.000000  1.473870  0.000000  0.736963  0.732874  0.077520
2362  0.000000  1.473707  0.000000  0.736684  0.732594  0.077521
2363  0.000000  1.473543  0.000000  0.736406  0.732314  0.077523
2364  0.000000  1.473380  0.000000  0.736128  0.732035  0.077524
2365  0.000000  1.473216  0.000000  0.735850  0.731755  0.077525
2366  0.000000  1.473052  0.000000  0.735572  0.731475  0.077527
2367  0.000000  1.472888  0.000000  0.735293  0.731195  0.077528
2368  0.000000  1.472724  0.000000  0.735015  0.730915  0.077529
2369  0.000000  1.472560  0.000000  0.734737  0.730635  0.077530
2370  0.000000  1.472396  0.000000  0.734459  0.730355  0.077532
2371  0.000000  1.472232  0.000000  0.734181  0.730075  0.077533
2372  0.000000  1.472067  0.000000  0.733902  0.729795  0.077534
2373  0.000000  1.471903  0.000000  0.733624  0.729515  0.077535
2374  0.000000  1.471738  0.000000  0.733346  0.729235  0.077537
2375  0.000000  1.471573  0.000000  0.733067  0.728955  0.077538
2376  0.000000  1.471408  0.000000  0.732789  0.728675  0.077539
2377  0.000000  1.471243  0.000000  0.732511  0.728395  0.077540
2378  0.000000  1.471078  0.000000  0.732232  0.728115  0.077541
2379  0.000000  1.470913  0.000000  0.731954  0.727835  0.077542
2380  0.000000  1.470748  0.000000  0.731676  0.727555  0.077544
2381  0.000000  1.470582  0.000000  0.731397  0.727275  0.077545
2382  0.000000  1.470417  0.000000  0.731119  0.726995  0.077546
2383  0.000000  1.470251  0.000000  0.730841  0.726715  0.077547
2384  0.000000  1.470085  0.000000  0.730562  0.726435  0.077548
2385  0.000000  1.469919  0.000000  0.730284  0.726155  0.077549
2386  0.000000  1.469753  0.000000  0.730006  0.725875  0.077550
2387  0.000000  1.469587  0.000000  0.729727  0.725595  0.077551
2388  0.000000  1.469421  0.000000  0.729449  0.725315  0.077552
2389  0.000000  1.469255  0.000000  0.729170  0.725035  0.077553
2390  0.000000  1.469088  0.000000  0.728892  0.724754  0.077554
2391  0.000000  1.468922  0.000000  0.728614  0.724474  0.077555
2392  0.000000  1.468755  0.000000  0.728335  0.724194  0.077556
2393  0.000000  1.468588  0.000000  0.728057  0.723914  0.077557
2394  0.000000  1.468421  0.000000  0.727778  0.723634  0.077558
2395  0.000000  1.468254  0.000000  0.727500  0.723354  0.077559
2396  0.000000  1.468087  0.000000  0.727221  0.723074  0.077560
2397  0.000000  1.467920  0.000000  0.726943  0.722794  0.077561
2398  0.000000  1.467753  0.000000  0.726665  0.722513  0.077562
2399  0.000000  1.467585  0.000000  0.726386  0.722233  0.077563
2400  0.000000  1.467418  0.000000  0.726108  0.721953  0.077564
2401  0.000000  1.467250  0.000000  0.725829  0.721673  0.077564
2402  0.000000  1.467082  0.000000  0.725551  0.721393  0.077565
2403  0.000000  1.466914  0.000000  0.725272  0.721112  0.077566
2404  0.000000  1.466746  0.000000  0.724994  0.720832  0.077567
2405  0.000000  1.466578  0.000000  0.724715  0.720552  0.077568
2406  0.000000  1.466410  0.000000  0.724437  0.720272  0.077569
2407  0.000000  1.466242  0.000000  0.724158  0.719992  0.077569
2408  0.000000  1.466073  0.000000  0.723880  0.719711  0.077570
2409  0.000000  1.465905  0.000000  0.723601  0.719431  0.077571
2410  0.000000  1.465736  0.000000  0.723323  0.719151  0.077572
2411  0.000000  1.465567  0.000000  0.723044  0.718871  0.077572
2412  0.000000  1.465398  0.000000  0.722765  0.718590  0.077573
2413  0.000000  1.465229  0.000000  0.722487  0.718310  0.077574
2414  0.000000  1.465060  0.000000  0.722208  0.718030  0.077575
2415  0.000000  1.464891  0.000000  0.721930  0.717750  0.077575
2416  0.000000  1.464721  0.000000  0.721651  0.717469  0.077576
2417  0.000000  1.464552  0.000000  0.721373  0.717189  0.077577
2418  0.000000  1.464382  0.000000  0.721094  0.716909  0.077577
2419  0.000000  1.464213  0.000000  0.720815  0.716629  0.077578
2420  0.000000  1.464043  0.000000  0.720537  0.716348  0.077579
2421  0.000000  1.463873  0.000000  0.720258  0.716068  0.077579
2422  0.000000  1.463703  0.000000  0.719980  0.715788  0.077580
2423  0.000000  1.463533  0.000000  0.719701  0.715507  0.077581
2424  0.000000  1.463363  0.000000  0.719422  0.715227  0.077581
2425  0.000000  1.463192  0.000000  0.719144  0.714947  0.077582
2426  0.000000  1.463022  0.000000  0.718865  0.714667  0.077582
2427  0.000000  1.462851  0.000000  0.718587  0.714386  0.077583
2428  0.000000  1.462680  0.000000  0.718308  0.714106  0.077583
2429  0.000000  1.462510  0.000000  0.718029  0.713826  0.077584
2430  0.000000  1.462339  0.000000  0.717751  0.713545  0.077585
2431  0.000000  1.462168  0.000000  0.717472  0.713265  0.077585
2432  0.000000  1.461996  0.000000  0.717194  0.712985  0.077586
2433  0.000000  1.461825  0.000000  0.716915  0.712704  0.077586
2434  0.000000  1.461654  0.000000  0.716636  0.712424  0.077586
2435  0.000000  1.461482  0.000000  0.716358  0.712144  0.077587
2436  0.000000  1.461311  0.000000  0.716079  0.711863  0.077587
2437  0.000000  1.461139  0.000000  0.715800  0.711583  0.077588
2438  0.000000  1.460967  0.000000  0.715522  0.711303  0.077588
2439  0.000000  1.460795  0.000000  0.715243  0.711022  0.077589
2440  0.000000  1.460623  0.000000  0.714964  0.710742  0.077589
2441  0.000000  1.460451  0.000000  0.714686  0.710461  0.077589
2442  0.000000  1.460278  0.000000  0.714407  0.710181  0.077590
2443  0.000000  1.460106  0.000000  0.714128  0.709901  0.077590
2444  0.000000  1.459933  0.000000  0.713850  0.709620  0.077591
2445  0.000000  1.459761  0.000000  0.713571  0.709340  0.077591
2446  0.000000  1.459588  0.000000  0.713292  0.709060  0.077591
2447  0.000000  1.459415  0.000000  0.713014  0.708779  0.077592
2448  0.000000  1.459242  0.000000  0.712735  0.708499  0.077592
2449  0.000000  1.459069  0.000000  0.712456  0.708219  0.077592
2450  0.000000  1.458896  0.000000  0.712178  0.707938  0.077593
2451  0.000000  1.458723  0.000000  0.711899  0.707658  0.077593
2452  0.000000  1.458549  0.000000  0.711620  0.707377  0.077593
2453  0.000000  1.458376  0.000000  0.711342  0.707097  0.077593
2454  0.000000  1.458202  0.000000  0.711063  0.706817  0.077594
2455  0.000000  1.458028  0.000000  0.710784  0.706536  0.077594
2456  0.000000  1.457854  0.000000  0.710506  0.706256  0.077594
2457  0.000000  1.457680  0.000000  0.710227  0.705975  0.077594
2458  0.000000  1.457506  0.000000  0.709948  0.705695  0.077594
2459  0.000000  1.457332  0.000000  0.709669  0.705415  0.077595
2460  0.000000  1.457157  0.000000  0.709391  0.705134  0.077595
2461  0.000000  1.456983  0.000000  0.709112  0.704854  0.077595
2462  0.000000  1.456808  0.000000  0.708833  0.704573  0.077595
2463  0.000000  1.456633  0.000000  0.708555  0.704293  0.077595
2464  0.000000  1.456459  0.000000  0.708276  0.704013  0.077595
2465  0.000000  1.456284  0.000000  0.707997  0.703732  0.077595
2466  0.000000  1.456109  0.000000  0.707719  0.703452  0.077595
2467  0.000000  1.455933  0.000000  0.707440  0.703171  0.077596
2468  0.000000  1.455758  0.000000  0.707161  0.702891  0.077596
2469  0.000000  1.455583  0.000000  0.706882  0.702611  0.077596
2470  0.000000  1.455407  0.000000  0.706604  0.702330  0.077596
2471  0.000000  1.455232  0.000000  0.706325  0.702050  0.077596
2472  0.000000  1.455056  0.000000  0.706046  0.701769  0.077596
2473  0.000000  1.454880  0.000000  0.705768  0.701489  0.077596
2474  0.000000  1.454704  0.000000  0.705489  0.701209  0.077596
2475  0.000000  1.454528  0.000000  0.705210  0.700928  0.077596
2476  0.000000  1.454352  0.000000  0.704932  0.700648  0.077596
2477  0.000000  1.454175  0.000000  0.704653  0.700367  0.077596
2478  0.000000  1.453999  0.000000  0.704374  0.700087  0.077596
2479  0.000000  1.453822  0.000000  0.704095  0.699807  0.077596
2480  0.000000  1.453646  0.000000  0.703817  0.699526  0.077596
2481  0.000000  1.453469  0.000000  0.703538  0.699246  0.077596
2482  0.000000  1.453292  0.000000  0.703259  0.698965  0.077595
2483  0.000000  1.453115  0.000000  0.702981  0.698685  0.077595
2484  0.000000  1.452938  0.000000  0.702702  0.698405  0.077595
2485  0.000000  1.452760  0.000000  0.702423  0.698124  0.077595
2486  0.000000  1.452583  0.000000  0.702145  0.697844  0.077595
2487  0.000000  1.452405  0.000000  0.701866  0.697563  0.077595
2488  0.000000  1.452228  0.000000  0.701587  0.697283  0.077595
2489  0.000000  1.452050  0.000000  0.701309  0.697003  0.077594
2490  0.000000  1.451872  0.000000  0.701030  0.696722  0.077594
2491  0.000000  1.451694  0.000000  0.700751  0.696442  0.077594
2492  0.000000  1.451516  0.000000  0.700473  0.696162  0.077594
2493  0.000000  1.451338  0.000000  0.700194  0.695881  0.077594
2494  0.000000  1.451160  0.000000  0.699915  0.695601  0.077593
2495  0.000000  1.450981  0.000000  0.699636  0.695320  0.077593
2496  0.000000  1.450803  0.000000  0.699358  0.695040  0.077593
2497  0.000000  1.450624  0.000000  0.699079  0.694760  0.077593
2498  0.000000  1.450445  0.000000  0.698800  0.694479  0.077592
2499  0.000000  1.450266  0.000000  0.698522  0.694199  0.077592
2500  0.000000  1.450087  0.000000  0.698243  0.693919  0.077592
2501  0.000000  1.449908  0.000000  0.697964  0.693638  0.077591
2502  0.000000  1.449729  0.000000  0.697686  0.693358  0.077591
2503  0.000000  1.449549  0.000000  0.697407  0.693077  0.077591
2504  0.000000  1.449370  0.000000  0.697128  0.692797  0.077590
2505  0.000000  1.449190  0.000000  0.696850  0.692517  0.077590
2506  0.000000  1.449011  0.000000  0.696571  0.692236  0.077590
2507  0.000000  1.448831  0.000000  0.696293  0.691956  0.077589
2508  0.000000  1.448651  0.000000  0.696014  0.691676  0.077589
2509  0.000000  1.448471  0.000000  0.695735  0.691395  0.077589
2510  0.000000  1.448290  0.000000  0.695457  0.691115  0.077588
2511  0.000000  1.448110  0.000000  0.695178  0.690835  0.077588
2512  0.000000  1.447930  0.000000  0.694899  0.690554  0.077587
2513  0.000000  1.447749  0.000000  0.694621  0.690274  0.077587
2514  0.000000  1.447568  0.000000  0.694342  0.689994  0.077586
2515  0.000000  1.447388  0.000000  0.694064  0.689713  0.077586
2516  0.000000  1.447207  0.000000  0.693785  0.689433  0.077585
2517  0.000000  1.447026  0.000000  0.693506  0.689153  0.077585
2518  0.000000  1.446845  0.000000  0.693228  0.688872  0.077584
2519  0.000000  1.446663  0.000000  0.692949  0.688592  0.077584
2520  0.000000  1.446482  0.000000  0.692670  0.688312  0.077583
2521  0.000000  1.446300  0.000000  0.692392  0.688032  0.077583
2522  0.000000  1.446119  0.000000  0.692113  0.687751  0.077582
2523  0.000000  1.445937  0.000000  0.691835  0.687471  0.077582
2524  0.000000  1.445755  0.000000  0.691556  0.687191  0.077581
2525  0.000000  1.445573  0.000000  0.691278  0.686910  0.077580
2526  0.000000  1.445391  0.000000  0.690999  0.686630  0.077580
2527  0.000000  1.445209  0.000000  0.690720  0.686350  0.077579
2528  0.000000  1.445027  0.000000  0.690442  0.686070  0.077579
2529  0.000000  1.444844  0.000000  0.690163  0.685789  0.077578
2530  0.000000  1.444661  0.000000  0.689885  0.685509  0.077577
2531  0.000000  1.444479  0.000000  0.689606  0.685229  0.077577
2532  0.000000  1.444296  0.000000  0.689328  0.684949  0.077576
2533  0.000000  1.444113  0.000000  0.689049  0.684668  0.077575
2534  0.000000  1.443930  0.000000  0.688771  0.684388  0.077575
2535  0.000000  1.443747  0.000000  0.688492  0.684108  0.077574
2536  0.000000  1.443563  0.000000  0.688214  0.683828  0.077573
2537  0.000000  1.443380  0.000000  0.687935  0.683547  0.077572
2538  0.000000  1.443197  0.000000  0.687657  0.683267  0.077572
2539  0.000000  1.443013  0.000000  0.687378  0.682987  0.077571
2540  0.000000  1.442829  0.000000  0.687100  0.682707  0.077570
2541  0.000000  1.442645  0.000000  0.686821  0.682427  0.077569
2542  0.000000  1.442461  0.000000  0.686543  0.682146  0.077569
2543  0.000000  1.442277  0.000000  0.686264  0.681866  0.077568
2544  0.000000  1.442093  0.000000  0.685986  0.681586  0.077567
2545  0.000000  1.441908  0.000000  0.685707  0.681306  0.077566
2546  0.000000  1.441724  0.000000  0.685429  0.681026  0.077565
2547  0.000000  1.441539  0.000000  0.685150  0.680746  0.077564
2548  0.000000  1.441355  0.000000  0.684872  0.680465  0.077564
2549  0.000000  1.441170  0.000000  0.684593  0.680185  0.077563
2550  0.000000  1.440985  0.000000  0.684315  0.679905  0.077562
2551  0.000000  1.440800  0.000000  0.684036  0.679625  0.077561
2552  0.000000  1.440614  0.000000  0.683758  0.679345  0.077560
2553  0.000000  1.440429  0.000000  0.683480  0.679065  0.077559
2554  0.000000  1.440244  0.000000  0.683201  0.678785  0.077558
2555  0.000000  1.440058  0.000000  0.682923  0.678505  0.077557
2556  0.000000  1.439872  0.000000  0.682644  0.678224  0.077556
2557  0.000000  1.439687  0.000000  0.682366  0.677944  0.077555
2558  0.000000  1.439501  0.000000  0.682088  0.677664  0.077554
2559  0.000000  1.439315  0.000000  0.681809  0.677384  0.077553
2560  0.000000  1.439128  0.000000  0.681531  0.677104  0.077552
2561  0.000000  1.438942  0.000000  0.681253  0.676824  0.077551
2562  0.000000  1.438756  0.000000  0.680974  0.676544  0.077550
2563  0.000000  1.438569  0.000000  0.680696  0.676264  0.077549
2564  0.000000  1.438382  0.000000  0.680418  0.675984  0.077548
2565  0.000000  1.438196  0.000000  0.680139  0.675704  0.077547
2566  0.000000  1.438009  0.000000  0.679861  0.675424  0.077546
2567  0.000000  1.437822  0.000000  0.679583  0.675144  0.077545
2568  0.000000  1.437635  0.000000  0.679304  0.674864  0.077544
2569  0.000000  1.437447  0.000000  0.679026  0.674584  0.077543
2570  0.000000  1.437260  0.000000  0.678748  0.674304  0.077542
2571  0.000000  1.437072  0.000000  0.678469  0.674024  0.077541
2572  0.000000  1.436885  0.000000  0.678191  0.673744  0.077539
2573  0.000000  1.436697  0.000000  0.677913  0.673464  0.077538
2574  0.000000  1.436509  0.000000  0.677635  0.673184  0.077537
2575  0.000000  1.436321  0.000000  0.677356  0.672904  0.077536
2576  0.000000  1.436133  0.000000  0.677078  0.672624  0.077535
2577  0.000000  1.435945  0.000000  0.676800  0.672344  0.077534
2578  0.000000  1.435756  0.000000  0.676522  0.672064  0.077532
2579  0.000000  1.435568  0.000000  0.676244  0.671784  0.077531
2580  0.000000  1.435379  0.000000  0.675965  0.671504  0.077530
2581  0.000000  1.435191  0.000000  0.675687  0.671225  0.077529
2582  0.000000  1.435002  0.000000  0.675409  0.670945  0.077527
2583  0.000000  1.434813  0.000000  0.675131  0.670665  0.077526
2584  0.000000  1.434624  0.000000  0.674853  0.670385  0.077525
2585  0.000000  1.434434  0.000000  0.674575  0.670105  0.077524
2586  0.000000  1.434245  0.000000  0.674296  0.669825  0.077522
2587  0.000000  1.434056  0.000000  0.674018  0.669545  0.077521
2588  0.000000  1.433866  0.000000  0.673740  0.669266  0.077520
2589  0.000000  1.433676  0.000000  0.673462  0.668986  0.077518
2590  0.000000  1.433486  0.000000  0.673184  0.668706  0.077517
2591  0.000000  1.433297  0.000000  0.672906  0.668426  0.077516
2592  0.000000  1.433106  0.000000  0.672628  0.668146  0.077514
2593  0.000000  1.432916  0.000000  0.672350  0.667867  0.077513
2594  0.000000  1.432726  0.000000  0.672072  0.667587  0.077512
2595  0.000000  1.432535  0.000000  0.671794  0.667307  0.077510
2596  0.000000  1.432345  0.000000  0.671516  0.667027  0.077509
2597  0.000000  1.432154  0.000000  0.671237  0.666748  0.077507
2598  0.000000  1.431963  0.000000  0.670959  0.666468  0.077506
2599  0.000000  1.431772  0.000000  0.670681  0.666188  0.077505
2600  0.000000  1.431581  0.000000  0.670403  0.665908  0.077503
2601  0.000000  1.431390  0.000000  0.670125  0.665629  0.077502
2602  0.000000  1.431199  0.000000  0.669847  0.665349  0.077500
2603  0.000000  1.431007  0.000000  0.669570  0.665069  0.077499
2604  0.000000  1.430816  0.000000  0.669292  0.664790  0.077497
2605  0.000000  1.430624  0.000000  0.669014  0.664510  0.077496
2606  0.000000  1.430432  0.000000  0.668736  0.664230  0.077494
2607  0.000000  1.430240  0.000000  0.668458  0.663951  0.077493
2608  0.000000  1.430048  0.000000  0.668180  0.663671  0.077491
2609  0.000000  1.429856  0.000000  0.667902  0.663392  0.077490
2610  0.000000  1.429664  0.000000  0.667624  0.663112  0.077488
2611  0.000000  1.429472  0.000000  0.667346  0.662832  0.077486
2612  0.000000  1.429279  0.000000  0.667068  0.662553  0.077485
2613  0.000000  1.429086  0.000000  0.666790  0.662273  0.077483
2614  0.000000  1.428893  0.000000  0.666513  0.661994  0.077482
2615  0.000000  1.428701  0.000000  0.666235  0.661714  0.077480
2616  0.000000  1.428508  0.000000  0.665957  0.661435  0.077478
2617  0.000000  1.428314  0.000000  0.665679  0.661155  0.077477
2618  0.000000  1.428121  0.000000  0.665401  0.660876  0.077475
2619  0.000000  1.427928  0.000000  0.665124  0.660596  0.077473
2620  0.000000  1.427734  0.000000  0.664846  0.660317  0.077472
2621  0.000000  1.427540  0.000000  0.664568  0.660037  0.077470
2622  0.000000  1.427347  0.000000  0.664290  0.659758  0.077468
2623  0.000000  1.427153  0.000000  0.664013  0.659478  0.077467
2624  0.000000  1.426959  0.000000  0.663735  0.659199  0.077465
2625  0.000000  1.426765  0.000000  0.663457  0.658920  0.077463
2626  0.000000  1.426570  0.000000  0.663180  0.658640  0.077461
2627  0.000000  1.426376  0.000000  0.662902  0.658361  0.077460
2628  0.000000  1.426181  0.000000  0.662624  0.658081  0.077458
2629  0.000000  1.425987  0.000000  0.662347  0.657802  0.077456
2630  0.000000  1.425792  0.000000  0.662069  0.657523  0.077454
2631  0.000000  1.425597  0.000000  0.661791  0.657243  0.077453
2632  0.000000  1.425402  0.000000  0.661514  0.656964  0.077451
2633  0.000000  1.425207  0.000000  0.661236  0.656685  0.077449
2634  0.000000  1.425011  0.000000  0.660958  0.656405  0.077447
2635  0.000000  1.424816  0.000000  0.660681  0.656126  0.077445
2636  0.000000  1.424620  0.000000  0.660403  0.655847  0.077443
2637  0.000000  1.424425  0.000000  0.660126  0.655568  0.077442
2638  0.000000  1.424229  0.000000  0.659848  0.655288  0.077440
2639  0.000000  1.424033  0.000000  0.659571  0.655009  0.077438
2640  0.000000  1.423837  0.000000  0.659293  0.654730  0.077436
2641  0.000000  1.423641  0.000000  0.659016  0.654451  0.077434
2642  0.000000  1.423445  0.000000  0.658738  0.654172  0.077432
2643  0.000000  1.423248  0.000000  0.658461  0.653892  0.077430
2644  0.000000  1.423052  0.000000  0.658183  0.653613  0.077428
2645  0.000000  1.422855  0.000000  0.657906  0.653334  0.077426
2646  0.000000  1.422658  0.000000  0.657628  0.653055  0.077424
2647  0.000000  1.422461  0.000000  0.657351  0.652776  0.077422
2648  0.000000  1.422264  0.000000  0.657074  0.652497  0.077420
2649  0.000000  1.422067  0.000000  0.656796  0.652218  0.077418
2650  0.000000  1.421870  0.000000  0.656519  0.651939  0.077416
2651  0.000000  1.421672  0.000000  0.656242  0.651659  0.077414
2652  0.000000  1.421475  0.000000  0.655964  0.651380  0.077412
2653  0.000000  1.421277  0.000000  0.655687  0.651101  0.077410
2654  0.000000  1.421079  0.000000  0.655410  0.650822  0.077408
2655  0.000000  1.420881  0.000000  0.655132  0.650543  0.077406
2656  0.000000  1.420683  0.000000  0.654855  0.650264  0.077404
2657  0.000000  1.420485  0.000000  0.654578  0.649985  0.077402
2658  0.000000  1.420287  0.000000  0.654301  0.649706  0.077400
2659  0.000000  1.420088  0.000000  0.654023  0.649428  0.077398
2660  0.000000  1.419890  0.000000  0.653746  0.649149  0.077396
2661  0.000000  1.419691  0.000000  0.653469  0.648870  0.077394
2662  0.000000  1.419492  0.000000  0.653192  0.648591  0.077391
2663  0.000000  1.419293  0.000000  0.652915  0.648312  0.077389
2664  0.000000  1.419094  0.000000  0.652637  0.648033  0.077387
2665  0.000000  1.418895  0.000000  0.652360  0.647754  0.077385
2666  0.000000  1.418696  0.000000  0.652083  0.647475  0.077383
2667  0.000000  1.418496  0.000000  0.651806  0.647197  0.077381
2668  0.000000  1.418297  0.000000  0.651529  0.646918  0.077378
2669  0.000000  1.418097  0.000000  0.651252  0.646639  0.077376
2670  0.000000  1.417897  0.000000  0.650975  0.646360  0.077374
2671  0.000000  1.417697  0.000000  0.650698  0.646082  0.077372
2672  0.000000  1.417497  0.000000  0.650421  0.645803  0.077369
2673  0.000000  1.417297  0.000000  0.650144  0.645524  0.077367
2674  0.000000  1.417097  0.000000  0.649867  0.645245  0.077365
2675  0.000000  1.416896  0.000000  0.649590  0.644967  0.077363
2676  0.000000  1.416695  0.000000  0.649313  0.644688  0.077360
2677  0.000000  1.416495  0.000000  0.649036  0.644409  0.077358
2678  0.000000  1.416294  0.000000  0.648759  0.644131  0.077356
2679  0.000000  1.416093  0.000000  0.648482  0.643852  0.077353
2680  0.000000  1.415892  0.000000  0.648205  0.643574  0.077351
2681  0.000000  1.415691  0.000000  0.647928  0.643295  0.077349
2682  0.000000  1.415489  0.000000  0.647652  0.643016  0.077346
2683  0.000000  1.415288  0.000000  0.647375  0.642738  0.077344
2684  0.000000  1.415086  0.000000  0.647098  0.642459  0.077342
2685  0.000000  1.414884  0.000000  0.646821  0.642181  0.077339
2686  0.000000  1.414682  0.000000  0.646544  0.641902  0.077337
2687  0.000000  1.414480  0.000000  0.646268  0.641624  0.077334
2688  0.000000  1.414278  0.000000  0.645991  0.641345  0.077332
2689  0.000000  1.414076  0.000000  0.645714  0.641067  0.077330
2690  0.000000  1.413874  0.000000  0.645437  0.640788  0.077327
2691  0.000000  1.413671  0.000000  0.645161  0.640510  0.077325
2692  0.000000  1.413468  0.000000  0.644884  0.640232  0.077322
2693  0.000000  1.413266  0.000000  0.644607  0.639953  0.077320
2694  0.000000  1.413063  0.000000  0.644331  0.639675  0.077317
2695  0.000000  1.412860  0.000000  0.644054  0.639397  0.077315
2696  0.000000  1.412657  0.000000  0.643777  0.639118  0.077312
2697  0.000000  1.412453  0.000000  0.643501  0.638840  0.077310
2698  0.000000  1.412250  0.000000  0.643224  0.638562  0.077307
2699  0.000000  1.412046  0.000000  0.642948  0.638283  0.077305
2700  0.000000  1.411843  0.000000  0.642671  0.638005  0.077302
2701  0.000000  1.411639  0.000000  0.642395  0.637727  0.077300
2702  0.000000  1.411435  0.000000  0.642118  0.637449  0.077297
2703  0.000000  1.411231  0.000000  0.641842  0.637171  0.077295
2704  0.000000  1.411027  0.000000  0.641565  0.636892  0.077292
2705  0.000000  1.410822  0.000000  0.641289  0.636614  0.077289
2706  0.000000  1.410618  0.000000  0.641012  0.636336  0.077287
2707  0.000000  1.410413  0.000000  0.640736  0.636058  0.077284
2708  0.000000  1.410208  0.000000  0.640460  0.635780  0.077282
2709  0.000000  1.410004  0.000000  0.640183  0.635502  0.077279
2710  0.000000  1.409799  0.000000  0.639907  0.635224  0.077276
2711  0.000000  1.409593  0.000000  0.639631  0.634946  0.077274
2712  0.000000  1.409388  0.000000  0.639354  0.634668  0.077271
2713  0.000000  1.409183  0.000000  0.639078  0.634390  0.077268
2714  0.000000  1.408977  0.000000  0.638802  0.634112  0.077266
2715  0.000000  1.408772  0.000000  0.638525  0.633834  0.077263
2716  0.000000  1.408566  0.000000  0.638249  0.633556  0.077260
2717  0.000000  1.408360  0.000000  0.637973  0.633278  0.077257
2718  0.000000  1.408154  0.000000  0.637697  0.633000  0.077255
2719  0.000000  1.407948  0.000000  0.637421  0.632722  0.077252
2720  0.000000  1.407742  0.000000  0.637144  0.632444  0.077249
2721  0.000000  1.407535  0.000000  0.636868  0.632166  0.077246
2722  0.000000  1.407329  0.000000  0.636592  0.631888  0.077244
2723  0.000000  1.407122  0.000000  0.636316  0.631611  0.077241
2724  0.000000  1.406915  0.000000  0.636040  0.631333  0.077238
2725  0.000000  1.406708  0.000000  0.635764  0.631055  0.077235
2726  0.000000  1.406501  0.000000  0.635488  0.630777  0.077232
2727  0.000000  1.406294  0.000000  0.635212  0.630500  0.077230
2728  0.000000  1.406087  0.000000  0.634936  0.630222  0.077227
2729  0.000000  1.405879  0.000000  0.634660  0.629944  0.077224
2730  0.000000  1.405672  0.000000  0.634384  0.629667  0.077221
2731  0.000000  1.405464  0.000000  0.634108  0.629389  0.077218
2732  0.000000  1.405256  0.000000  0.633832  0.629111  0.077215
2733  0.000000  1.405048  0.000000  0.633556  0.628834  0.077212
2734  0.000000  1.404840  0.000000  0.633280  0.628556  0.077210
2735  0.000000  1.404632  0.000000  0.633005  0.628279  0.077207
2736  0.000000  1.404423  0.000000  0.632729  0.628001  0.077204
2737  0.000000  1.404215  0.000000  0.632453  0.627724  0.077201
2738  0.000000  1.404006  0.000000  0.632177  0.627446  0.077198
2739  0.000000  1.403797  0.000000  0.631901  0.627169  0.077195
2740  0.000000  1.403589  0.000000  0.631626  0.626891  0.077192
2741  0.000000  1.403380  0.000000  0.631350  0.626614  0.077189
2742  0.000000  1.403170  0.000000  0.631074  0.626336  0.077186
2743  0.000000  1.402961  0.000000  0.630799  0.626059  0.077183
2744  0.000000  1.402752  0.000000  0.630523  0.625781  0.077180
2745  0.000000  1.402542  0.000000  0.630247  0.625504  0.077177
2746  0.000000  1.402332  0.000000  0.629972  0.625227  0.077174
2747  0.000000  1.402123  0.000000  0.629696  0.624949  0.077171
2748  0.000000  1.401913  0.000000  0.629421  0.624672  0.077168
2749  0.000000  1.401703  0.000000  0.629145  0.624395  0.077165
2750  0.000000  1.401492  0.000000  0.628869  0.624118  0.077162
2751  0.000000  1.401282  0.000000  0.628594  0.623840  0.077159
2752  0.000000  1.401071  0.000000  0.628319  0.623563  0.077156
2753  0.000000  1.400861  0.000000  0.628043  0.623286  0.077153
2754  0.000000  1.400650  0.000000  0.627768  0.623009  0.077149
2755  0.000000  1.400439  0.000000  0.627492  0.622732  0.077146
2756  0.000000  1.400228  0.000000  0.627217  0.622455  0.077143
2757  0.000000  1.400017  0.000000  0.626941  0.622178  0.077140
2758  0.000000  1.399806  0.000000  0.626666  0.621901  0.077137
2759  0.000000  1.399594  0.000000  0.626391  0.621623  0.077134
2760  0.000000  1.399383  0.000000  0.626115  0.621346  0.077131
2761  0.000000  1.399171  0.000000  0.625840  0.621069  0.077127
2762  0.000000  1.398959  0.000000  0.625565  0.620793  0.077124
2763  0.000000  1.398747  0.000000  0.625290  0.620516  0.077121
2764  0.000000  1.398535  0.000000  0.625015  0.620239  0.077118
2765  0.000000  1.398323  0.000000  0.624739  0.619962  0.077115
2766  0.000000  1.398111  0.000000  0.624464  0.619685  0.077111
2767  0.000000  1.397898  0.000000  0.624189  0.619408  0.077108
2768  0.000000  1.397686  0.000000  0.623914  0.619131  0.077105
2769  0.000000  1.397473  0.000000  0.623639  0.618854  0.077102
2770  0.000000  1.397260  0.000000  0.623364  0.618578  0.077099
2771  0.000000  1.397047  0.000000  0.623089  0.618301  0.077095
2772  0.000000  1.396834  0.000000  0.622814  0.618024  0.077092
2773  0.000000  1.396621  0.000000  0.622539  0.617747  0.077089
2774  0.000000  1.396407  0.000000  0.622264  0.617471  0.077085
2775  0.000000  1.396194  0.000000  0.621989  0.617194  0.077082
2776  0.000000  1.395980  0.000000  0.621714  0.616917  0.077079
2777  0.000000  1.395766  0.000000  0.621439  0.616641  0.077075
2778  0.000000  1.395552  0.000000  0.621164  0.616364  0.077072
2779  0.000000  1.395338  0.000000  0.620889  0.616087  0.077069
2780  0.000000  1.395124  0.000000  0.620614  0.615811  0.077065
2781  0.000000  1.394910  0.000000  0.620340  0.615534  0.077062
2782  0.000000  1.394695  0.000000  0.620065  0.615258  0.077059
2783  0.000000  1.394481  0.000000  0.619790  0.614981  0.077055
2784  0.000000  1.394266  0.000000  0.619515  0.614705  0.077052
2785  0.000000  1.394051  0.000000  0.619241  0.614429  0.077048
2786  0.000000  1.393836  0.000000  0.618966  0.614152  0.077045
2787  0.000000  1.393621  0.000000  0.618691  0.613876  0.077042
2788  0.000000  1.393405  0.000000  0.618417  0.613599  0.077038
2789  0.000000  1.393190  0.000000  0.618142  0.613323  0.077035
2790  0.000000  1.392974  0.000000  0.617867  0.613047  0.077031
2791  0.000000  1.392759  0.000000  0.617593  0.612770  0.077028
2792  0.000000  1.392543  0.000000  0.617318  0.612494  0.077024
2793  0.000000  1.392327  0.000000  0.617044  0.612218  0.077021
2794  0.000000  1.392111  0.000000  0.616769  0.611942  0.077017
2795  0.000000  1.391895  0.000000  0.616495  0.611666  0.077014
2796  0.000000  1.391678  0.000000  0.616220  0.611389  0.077010
2797  0.000000  1.391462  0.000000  0.615946  0.611113  0.077007
2798  0.000000  1.391245  0.000000  0.615672  0.610837  0.077003
2799  0.000000  1.391028  0.000000  0.615397  0.610561  0.077000
2800  0.000000  1.390811  0.000000  0.615123  0.610285  0.076996
2801  0.000000  1.390594  0.000000  0.614849  0.610009  0.076992
2802  0.000000  1.390377  0.000000  0.614574  0.609733  0.076989
2803  0.000000  1.390160  0.000000  0.614300  0.609457  0.076985
2804  0.000000  1.389942  0.000000  0.614026  0.609181  0.076982
2805  0.000000  1.389725  0.000000  0.613752  0.608905  0.076978
2806  0.000000  1.389507  0.000000  0.613477  0.608629  0.076974
2807  0.000000  1.389289  0.000000  0.613203  0.608353  0.076971
2808  0.000000  1.389071  0.000000  0.612929  0.608077  0.076967
2809  0.000000  1.388853  0.000000  0.612655  0.607802  0.076964
2810  0.000000  1.388635  0.000000  0.612381  0.607526  0.076960
2811  0.000000  1.388417  0.000000  0.612107  0.607250  0.076956
2812  0.000000  1.388198  0.000000  0.611833  0.606974  0.076953
2813  0.000000  1.387979  0.000000  0.611559  0.606699  0.076949
2814  0.000000  1.387761  0.000000  0.611285  0.606423  0.076945
2815  0.000000  1.387542  0.000000  0.611011  0.606147  0.076942
2816  0.000000  1.387323  0.000000  0.610737  0.605872  0.076938
2817  0.000000  1.387103  0.000000  0.610463  0.605596  0.076934
2818  0.000000  1.386884  0.000000  0.610189  0.605320  0.076930
2819  0.000000  1.386664  0.000000  0.609915  0.605045  0.076927
2820  0.000000  1.386445  0.000000  0.609642  0.604769  0.076923
2821  0.000000  1.386225  0.000000  0.609368  0.604494  0.076919
2822  0.000000  1.386005  0.000000  0.609094  0.604218  0.076915
2823  0.000000  1.385785  0.000000  0.608820  0.603943  0.076912
2824  0.000000  1.385565  0.000000  0.608547  0.603667  0.076908
2825  0.000000  1.385345  0.000000  0.608273  0.603392  0.076904
2826  0.000000  1.385124  0.000000  0.607999  0.603117  0.076900
2827  0.000000  1.384904  0.000000  0.607726  0.602841  0.076896
2828  0.000000  1.384683  0.000000  0.607452  0.602566  0.076893
2829  0.000000  1.384462  0.000000  0.607179  0.602291  0.076889
2830  0.000000  1.384241  0.000000  0.606905  0.602015  0.076885
2831  0.000000  1.384020  0.000000  0.606631  0.601740  0.076881
2832  0.000000  1.383799  0.000000  0.606358  0.601465  0.076877
2833  0.000000  1.383577  0.000000  0.606085  0.601190  0.076873
2834  0.000000  1.383356  0.000000  0.605811  0.600914  0.076869
2835  0.000000  1.383134  0.000000  0.605538  0.600639  0.076865
2836  0.000000  1.382912  0.000000  0.605264  0.600364  0.076862
2837  0.000000  1.382690  0.000000  0.604991  0.600089  0.076858
2838  0.000000  1.382468  0.000000  0.604718  0.599814  0.076854
2839  0.000000  1.382246  0.000000  0.604444  0.599539  0.076850
2840  0.000000  1.382024  0.000000  0.604171  0.599264  0.076846
2841  0.000000  1.381801  0.000000  0.603898  0.598989  0.076842
2842  0.000000  1.381578  0.000000  0.603625  0.598714  0.076838
2843  0.000000  1.381356  0.000000  0.603351  0.598439  0.076834
2844  0.000000  1.381133  0.000000  0.603078  0.598164  0.076830
2845  0.000000  1.380910  0.000000  0.602805  0.597889  0.076826
2846  0.000000  1.380686  0.000000  0.602532  0.597615  0.076822
2847  0.000000  1.380463  0.000000  0.602259  0.597340  0.076818
2848  0.000000  1.380240  0.000000  0.601986  0.597065  0.076814
2849  0.000000  1.380016  0.000000  0.601713  0.596790  0.076810
2850  0.000000  1.379792  0.000000  0.601440  0.596516  0.076806
2851  0.000000  1.379568  0.000000  0.601167  0.596241  0.076802
2852  0.000000  1.379344  0.000000  0.600894  0.595966  0.076798
2853  0.000000  1.379120  0.000000  0.600621  0.595692  0.076794
2854  0.000000  1.378896  0.000000  0.600348  0.595417  0.076790
2855  0.000000  1.378671  0.000000  0.600076  0.595142  0.076786
2856  0.000000  1.378447  0.000000  0.599803  0.594868  0.076782
2857  0.000000  1.378222  0.000000  0.599530  0.594593  0.076777
2858  0.000000  1.377997  0.000000  0.599257  0.594319  0.076773
2859  0.000000  1.377772  0.000000  0.598984  0.594044  0.076769
2860  0.000000  1.377547  0.000000  0.598712  0.593770  0.076765
2861  0.000000  1.377322  0.000000  0.598439  0.593496  0.076761
2862  0.000000  1.377097  0.000000  0.598166  0.593221  0.076757
2863  0.000000  1.376871  0.000000  0.597894  0.592947  0.076753
2864  0.000000  1.376645  0.000000  0.597621  0.592673  0.076749
2865  0.000000  1.376419  0.000000  0.597349  0.592398  0.076744
2866  0.000000  1.376193  0.000000  0.597076  0.592124  0.076740
2867  0.000000  1.375967  0.000000  0.596804  0.591850  0.076736
2868  0.000000  1.375741  0.000000  0.596531  0.591576  0.076732
2869  0.000000  1.375515  0.000000  0.596259  0.591302  0.076728
2870  0.000000  1.375288  0.000000  0.595986  0.591027  0.076723
2871  0.000000  1.375062  0.000000  0.595714  0.590753  0.076719
2872  0.000000  1.374835  0.000000  0.595442  0.590479  0.076715
2873  0.000000  1.374608  0.000000  0.595169  0.590205  0.076711
2874  0.000000  1.374381  0.000000  0.594897  0.589931  0.076706
2875  0.000000  1.374153  0.000000  0.594625  0.589657  0.076702
2876  0.000000  1.373926  0.000000  0.594353  0.589383  0.076698
2877  0.000000  1.373699  0.000000  0.594081  0.589109  0.076694
2878  0.000000  1.373471  0.000000  0.593808  0.588835  0.076689
2879  0.000000  1.373243  0.000000  0.593536  0.588562  0.076685
2880  0.000000  1.373015  0.000000  0.593264  0.588288  0.076681
2881  0.000000  1.372787  0.000000  0.592992  0.588014  0.076676
2882  0.000000  1.372559  0.000000  0.592720  0.587740  0.076672
2883  0.000000  1.372331  0.000000  0.592448  0.587466  0.076668
2884  0.000000  1.372102  0.000000  0.592176  0.587193  0.076663
2885  0.000000  1.371873  0.000000  0.591904  0.586919  0.076659
2886  0.000000  1.371645  0.000000  0.591632  0.586645  0.076655
2887  0.000000  1.371416  0.000000  0.591360  0.586372  0.076650
2888  0.000000  1.371187  0.000000  0.591089  0.586098  0.076646
2889  0.000000  1.370958  0.000000  0.590817  0.585825  0.076642
2890  0.000000  1.370728  0.000000  0.590545  0.585551  0.076637
2891  0.000000  1.370499  0.000000  0.590273  0.585278  0.076633
2892  0.000000  1.370269  0.000000  0.590002  0.585004  0.076628
2893  0.000000  1.370039  0.000000  0.589730  0.584731  0.076624
2894  0.000000  1.369809  0.000000  0.589458  0.584457  0.076620
2895  0.000000  1.369579  0.000000  0.589187  0.584184  0.076615
2896  0.000000  1.369349  0.000000  0.588915  0.583911  0.076611
2897  0.000000  1.369119  0.000000  0.588643  0.583637  0.076606
2898  0.000000  1.368888  0.000000  0.588372  0.583364  0.076602
2899  0.000000  1.368658  0.000000  0.588100  0.583091  0.076597
2900  0.000000  1.368427  0.000000  0.587829  0.582818  0.076593
2901  0.000000  1.368196  0.000000  0.587557  0.582544  0.076588
2902  0.000000  1.367965  0.000000  0.587286  0.582271  0.076584
2903  0.000000  1.367734  0.000000  0.587015  0.581998  0.076579
2904  0.000000  1.367503  0.000000  0.586743  0.581725  0.076575
2905  0.000000  1.367271  0.000000  0.586472  0.581452  0.076570
2906  0.000000  1.367040  0.000000  0.586201  0.581179  0.076566
2907  0.000000  1.366808  0.000000  0.585930  0.580906  0.076561
2908  0.000000  1.366576  0.000000  0.585658  0.580633  0.076557
2909  0.000000  1.366344  0.000000  0.585387  0.580360  0.076552
2910  0.000000  1.366112  0.000000  0.585116  0.580087  0.076548
2911  0.000000  1.365880  0.000000  0.584845  0.579814  0.076543
2912  0.000000  1.365647  0.000000  0.584574  0.579542  0.076538
2913  0.000000  1.365415  0.000000  0.584303  0.579269  0.076534
2914  0.000000  1.365182  0.000000  0.584032  0.578996  0.076529
2915  0.000000  1.364949  0.000000  0.583761  0.578723  0.076525
2916  0.000000  1.364716  0.000000  0.583490  0.578451  0.076520
2917  0.000000  1.364483  0.000000  0.583219  0.578178  0.076515
2918  0.000000  1.364249  0.000000  0.582948  0.577905  0.076511
2919  0.000000  1.364016  0.000000  0.582677  0.577633  0.076506
2920  0.000000  1.363782  0.000000  0.582406  0.577360  0.076501
2921  0.000000  1.363549  0.000000  0.582136  0.577088  0.076497
2922  0.000000  1.363315  0.000000  0.581865  0.576815  0.076492
2923  0.000000  1.363081  0.000000  0.581594  0.576543  0.076487
2924  0.000000  1.362847  0.000000  0.581323  0.576270  0.076483
2925  0.000000  1.362612  0.000000  0.581053  0.575998  0.076478
2926  0.000000  1.362378  0.000000  0.580782  0.575725  0.076473
2927  0.000000  1.362143  0.000000  0.580512  0.575453  0.076469
2928  0.000000  1.361909  0.000000  0.580241  0.575181  0.076464
2929  0.000000  1.361674  0.000000  0.579971  0.574909  0.076459
2930  0.000000  1.361439  0.000000  0.579700  0.574636  0.076454
2931  0.000000  1.361203  0.000000  0.579430  0.574364  0.076450
2932  0.000000  1.360968  0.000000  0.579159  0.574092  0.076445
2933  0.000000  1.360733  0.000000  0.578889  0.573820  0.076440
2934  0.000000  1.360497  0.000000  0.578618  0.573548  0.076435
2935  0.000000  1.360261  0.000000  0.578348  0.573276  0.076431
2936  0.000000  1.360025  0.000000  0.578078  0.573004  0.076426
2937  0.000000  1.359789  0.000000  0.577808  0.572732  0.076421
2938  0.000000  1.359553  0.000000  0.577537  0.572460  0.076416
2939  0.000000  1.359317  0.000000  0.577267  0.572188  0.076411
2940  0.000000  1.359081  0.000000  0.576997  0.571916  0.076407
2941  0.000000  1.358844  0.000000  0.576727  0.571644  0.076402
2942  0.000000  1.358607  0.000000  0.576457  0.571372  0.076397
2943  0.000000  1.358370  0.000000  0.576187  0.571100  0.076392
2944  0.000000  1.358133  0.000000  0.575917  0.570828  0.076387
2945  0.000000  1.357896  0.000000  0.575647  0.570557  0.076382
2946  0.000000  1.357659  0.000000  0.575377  0.570285  0.076377
2947  0.000000  1.357421  0.000000  0.575107  0.570013  0.076373
2948  0.000000  1.357184  0.000000  0.574837  0.569742  0.076368
2949  0.000000  1.356946  0.000000  0.574567  0.569470  0.076363
2950  0.000000  1.356708  0.000000  0.574297  0.569199  0.076358
2951  0.000000  1.356470  0.000000  0.574028  0.568927  0.076353
2952  0.000000  1.356232  0.000000  0.573758  0.568656  0.076348
2953  0.000000  1.355993  0.000000  0.573488  0.568384  0.076343
2954  0.000000  1.355755  0.000000  0.573219  0.568113  0.076338
2955  0.000000  1.355516  0.000000  0.572949  0.567841  0.076333
2956  0.000000  1.355278  0.000000  0.572679  0.567570  0.076328
2957  0.000000  1.355039  0.000000  0.572410  0.567299  0.076323
2958  0.000000  1.354800  0.000000  0.572140  0.567027  0.076318
2959  0.000000  1.354560  0.000000  0.571871  0.566756  0.076313
2960  0.000000  1.354321  0.000000  0.571601  0.566485  0.076308
2961  0.000000  1.354082  0.000000  0.571332  0.566214  0.076303
2962  0.000000  1.353842  0.000000  0.571063  0.565943  0.076298
2963  0.000000  1.353602  0.000000  0.570793  0.565672  0.076293
2964  0.000000  1.353362  0.000000  0.570524  0.565400  0.076288
2965  0.000000  1.353122  0.000000  0.570255  0.565129  0.076283
2966  0.000000  1.352882  0.000000  0.569985  0.564858  0.076278
2967  0.000000  1.352641  0.000000  0.569716  0.564587  0.076273
2968  0.000000  1.352401  0.000000  0.569447  0.564317  0.076268
2969  0.000000  1.352160  0.000000  0.569178  0.564046  0.076263
2970  0.000000  1.351919  0.000000  0.568909  0.563775  0.076258
2971  0.000000  1.351679  0.000000  0.568640  0.563504  0.076253
2972  0.000000  1.351437  0.000000  0.568371  0.563233  0.076248
2973  0.000000  1.351196  0.000000  0.568102  0.562962  0.076243
2974  0.000000  1.350955  0.000000  0.567833  0.562692  0.076238
2975  0.000000  1.350713  0.000000  0.567564  0.562421  0.076233
2976  0.000000  1.350472  0.000000  0.567295  0.562150  0.076228
2977  0.000000  1.350230  0.000000  0.567026  0.561880  0.076222
2978  0.000000  1.349988  0.000000  0.566757  0.561609  0.076217
2979  0.000000  1.349746  0.000000  0.566489  0.561339  0.076212
2980  0.000000  1.349503  0.000000  0.566220  0.561068  0.076207
2981  0.000000  1.349261  0.000000  0.565951  0.560798  0.076202
2982  0.000000  1.349018  0.000000  0.565683  0.560527  0.076197
2983  0.000000  1.348776  0.000000  0.565414  0.560257  0.076191
2984  0.000000  1.348533  0.000000  0.565145  0.559987  0.076186
2985  0.000000  1.348290  0.000000  0.564877  0.559716  0.076181
2986  0.000000  1.348047  0.000000  0.564608  0.559446  0.076176
2987  0.000000  1.347803  0.000000  0.564340  0.559176  0.076171
2988  0.000000  1.347560  0.000000  0.564071  0.558905  0.076166
2989  0.000000  1.347316  0.000000  0.563803  0.558635  0.076160
2990  0.000000  1.347073  0.000000  0.563535  0.558365  0.076155
2991  0.000000  1.346829  0.000000  0.563266  0.558095  0.076150
2992  0.000000  1.346585  0.000000  0.562998  0.557825  0.076145
2993  0.000000  1.346341  0.000000  0.562730  0.557555  0.076139
2994  0.000000  1.346096  0.000000  0.562462  0.557285  0.076134
2995  0.000000  1.345852  0.000000  0.562193  0.557015  0.076129
2996  0.000000  1.345607  0.000000  0.561925  0.556745  0.076124
2997  0.000000  1.345362  0.000000  0.561657  0.556475  0.076118
2998  0.000000  1.345117  0.000000  0.561389  0.556205  0.076113
2999  0.000000  1.344872  0.000000  0.561121  0.555936  0.076108
3000  0.000000  1.344627  0.000000  0.560853  0.555666  0.076102
3001  0.000000  1.344382  0.000000  0.560585  0.555396  0.076097
3002  0.000000  1.344136  0.000000  0.560317  0.555126  0.076092
3003  0.000000  1.343891  0.000000  0.560049  0.554857  0.076086
3004  0.000000  1.343645  0.000000  0.559781  0.554587  0.076081
3005  0.000000  1.343399  0.000000  0.559514  0.554318  0.076076
3006  0.000000  1.343153  0.000000  0.559246  0.554048  0.076070
3007  0.000000  1.342906  0.000000  0.558978  0.553778  0.076065
3008  0.000000  1.342660  0.000000  0.558710  0.553509  0.076060
3009  0.000000  1.342414  0.000000  0.558443  0.553240  0.076054
3010  0.000000  1.342167  0.000000  0.558175  0.552970  0.076049
3011  0.000000  1.341920  0.000000  0.557908  0.552701  0.076044
3012  0.000000  1.341673  0.000000  0.557640  0.552432  0.076038
3013  0.000000  1.341426  0.000000  0.557373  0.552162  0.076033
3014  0.000000  1.341179  0.000000  0.557105  0.551893  0.076027
3015  0.000000  1.340931  0.000000  0.556838  0.551624  0.076022
3016  0.000000  1.340684  0.000000  0.556570  0.551355  0.076017
3017  0.000000  1.340436  0.000000  0.556303  0.551085  0.076011
3018  0.000000  1.340188  0.000000  0.556036  0.550816  0.076006
3019  0.000000  1.339940  0.000000  0.555768  0.550547  0.076000
3020  0.000000  1.339692  0.000000  0.555501  0.550278  0.075995
3021  0.000000  1.339443  0.000000  0.555234  0.550009  0.075989
3022  0.000000  1.339195  0.000000  0.554967  0.549740  0.075984
3023  0.000000  1.338946  0.000000  0.554700  0.549472  0.075978
3024  0.000000  1.338697  0.000000  0.554433  0.549203  0.075973
3025  0.000000  1.338448  0.000000  0.554166  0.548934  0.075968
3026  0.000000  1.338199  0.000000  0.553899  0.548665  0.075962
3027  0.000000  1.337950  0.000000  0.553632  0.548396  0.075957
3028  0.000000  1.337701  0.000000  0.553365  0.548128  0.075951
3029  0.000000  1.337451  0.000000  0.553098  0.547859  0.075945
3030  0.000000  1.337202  0.000000  0.552831  0.547590  0.075940
3031  0.000000  1.336952  0.000000  0.552564  0.547322  0.075934
3032  0.000000  1.336702  0.000000  0.552297  0.547053  0.075929
3033  0.000000  1.336452  0.000000  0.552031  0.546785  0.075923
3034  0.000000  1.336201  0.000000  0.551764  0.546516  0.075918
3035  0.000000  1.335951  0.000000  0.551497  0.546248  0.075912
3036  0.000000  1.335700  0.000000  0.551231  0.545979  0.075907
3037  0.000000  1.335450  0.000000  0.550964  0.545711  0.075901
3038  0.000000  1.335199  0.000000  0.550698  0.545443  0.075896
3039  0.000000  1.334948  0.000000  0.550431  0.545174  0.075890
3040  0.000000  1.334697  0.000000  0.550165  0.544906  0.075884
3041  0.000000  1.334445  0.000000  0.549898  0.544638  0.075879
3042  0.000000  1.334194  0.000000  0.549632  0.544370  0.075873
3043  0.000000  1.333942  0.000000  0.549366  0.544102  0.075868
3044  0.000000  1.333690  0.000000  0.549099  0.543834  0.075862
3045  0.000000  1.333438  0.000000  0.548833  0.543566  0.075856
3046  0.000000  1.333186  0.000000  0.548567  0.543298  0.075851
3047  0.000000  1.332934  0.000000  0.548301  0.543030  0.075845
3048  0.000000  1.332682  0.000000  0.548034  0.542762  0.075839
3049  0.000000  1.332429  0.000000  0.547768  0.542494  0.075834
3050  0.000000  1.332176  0.000000  0.547502  0.542226  0.075828
3051  0.000000  1.331924  0.000000  0.547236  0.541958  0.075822
3052  0.000000  1.331671  0.000000  0.546970  0.541690  0.075817
3053  0.000000  1.331417  0.000000  0.546704  0.541423  0.075811
3054  0.000000  1.331164  0.000000  0.546439  0.541155  0.075805
3055  0.000000  1.330911  0.000000  0.546173  0.540887  0.075800
3056  0.000000  1.330657  0.000000  0.545907  0.540620  0.075794
3057  0.000000  1.330403  0.000000  0.545641  0.540352  0.075788
3058  0.000000  1.330150  0.000000  0.545375  0.540085  0.075782
3059  0.000000  1.329895  0.000000  0.545110  0.539817  0.075777
3060  0.000000  1.329641  0.000000  0.544844  0.539550  0.075771
3061  0.000000  1.329387  0.000000  0.544578  0.539282  0.075765
3062  0.000000  1.329132  0.000000  0.544313  0.539015  0.075759
3063  0.000000  1.328878  0.000000  0.544047  0.538748  0.075754
3064  0.000000  1.328623  0.000000  0.543782  0.538480  0.075748
3065  0.000000  1.328368  0.000000  0.543516  0.538213  0.075742
3066  0.000000  1.328113  0.000000  0.543251  0.537946  0.075736
3067  0.000000  1.327858  0.000000  0.542986  0.537679  0.075731
3068  0.000000  1.327602  0.000000  0.542720  0.537411  0.075725
3069  0.000000  1.327347  0.000000  0.542455  0.537144  0.075719
3070  0.000000  1.327091  0.000000  0.542190  0.536877  0.075713
3071  0.000000  1.326835  0.000000  0.541925  0.536610  0.075707
3072  0.000000  1.326579  0.000000  0.541659  0.536343  0.075702
3073  0.000000  1.326323  0.000000  0.541394  0.536076  0.075696
3074  0.000000  1.326066  0.000000  0.541129  0.535810  0.075690
3075  0.000000  1.325810  0.000000  0.540864  0.535543  0.075684
3076  0.000000  1.325553  0.000000  0.540599  0.535276  0.075678
3077  0.000000  1.325297  0.000000  0.540334  0.535009  0.075672
3078  0.000000  1.325040  0.000000  0.540069  0.534742  0.075667
3079  0.000000  1.324783  0.000000  0.539805  0.534476  0.075661
3080  0.000000  1.324525  0.000000  0.539540  0.534209  0.075655
3081  0.000000  1.324268  0.000000  0.539275  0.533943  0.075649
3082  0.000000  1.324010  0.000000  0.539010  0.533676  0.075643
3083  0.000000  1.323753  0.000000  0.538745  0.533410  0.075637
3084  0.000000  1.323495  0.000000  0.538481  0.533143  0.075631
3085  0.000000  1.323237  0.000000  0.538216  0.532877  0.075625
3086  0.000000  1.322979  0.000000  0.537952  0.532610  0.075619
3087  0.000000  1.322720  0.000000  0.537687  0.532344  0.075614
3088  0.000000  1.322462  0.000000  0.537423  0.532078  0.075608
3089  0.000000  1.322203  0.000000  0.537158  0.531811  0.075602
3090  0.000000  1.321944  0.000000  0.536894  0.531545  0.075596
3091  0.000000  1.321685  0.000000  0.536629  0.531279  0.075590
3092  0.000000  1.321426  0.000000  0.536365  0.531013  0.075584
3093  0.000000  1.321167  0.000000  0.536101  0.530747  0.075578
3094  0.000000  1.320908  0.000000  0.535837  0.530481  0.075572
3095  0.000000  1.320648  0.000000  0.535572  0.530215  0.075566
3096  0.000000  1.320388  0.000000  0.535308  0.529949  0.075560
3097  0.000000  1.320129  0.000000  0.535044  0.529683  0.075554
3098  0.000000  1.319869  0.000000  0.534780  0.529417  0.075548
3099  0.000000  1.319608  0.000000  0.534516  0.529151  0.075542
3100  0.000000  1.319348  0.000000  0.534252  0.528885  0.075536
3101  0.000000  1.319088  0.000000  0.533988  0.528619  0.075530
3102  0.000000  1.318827  0.000000  0.533724  0.528354  0.075524
3103  0.000000  1.318566  0.000000  0.533460  0.528088  0.075518
3104  0.000000  1.318305  0.000000  0.533196  0.527822  0.075512
3105  0.000000  1.318044  0.000000  0.532933  0.527557  0.075506
3106  0.000000  1.317783  0.000000  0.532669  0.527291  0.075500
3107  0.000000  1.317522  0.000000  0.532405  0.527026  0.075494
3108  0.000000  1.317260  0.000000  0.532142  0.526760  0.075488
3109  0.000000  1.316998  0.000000  0.531878  0.526495  0.075482
3110  0.000000  1.316736  0.000000  0.531615  0.526229  0.075476
3111  0.000000  1.316474  0.000000  0.531351  0.525964  0.075470
3112  0.000000  1.316212  0.000000  0.531088  0.525699  0.075464
3113  0.000000  1.315950  0.000000  0.530824  0.525434  0.075457
3114  0.000000  1.315687  0.000000  0.530561  0.525168  0.075451
3115  0.000000  1.315425  0.000000  0.530297  0.524903  0.075445
3116  0.000000  1.315162  0.000000  0.530034  0.524638  0.075439
3117  0.000000  1.314899  0.000000  0.529771  0.524373  0.075433
3118  0.000000  1.314636  0.000000  0.529508  0.524108  0.075427
3119  0.000000  1.314373  0.000000  0.529244  0.523843  0.075421
3120  0.000000  1.314109  0.000000  0.528981  0.523578  0.075415
3121  0.000000  1.313846  0.000000  0.528718  0.523313  0.075409
3122  0.000000  1.313582  0.000000  0.528455  0.523048  0.075402
3123  0.000000  1.313318  0.000000  0.528192  0.522783  0.075396
3124  0.000000  1.313054  0.000000  0.527929  0.522519  0.075390
3125  0.000000  1.312790  0.000000  0.527666  0.522254  0.075384
3126  0.000000  1.312525  0.000000  0.527404  0.521989  0.075378
3127  0.000000  1.312261  0.000000  0.527141  0.521724  0.075372
3128  0.000000  1.311996  0.000000  0.526878  0.521460  0.075365
3129  0.000000  1.311731  0.000000  0.526615  0.521195  0.075359
3130  0.000000  1.311466  0.000000  0.526352  0.520931  0.075353
3131  0.000000  1.311201  0.000000  0.526090  0.520666  0.075347
3132  0.000000  1.310936  0.000000  0.525827  0.520402  0.075341
3133  0.000000  1.310671  0.000000  0.525565  0.520137  0.075334
3134  0.000000  1.310405  0.000000  0.525302  0.519873  0.075328
3135  0.000000  1.310139  0.000000  0.525040  0.519609  0.075322
3136  0.000000  1.309873  0.000000  0.524777  0.519345  0.075316
3137  0.000000  1.309607  0.000000  0.524515  0.519080  0.075310
3138  0.000000  1.309341  0.000000  0.524253  0.518816  0.075303
3139  0.000000  1.309075  0.000000  0.523990  0.518552  0.075297
3140  0.000000  1.308808  0.000000  0.523728  0.518288  0.075291
3141  0.000000  1.308541  0.000000  0.523466  0.518024  0.075285
3142  0.000000  1.308274  0.000000  0.523204  0.517760  0.075278
3143  0.000000  1.308007  0.000000  0.522942  0.517496  0.075272
3144  0.000000  1.307740  0.000000  0.522680  0.517232  0.075266
3145  0.000000  1.307473  0.000000  0.522417  0.516968  0.075260
3146  0.000000  1.307205  0.000000  0.522156  0.516704  0.075253
3147  0.000000  1.306938  0.000000  0.521894  0.516441  0.075247
3148  0.000000  1.306670  0.000000  0.521632  0.516177  0.075241
3149  0.000000  1.306402  0.000000  0.521370  0.515913  0.075234
3150  0.000000  1.306134  0.000000  0.521108  0.515649  0.075228
3151  0.000000  1.305866  0.000000  0.520846  0.515386  0.075222
3152  0.000000  1.305597  0.000000  0.520585  0.515122  0.075215
3153  0.000000  1.305329  0.000000  0.520323  0.514859  0.075209
3154  0.000000  1.305060  0.000000  0.520061  0.514595  0.075203
3155  0.000000  1.304791  0.000000  0.519800  0.514332  0.075196
3156  0.000000  1.304522  0.000000  0.519538  0.514068  0.075190
3157  0.000000  1.304253  0.000000  0.519277  0.513805  0.075184
3158  0.000000  1.303983  0.000000  0.519015  0.513542  0.075177
3159  0.000000  1.303714  0.000000  0.518754  0.513279  0.075171
3160  0.000000  1.303444  0.000000  0.518493  0.513015  0.075165
3161  0.000000  1.303174  0.000000  0.518231  0.512752  0.075158
3162  0.000000  1.302904  0.000000  0.517970  0.512489  0.075152
3163  0.000000  1.302634  0.000000  0.517709  0.512226  0.075146
3164  0.000000  1.302364  0.000000  0.517448  0.511963  0.075139
3165  0.000000  1.302093  0.000000  0.517186  0.511700  0.075133
3166  0.000000  1.301823  0.000000  0.516925  0.511437  0.075126
3167  0.000000  1.301552  0.000000  0.516664  0.511174  0.075120
3168  0.000000  1.301281  0.000000  0.516403  0.510911  0.075114
3169  0.000000  1.301010  0.000000  0.516142  0.510649  0.075107
3170  0.000000  1.300739  0.000000  0.515882  0.510386  0.075101
3171  0.000000  1.300467  0.000000  0.515621  0.510123  0.075094
3172  0.000000  1.300195  0.000000  0.515360  0.509860  0.075088
3173  0.000000  1.299924  0.000000  0.515099  0.509598  0.075081
3174  0.000000  1.299652  0.000000  0.514838  0.509335  0.075075
3175  0.000000  1.299380  0.000000  0.514578  0.509073  0.075069
3176  0.000000  1.299108  0.000000  0.514317  0.508810  0.075062
3177  0.000000  1.298835  0.000000  0.514057  0.508548  0.075056
3178  0.000000  1.298563  0.000000  0.513796  0.508285  0.075049
3179  0.000000  1.298290  0.000000  0.513536  0.508023  0.075043
3180  0.000000  1.298017  0.000000  0.513275  0.507761  0.075036
3181  0.000000  1.297744  0.000000  0.513015  0.507498  0.075030
3182  0.000000  1.297471  0.000000  0.512754  0.507236  0.075023
3183  0.000000  1.297197  0.000000  0.512494  0.506974  0.075017
3184  0.000000  1.296924  0.000000  0.512234  0.506712  0.075010
3185  0.000000  1.296650  0.000000  0.511974  0.506450  0.075004
3186  0.000000  1.296376  0.000000  0.511713  0.506188  0.074997
3187  0.000000  1.296102  0.000000  0.511453  0.505926  0.074991
3188  0.000000  1.295828  0.000000  0.511193  0.505664  0.074984
3189  0.000000  1.295554  0.000000  0.510933  0.505402  0.074978
3190  0.000000  1.295280  0.000000  0.510673  0.505140  0.074971
3191  0.000000  1.295005  0.000000  0.510413  0.504878  0.074965
3192  0.000000  1.294730  0.000000  0.510153  0.504617  0.074958
3193  0.000000  1.294455  0.000000  0.509894  0.504355  0.074952
3194  0.000000  1.294180  0.000000  0.509634  0.504093  0.074945
3195  0.000000  1.293905  0.000000  0.509374  0.503832  0.074939
3196  0.000000  1.293629  0.000000  0.509114  0.503570  0.074932
3197  0.000000  1.293354  0.000000  0.508855  0.503308  0.074925
3198  0.000000  1.293078  0.000000  0.508595  0.503047  0.074919
3199  0.000000  1.292802  0.000000  0.508336  0.502785  0.074912
3200  0.000000  1.292526  0.000000  0.508076  0.502524  0.074906
3201  0.000000  1.292250  0.000000  0.507817  0.502263  0.074899
3202  0.000000  1.291973  0.000000  0.507557  0.502001  0.074893
3203  0.000000  1.291697  0.000000  0.507298  0.501740  0.074886
3204  0.000000  1.291420  0.000000  0.507039  0.501479  0.074879
3205  0.000000  1.291143  0.000000  0.506779  0.501218  0.074873
3206  0.000000  1.290866  0.000000  0.506520  0.500957  0.074866
3207  0.000000  1.290589  0.000000  0.506261  0.500696  0.074860
3208  0.000000  1.290312  0.000000  0.506002  0.500435  0.074853
3209  0.000000  1.290034  0.000000  0.505743  0.500174  0.074846
3210  0.000000  1.289757  0.000000  0.505484  0.499913  0.074840
3211  0.000000  1.289479  0.000000  0.505225  0.499652  0.074833
3212  0.000000  1.289201  0.000000  0.504966  0.499391  0.074826
3213  0.000000  1.288923  0.000000  0.504707  0.499130  0.074820
3214  0.000000  1.288644  0.000000  0.504448  0.498869  0.074813
3215  0.000000  1.288366  0.000000  0.504189  0.498609  0.074806
3216  0.000000  1.288087  0.000000  0.503930  0.498348  0.074800
3217  0.000000  1.287808  0.000000  0.503672  0.498087  0.074793
3218  0.000000  1.287529  0.000000  0.503413  0.497827  0.074787
3219  0.000000  1.287250  0.000000  0.503154  0.497566  0.074780
3220  0.000000  1.286971  0.000000  0.502896  0.497306  0.074773
3221  0.000000  1.286691  0.000000  0.502637  0.497046  0.074766
3222  0.000000  1.286412  0.000000  0.502379  0.496785  0.074760
3223  0.000000  1.286132  0.000000  0.502120  0.496525  0.074753
3224  0.000000  1.285852  0.000000  0.501862  0.496265  0.074746
3225  0.000000  1.285572  0.000000  0.501604  0.496004  0.074740
3226  0.000000  1.285292  0.000000  0.501345  0.495744  0.074733
3227  0.000000  1.285011  0.000000  0.501087  0.495484  0.074726
3228  0.000000  1.284731  0.000000  0.500829  0.495224  0.074720
3229  0.000000  1.284450  0.000000  0.500571  0.494964  0.074713
3230  0.000000  1.284169  0.000000  0.500313  0.494704  0.074706
3231  0.000000  1.283888  0.000000  0.500055  0.494444  0.074699
3232  0.000000  1.283607  0.000000  0.499797  0.494184  0.074693
3233  0.000000  1.283325  0.000000  0.499539  0.493924  0.074686
3234  0.000000  1.283044  0.000000  0.499281  0.493664  0.074679
3235  0.000000  1.282762  0.000000  0.499023  0.493405  0.074672
3236  0.000000  1.282480  0.000000  0.498765  0.493145  0.074666
3237  0.000000  1.282198  0.000000  0.498508  0.492885  0.074659
3238  0.000000  1.281916  0.000000  0.498250  0.492626  0.074652
3239  0.000000  1.281633  0.000000  0.497992  0.492366  0.074645
3240  0.000000  1.281351  0.000000  0.497735  0.492107  0.074639
3241  0.000000  1.281068  0.000000  0.497477  0.491847  0.074632
3242  0.000000  1.280785  0.000000  0.497220  0.491588  0.074625
3243  0.000000  1.280502  0.000000  0.496962  0.491328  0.074618
3244  0.000000  1.280219  0.000000  0.496705  0.491069  0.074612
3245  0.000000  1.279936  0.000000  0.496447  0.490810  0.074605
3246  0.000000  1.279652  0.000000  0.496190  0.490550  0.074598
3247  0.000000  1.279368  0.000000  0.495933  0.490291  0.074591
3248  0.000000  1.279085  0.000000  0.495676  0.490032  0.074584
3249  0.000000  1.278801  0.000000  0.495418  0.489773  0.074578
3250  0.000000  1.278516  0.000000  0.495161  0.489514  0.074571
3251  0.000000  1.278232  0.000000  0.494904  0.489255  0.074564
3252  0.000000  1.277948  0.000000  0.494647  0.488996  0.074557
3253  0.000000  1.277663  0.000000  0.494390  0.488737  0.074550
3254  0.000000  1.277378  0.000000  0.494133  0.488478  0.074543
3255  0.000000  1.277093  0.000000  0.493877  0.488220  0.074537
3256  0.000000  1.276808  0.000000  0.493620  0.487961  0.074530
3257  0.000000  1.276523  0.000000  0.493363  0.487702  0.074523
3258  0.000000  1.276237  0.000000  0.493106  0.487443  0.074516
3259  0.000000  1.275951  0.000000  0.492850  0.487185  0.074509
3260  0.000000  1.275666  0.000000  0.492593  0.486926  0.074502
3261  0.000000  1.275380  0.000000  0.492336  0.486668  0.074495
3262  0.000000  1.275093  0.000000  0.492080  0.486409  0.074489
3263  0.000000  1.274807  0.000000  0.491823  0.486151  0.074482
3264  0.000000  1.274521  0.000000  0.491567  0.485892  0.074475
3265  0.000000  1.274234  0.000000  0.491311  0.485634  0.074468
3266  0.000000  1.273947  0.000000  0.491054  0.485376  0.074461
3267  0.000000  1.273660  0.000000  0.490798  0.485118  0.074454
3268  0.000000  1.273373  0.000000  0.490542  0.484859  0.074447
3269  0.000000  1.273086  0.000000  0.490285  0.484601  0.074440
3270  0.000000  1.272798  0.000000  0.490029  0.484343  0.074434
3271  0.000000  1.272511  0.000000  0.489773  0.484085  0.074427
3272  0.000000  1.272223  0.000000  0.489517  0.483827  0.074420
3273  0.000000  1.271935  0.000000  0.489261  0.483569  0.074413
3274  0.000000  1.271647  0.000000  0.489005  0.483311  0.074406
3275  0.000000  1.271358  0.000000  0.488749  0.483054  0.074399
3276  0.000000  1.271070  0.000000  0.488494  0.482796  0.074392
3277  0.000000  1.270781  0.000000  0.488238  0.482538  0.074385
3278  0.000000  1.270493  0.000000  0.487982  0.482280  0.074378
3279  0.000000  1.270204  0.000000  0.487726  0.482023  0.074371
3280  0.000000  1.269914  0.000000  0.487471  0.481765  0.074364
3281  0.000000  1.269625  0.000000  0.487215  0.481508  0.074357
3282  0.000000  1.269336  0.000000  0.486960  0.481250  0.074350
3283  0.000000  1.269046  0.000000  0.486704  0.480993  0.074343
3284  0.000000  1.268756  0.000000  0.486449  0.480735  0.074337
3285  0.000000  1.268466  0.000000  0.486193  0.480478  0.074330
3286  0.000000  1.268176  0.000000  0.485938  0.480221  0.074323
3287  0.000000  1.267886  0.000000  0.485683  0.479963  0.074316
3288  0.000000  1.267595  0.000000  0.485428  0.479706  0.074309
3289  0.000000  1.267305  0.000000  0.485172  0.479449  0.074302
3290  0.000000  1.267014  0.000000  0.484917  0.479192  0.074295
3291  0.000000  1.266723  0.000000  0.484662  0.478935  0.074288
3292  0.000000  1.266432  0.000000  0.484407  0.478678  0.074281
3293  0.000000  1.266141  0.000000  0.484152  0.478421  0.074274
3294  0.000000  1.265849  0.000000  0.483897  0.478164  0.074267
3295  0.000000  1.265558  0.000000  0.483642  0.477907  0.074260
3296  0.000000  1.265266  0.000000  0.483387  0.477650  0.074253
3297  0.000000  1.264974  0.000000  0.483133  0.477394  0.074246
3298  0.000000  1.264682  0.000000  0.482878  0.477137  0.074239
3299  0.000000  1.264389  0.000000  0.482623  0.476880  0.074232
3300  0.000000  1.264097  0.000000  0.482369  0.476624  0.074225
3301  0.000000  1.263804  0.000000  0.482114  0.476367  0.074218
3302  0.000000  1.263512  0.000000  0.481860  0.476111  0.074211
3303  0.000000  1.263219  0.000000  0.481605  0.475854  0.074204
3304  0.000000  1.262925  0.000000  0.481351  0.475598  0.074197
3305  0.000000  1.262632  0.000000  0.481096  0.475341  0.074190
3306  0.000000  1.262339  0.000000  0.480842  0.475085  0.074183
3307  0.000000  1.262045  0.000000  0.480588  0.474829  0.074175
3308  0.000000  1.261751  0.000000  0.480333  0.474573  0.074168
3309  0.000000  1.261457  0.000000  0.480079  0.474317  0.074161
3310  0.000000  1.261163  0.000000  0.479825  0.474060  0.074154
3311  0.000000  1.260869  0.000000  0.479571  0.473804  0.074147
3312  0.000000  1.260574  0.000000  0.479317  0.473548  0.074140
3313  0.000000  1.260280  0.000000  0.479063  0.473292  0.074133
3314  0.000000  1.259985  0.000000  0.478809  0.473036  0.074126
3315  0.000000  1.259690  0.000000  0.478555  0.472781  0.074119
3316  0.000000  1.259395  0.000000  0.478301  0.472525  0.074112
3317  0.000000  1.259100  0.000000  0.478048  0.472269  0.074105
3318  0.000000  1.258804  0.000000  0.477794  0.472013  0.074098
3319  0.000000  1.258508  0.000000  0.477540  0.471758  0.074091
3320  0.000000  1.258213  0.000000  0.477287  0.471502  0.074084
3321  0.000000  1.257917  0.000000  0.477033  0.471247  0.074076
3322  0.000000  1.257621  0.000000  0.476780  0.470991  0.074069
3323  0.000000  1.257324  0.000000  0.476526  0.470736  0.074062
3324  0.000000  1.257028  0.000000  0.476273  0.470480  0.074055
3325  0.000000  1.256731  0.000000  0.476019  0.470225  0.074048
3326  0.000000  1.256434  0.000000  0.475766  0.469969  0.074041
3327  0.000000  1.256137  0.000000  0.475513  0.469714  0.074034
3328  0.000000  1.255840  0.000000  0.475260  0.469459  0.074027
3329  0.000000  1.255543  0.000000  0.475006  0.469204  0.074020
3330  0.000000  1.255245  0.000000  0.474753  0.468949  0.074013
3331  0.000000  1.254948  0.000000  0.474500  0.468694  0.074005
3332  0.000000  1.254650  0.000000  0.474247  0.468439  0.073998
3333  0.000000  1.254352  0.000000  0.473994  0.468184  0.073991
3334  0.000000  1.254054  0.000000  0.473741  0.467929  0.073984
3335  0.000000  1.253755  0.000000  0.473489  0.467674  0.073977
3336  0.000000  1.253457  0.000000  0.473236  0.467419  0.073970
3337  0.000000  1.253158  0.000000  0.472983  0.467164  0.073963
3338  0.000000  1.252859  0.000000  0.472730  0.466910  0.073955
3339  0.000000  1.252560  0.000000  0.472478  0.466655  0.073948
3340  0.000000  1.252261  0.000000  0.472225  0.466400  0.073941
3341  0.000000  1.251962  0.000000  0.471973  0.466146  0.073934
3342  0.000000  1.251662  0.000000  0.471720  0.465891  0.073927
3343  0.000000  1.251362  0.000000  0.471468  0.465637  0.073920
3344  0.000000  1.251063  0.000000  0.471215  0.465383  0.073912
3345  0.000000  1.250762  0.000000  0.470963  0.465128  0.073905
3346  0.000000  1.250462  0.000000  0.470711  0.464874  0.073898
3347  0.000000  1.250162  0.000000  0.470459  0.464620  0.073891
3348  0.000000  1.249861  0.000000  0.470206  0.464365  0.073884
3349  0.000000  1.249561  0.000000  0.469954  0.464111  0.073877
3350  0.000000  1.249260  0.000000  0.469702  0.463857  0.073869
3351  0.000000  1.248959  0.000000  0.469450  0.463603  0.073862
3352  0.000000  1.248657  0.000000  0.469198  0.463349  0.073855
3353  0.000000  1.248356  0.000000  0.468946  0.463095  0.073848
3354  0.000000  1.248054  0.000000  0.468695  0.462841  0.073841
3355  0.000000  1.247753  0.000000  0.468443  0.462588  0.073833
3356  0.000000  1.247451  0.000000  0.468191  0.462334  0.073826
3357  0.000000  1.247149  0.000000  0.467939  0.462080  0.073819
3358  0.000000  1.246846  0.000000  0.467688  0.461826  0.073812
3359  0.000000  1.246544  0.000000  0.467436  0.461573  0.073805
3360  0.000000  1.246241  0.000000  0.467185  0.461319  0.073797
3361  0.000000  1.245939  0.000000  0.466933  0.461066  0.073790
3362  0.000000  1.245636  0.000000  0.466682  0.460812  0.073783
3363  0.000000  1.245333  0.000000  0.466430  0.460559  0.073776
3364  0.000000  1.245029  0.000000  0.466179  0.460305  0.073768
3365  0.000000  1.244726  0.000000  0.465928  0.460052  0.073761
3366  0.000000  1.244422  0.000000  0.465676  0.459799  0.073754
3367  0.000000  1.244118  0.000000  0.465425  0.459545  0.073747
3368  0.000000  1.243815  0.000000  0.465174  0.459292  0.073740
3369  0.000000  1.243510  0.000000  0.464923  0.459039  0.073732
3370  0.000000  1.243206  0.000000  0.464672  0.458786  0.073725
3371  0.000000  1.242902  0.000000  0.464421  0.458533  0.073718
3372  0.000000  1.242597  0.000000  0.464170  0.458280  0.073711
3373  0.000000  1.242292  0.000000  0.463919  0.458027  0.073703
3374  0.000000  1.241987  0.000000  0.463668  0.457774  0.073696
3375  0.000000  1.241682  0.000000  0.463418  0.457522  0.073689
3376  0.000000  1.241377  0.000000  0.463167  0.457269  0.073682
3377  0.000000  1.241071  0.000000  0.462916  0.457016  0.073674
3378  0.000000  1.240765  0.000000  0.462666  0.456763  0.073667
3379  0.000000  1.240460  0.000000  0.462415  0.456511  0.073660
3380  0.000000  1.240154  0.000000  0.462165  0.456258  0.073653
3381  0.000000  1.239847  0.000000  0.461914  0.456006  0.073645
3382  0.000000  1.239541  0.000000  0.461664  0.455753  0.073638
3383  0.000000  1.239234  0.000000  0.461414  0.455501  0.073631
3384  0.000000  1.238928  0.000000  0.461163  0.455249  0.073623
3385  0.000000  1.238621  0.000000  0.460913  0.454996  0.073616
3386  0.000000  1.238314  0.000000  0.460663  0.454744  0.073609
3387  0.000000  1.238007  0.000000  0.460413  0.454492  0.073602
3388  0.000000  1.237699  0.000000  0.460163  0.454240  0.073594
3389  0.000000  1.237392  0.000000  0.459913  0.453988  0.073587
3390  0.000000  1.237084  0.000000  0.459663  0.453736  0.073580
3391  0.000000  1.236776  0.000000  0.459413  0.453484  0.073572
3392  0.000000  1.236468  0.000000  0.459163  0.453232  0.073565
3393  0.000000  1.236160  0.000000  0.458913  0.452980  0.073558
3394  0.000000  1.235851  0.000000  0.458664  0.452728  0.073550
3395  0.000000  1.235542  0.000000  0.458414  0.452476  0.073543
3396  0.000000  1.235234  0.000000  0.458164  0.452224  0.073536
3397  0.000000  1.234925  0.000000  0.457915  0.451973  0.073529
3398  0.000000  1.234616  0.000000  0.457665  0.451721  0.073521
3399  0.000000  1.234306  0.000000  0.457416  0.451470  0.073514
3400  0.000000  1.233997  0.000000  0.457166  0.451218  0.073507
3401  0.000000  1.233687  0.000000  0.456917  0.450967  0.073499
3402  0.000000  1.233377  0.000000  0.456668  0.450715  0.073492
3403  0.000000  1.233067  0.000000  0.456418  0.450464  0.073485
3404  0.000000  1.232757  0.000000  0.456169  0.450213  0.073477
3405  0.000000  1.232447  0.000000  0.455920  0.449961  0.073470
3406  0.000000  1.232136  0.000000  0.455671  0.449710  0.073463
3407  0.000000  1.231826  0.000000  0.455422  0.449459  0.073455
3408  0.000000  1.231515  0.000000  0.455173  0.449208  0.073448
3409  0.000000  1.231204  0.000000  0.454924  0.448957  0.073441
3410  0.000000  1.230892  0.000000  0.454675  0.448706  0.073433
3411  0.000000  1.230581  0.000000  0.454426  0.448455  0.073426
3412  0.000000  1.230270  0.000000  0.454177  0.448204  0.073419
3413  0.000000  1.229958  0.000000  0.453929  0.447953  0.073411
3414  0.000000  1.229646  0.000000  0.453680  0.447702  0.073404
3415  0.000000  1.229334  0.000000  0.453431  0.447452  0.073397
3416  0.000000  1.229022  0.000000  0.453183  0.447201  0.073389
3417  0.000000  1.228709  0.000000  0.452934  0.446950  0.073382
3418  0.000000  1.228396  0.000000  0.452686  0.446700  0.073375
3419  0.000000  1.228084  0.000000  0.452438  0.446449  0.073367
3420  0.000000  1.227771  0.000000  0.452189  0.446199  0.073360
3421  0.000000  1.227458  0.000000  0.451941  0.445948  0.073352
3422  0.000000  1.227144  0.000000  0.451693  0.445698  0.073345
3423  0.000000  1.226831  0.000000  0.451445  0.445448  0.073338
3424  0.000000  1.226517  0.000000  0.451196  0.445198  0.073330
3425  0.000000  1.226203  0.000000  0.450948  0.444947  0.073323
3426  0.000000  1.225889  0.000000  0.450700  0.444697  0.073316
3427  0.000000  1.225575  0.000000  0.450452  0.444447  0.073308
3428  0.000000  1.225261  0.000000  0.450204  0.444197  0.073301
3429  0.000000  1.224946  0.000000  0.449957  0.443947  0.073293
3430  0.000000  1.224631  0.000000  0.449709  0.443697  0.073286
3431  0.000000  1.224317  0.000000  0.449461  0.443447  0.073279
3432  0.000000  1.224002  0.000000  0.449213  0.443197  0.073271
3433  0.000000  1.223686  0.000000  0.448966  0.442948  0.073264
3434  0.000000  1.223371  0.000000  0.448718  0.442698  0.073257
3435  0.000000  1.223055  0.000000  0.448471  0.442448  0.073249
3436  0.000000  1.222740  0.000000  0.448223  0.442199  0.073242
3437  0.000000  1.222424  0.000000  0.447976  0.441949  0.073234
3438  0.000000  1.222107  0.000000  0.447728  0.441700  0.073227
3439  0.000000  1.221791  0.000000  0.447481  0.441450  0.073220
3440  0.000000  1.221475  0.000000  0.447234  0.441201  0.073212
3441  0.000000  1.221158  0.000000  0.446987  0.440951  0.073205
3442  0.000000  1.220841  0.000000  0.446739  0.440702  0.073197
3443  0.000000  1.220524  0.000000  0.446492  0.440453  0.073190
3444  0.000000  1.220207  0.000000  0.446245  0.440204  0.073183
3445  0.000000  1.219890  0.000000  0.445998  0.439954  0.073175
3446  0.000000  1.219572  0.000000  0.445751  0.439705  0.073168
3447  0.000000  1.219255  0.000000  0.445505  0.439456  0.073160
3448  0.000000  1.218937  0.000000  0.445258  0.439207  0.073153
3449  0.000000  1.218619  0.000000  0.445011  0.438958  0.073146
3450  0.000000  1.218300  0.000000  0.444764  0.438710  0.073138
3451  0.000000  1.217982  0.000000  0.444518  0.438461  0.073131
3452  0.000000  1.217663  0.000000  0.444271  0.438212  0.073123
3453  0.000000  1.217345  0.000000  0.444025  0.437963  0.073116
3454  0.000000  1.217026  0.000000  0.443778  0.437715  0.073108
3455  0.000000  1.216707  0.000000  0.443532  0.437466  0.073101
3456  0.000000  1.216387  0.000000  0.443285  0.437217  0.073094
3457  0.000000  1.216068  0.000000  0.443039  0.436969  0.073086
3458  0.000000  1.215748  0.000000  0.442793  0.436721  0.073079
3459  0.000000  1.215428  0.000000  0.442546  0.436472  0.073071
3460  0.000000  1.215108  0.000000  0.442300  0.436224  0.073064
3461  0.000000  1.214788  0.000000  0.442054  0.435975  0.073056
3462  0.000000  1.214468  0.000000  0.441808  0.435727  0.073049
3463  0.000000  1.214147  0.000000  0.441562  0.435479  0.073042
3464  0.000000  1.213827  0.000000  0.441316  0.435231  0.073034
3465  0.000000  1.213506  0.000000  0.441070  0.434983  0.073027
3466  0.000000  1.213185  0.000000  0.440824  0.434735  0.073019
3467  0.000000  1.212863  0.000000  0.440579  0.434487  0.073012
3468  0.000000  1.212542  0.000000  0.440333  0.434239  0.073004
3469  0.000000  1.212220  0.000000  0.440087  0.433991  0.072997
3470  0.000000  1.211899  0.000000  0.439842  0.433743  0.072990
3471  0.000000  1.211577  0.000000  0.439596  0.433496  0.072982
3472  0.000000  1.211255  0.000000  0.439351  0.433248  0.072975
3473  0.000000  1.210932  0.000000  0.439105  0.433000  0.072967
3474  0.000000  1.210610  0.000000  0.438860  0.432753  0.072960
3475  0.000000  1.210287  0.000000  0.438615  0.432505  0.072952
3476  0.000000  1.209964  0.000000  0.438369  0.432258  0.072945
3477  0.000000  1.209641  0.000000  0.438124  0.432010  0.072937
3478  0.000000  1.209318  0.000000  0.437879  0.431763  0.072930
3479  0.000000  1.208995  0.000000  0.437634  0.431516  0.072923
3480  0.000000  1.208671  0.000000  0.437389  0.431268  0.072915
3481  0.000000  1.208347  0.000000  0.437144  0.431021  0.072908
3482  0.000000  1.208024  0.000000  0.436899  0.430774  0.072900
3483  0.000000  1.207700  0.000000  0.436654  0.430527  0.072893
3484  0.000000  1.207375  0.000000  0.436409  0.430280  0.072885
3485  0.000000  1.207051  0.000000  0.436164  0.430033  0.072878
3486  0.000000  1.206726  0.000000  0.435920  0.429786  0.072870
3487  0.000000  1.206401  0.000000  0.435675  0.429539  0.072863
3488  0.000000  1.206076  0.000000  0.435430  0.429292  0.072855
3489  0.000000  1.205751  0.000000  0.435186  0.429045  0.072848
3490  0.000000  1.205426  0.000000  0.434941  0.428799  0.072841
3491  0.000000  1.205100  0.000000  0.434697  0.428552  0.072833
3492  0.000000  1.204775  0.000000  0.434453  0.428305  0.072826
3493  0.000000  1.204449  0.000000  0.434208  0.428059  0.072818
3494  0.000000  1.204123  0.000000  0.433964  0.427812  0.072811
3495  0.000000  1.203797  0.000000  0.433720  0.427566  0.072803
3496  0.000000  1.203470  0.000000  0.433476  0.427319  0.072796
3497  0.000000  1.203144  0.000000  0.433231  0.427073  0.072788
3498  0.000000  1.202817  0.000000  0.432987  0.426827  0.072781
3499  0.000000  1.202490  0.000000  0.432743  0.426581  0.072773
3500  0.000000  1.202163  0.000000  0.432499  0.426334  0.072766
3501  0.000000  1.201835  0.000000  0.432256  0.426088  0.072758
3502  0.000000  1.201508  0.000000  0.432012  0.425842  0.072751
3503  0.000000  1.201180  0.000000  0.431768  0.425596  0.072743
3504  0.000000  1.200852  0.000000  0.431524  0.425350  0.072736
3505  0.000000  1.200524  0.000000  0.431281  0.425104  0.072728
3506  0.000000  1.200196  0.000000  0.431037  0.424858  0.072721
3507  0.000000  1.199868  0.000000  0.430794  0.424613  0.072713
3508  0.000000  1.199539  0.000000  0.430550  0.424367  0.072706
3509  0.000000  1.199210  0.000000  0.430307  0.424121  0.072699
3510  0.000000  1.198882  0.000000  0.430063  0.423875  0.072691
3511  0.000000  1.198552  0.000000  0.429820  0.423630  0.072684
3512  0.000000  1.198223  0.000000  0.429577  0.423384  0.072676
3513  0.000000  1.197894  0.000000  0.429333  0.423139  0.072669
3514  0.000000  1.197564  0.000000  0.429090  0.422893  0.072661
3515  0.000000  1.197234  0.000000  0.428847  0.422648  0.072654
3516  0.000000  1.196904  0.000000  0.428604  0.422403  0.072646
3517  0.000000  1.196574  0.000000  0.428361  0.422158  0.072639
3518  0.000000  1.196244  0.000000  0.428118  0.421912  0.072631
3519  0.000000  1.195913  0.000000  0.427875  0.421667  0.072624
3520  0.000000  1.195582  0.000000  0.427633  0.421422  0.072616
3521  0.000000  1.195251  0.000000  0.427390  0.421177  0.072609
3522  0.000000  1.194920  0.000000  0.427147  0.420932  0.072601
3523  0.000000  1.194589  0.000000  0.426905  0.420687  0.072594
3524  0.000000  1.194258  0.000000  0.426662  0.420442  0.072586
3525  0.000000  1.193926  0.000000  0.426419  0.420197  0.072579
3526  0.000000  1.193594  0.000000  0.426177  0.419953  0.072571
3527  0.000000  1.193262  0.000000  0.425935  0.419708  0.072564
3528  0.000000  1.192930  0.000000  0.425692  0.419463  0.072556
3529  0.000000  1.192598  0.000000  0.425450  0.419219  0.072549
3530  0.000000  1.192265  0.000000  0.425208  0.418974  0.072541
3531  0.000000  1.191932  0.000000  0.424965  0.418730  0.072534
3532  0.000000  1.191599  0.000000  0.424723  0.418485  0.072526
3533  0.000000  1.191266  0.000000  0.424481  0.418241  0.072519
3534  0.000000  1.190933  0.000000  0.424239  0.417996  0.072511
3535  0.000000  1.190600  0.000000  0.423997  0.417752  0.072504
3536  0.000000  1.190266  0.000000  0.423755  0.417508  0.072496
3537  0.000000  1.189932  0.000000  0.423514  0.417264  0.072489
3538  0.000000  1.189598  0.000000  0.423272  0.417020  0.072481
3539  0.000000  1.189264  0.000000  0.423030  0.416776  0.072474
3540  0.000000  1.188930  0.000000  0.422788  0.416532  0.072466
3541  0.000000  1.188595  0.000000  0.422547  0.416288  0.072459
3542  0.000000  1.188260  0.000000  0.422305  0.416044  0.072451
3543  0.000000  1.187926  0.000000  0.422064  0.415800  0.072444
3544  0.000000  1.187590  0.000000  0.421822  0.415556  0.072436
3545  0.000000  1.187255  0.000000  0.421581  0.415312  0.072429
3546  0.000000  1.186920  0.000000  0.421340  0.415069  0.072421
3547  0.000000  1.186584  0.000000  0.421098  0.414825  0.072414
3548  0.000000  1.186248  0.000000  0.420857  0.414582  0.072406
3549  0.000000  1.185912  0.000000  0.420616  0.414338  0.072399
3550  0.000000  1.185576  0.000000  0.420375  0.414095  0.072391
3551  0.000000  1.185240  0.000000  0.420134  0.413851  0.072384
3552  0.000000  1.184903  0.000000  0.419893  0.413608  0.072376
3553  0.000000  1.184566  0.000000  0.419652  0.413365  0.072369
3554  0.000000  1.184230  0.000000  0.419411  0.413121  0.072361
3555  0.000000  1.183892  0.000000  0.419170  0.412878  0.072354
3556  0.000000  1.183555  0.000000  0.418929  0.412635  0.072347
3557  0.000000  1.183218  0.000000  0.418689  0.412392  0.072339
3558  0.000000  1.182880  0.000000  0.418448  0.412149  0.072332
3559  0.000000  1.182542  0.000000  0.418207  0.411906  0.072324
3560  0.000000  1.182204  0.000000  0.417967  0.411663  0.072317
3561  0.000000  1.181866  0.000000  0.417726  0.411420  0.072309
3562  0.000000  1.181528  0.000000  0.417486  0.411178  0.072302
3563  0.000000  1.181189  0.000000  0.417246  0.410935  0.072294
3564  0.000000  1.180850  0.000000  0.417005  0.410692  0.072287
3565  0.000000  1.180511  0.000000  0.416765  0.410450  0.072279
3566  0.000000  1.180172  0.000000  0.416525  0.410207  0.072272
3567  0.000000  1.179833  0.000000  0.416285  0.409964  0.072264
3568  0.000000  1.179494  0.000000  0.416045  0.409722  0.072257
3569  0.000000  1.179154  0.000000  0.415805  0.409480  0.072249
3570  0.000000  1.178814  0.000000  0.415565  0.409237  0.072242
3571  0.000000  1.178474  0.000000  0.415325  0.408995  0.072234
3572  0.000000  1.178134  0.000000  0.415085  0.408753  0.072227
3573  0.000000  1.177793  0.000000  0.414845  0.408511  0.072219
3574  0.000000  1.177453  0.000000  0.414605  0.408268  0.072212
3575  0.000000  1.177112  0.000000  0.414366  0.408026  0.072204
3576  0.000000  1.176771  0.000000  0.414126  0.407784  0.072197
3577  0.000000  1.176430  0.000000  0.413887  0.407542  0.072189
3578  0.000000  1.176089  0.000000  0.413647  0.407300  0.072182
3579  0.000000  1.175747  0.000000  0.413408  0.407059  0.072174
3580  0.000000  1.175406  0.000000  0.413168  0.406817  0.072167
3581  0.000000  1.175064  0.000000  0.412929  0.406575  0.072159
3582  0.000000  1.174722  0.000000  0.412690  0.406333  0.072152
3583  0.000000  1.174379  0.000000  0.412450  0.406092  0.072144
3584  0.000000  1.174037  0.000000  0.412211  0.405850  0.072137
3585  0.000000  1.173694  0.000000  0.411972  0.405609  0.072129
3586  0.000000  1.173352  0.000000  0.411733  0.405367  0.072122
3587  0.000000  1.173009  0.000000  0.411494  0.405126  0.072114
3588  0.000000  1.172665  0.000000  0.411255  0.404884  0.072107
3589  0.000000  1.172322  0.000000  0.411016  0.404643  0.072099
3590  0.000000  1.171979  0.000000  0.410778  0.404402  0.072092
3591  0.000000  1.171635  0.000000  0.410539  0.404161  0.072084
3592  0.000000  1.171291  0.000000  0.410300  0.403920  0.072077
3593  0.000000  1.170947  0.000000  0.410061  0.403679  0.072069
3594  0.000000  1.170603  0.000000  0.409823  0.403438  0.072062
3595  0.000000  1.170258  0.000000  0.409584  0.403197  0.072054
3596  0.000000  1.169913  0.000000  0.409346  0.402956  0.072047
3597  0.000000  1.169569  0.000000  0.409107  0.402715  0.072039
3598  0.000000  1.169224  0.000000  0.408869  0.402474  0.072032
3599  0.000000  1.168878  0.000000  0.408631  0.402233  0.072024
3600  0.000000  1.168533  0.000000  0.408393  0.401993  0.072017
3601  0.000000  1.168187  0.000000  0.408154  0.401752  0.072010
3602  0.000000  1.167842  0.000000  0.407916  0.401511  0.072002
3603  0.000000  1.167496  0.000000  0.407678  0.401271  0.071995
3604  0.000000  1.167150  0.000000  0.407440  0.401030  0.071987
3605  0.000000  1.166803  0.000000  0.407202  0.400790  0.071980
3606  0.000000  1.166457  0.000000  0.406964  0.400550  0.071972
3607  0.000000  1.166110  0.000000  0.406727  0.400309  0.071965
3608  0.000000  1.165763  0.000000  0.406489  0.400069  0.071957
3609  0.000000  1.165416  0.000000  0.406251  0.399829  0.071950
3610  0.000000  1.165069  0.000000  0.406013  0.399589  0.071942
3611  0.000000  1.164722  0.000000  0.405776  0.399349  0.071935
3612  0.000000  1.164374  0.000000  0.405538  0.399109  0.071927
3613  0.000000  1.164026  0.000000  0.405301  0.398869  0.071920
3614  0.000000  1.163678  0.000000  0.405063  0.398629  0.071912
3615  0.000000  1.163330  0.000000  0.404826  0.398389  0.071905
3616  0.000000  1.162982  0.000000  0.404589  0.398149  0.071897
3617  0.000000  1.162633  0.000000  0.404352  0.397910  0.071890
3618  0.000000  1.162284  0.000000  0.404114  0.397670  0.071882
3619  0.000000  1.161935  0.000000  0.403877  0.397430  0.071875
3620  0.000000  1.161586  0.000000  0.403640  0.397191  0.071868
3621  0.000000  1.161237  0.000000  0.403403  0.396951  0.071860
3622  0.000000  1.160888  0.000000  0.403166  0.396712  0.071853
3623  0.000000  1.160538  0.000000  0.402929  0.396472  0.071845
3624  0.000000  1.160188  0.000000  0.402692  0.396233  0.071838
3625  0.000000  1.159838  0.000000  0.402456  0.395994  0.071830
3626  0.000000  1.159488  0.000000  0.402219  0.395754  0.071823
3627  0.000000  1.159137  0.000000  0.401982  0.395515  0.071815
3628  0.000000  1.158787  0.000000  0.401746  0.395276  0.071808
3629  0.000000  1.158436  0.000000  0.401509  0.395037  0.071800
3630  0.000000  1.158085  0.000000  0.401273  0.394798  0.071793
3631  0.000000  1.157734  0.000000  0.401036  0.394559  0.071786
3632  0.000000  1.157383  0.000000  0.400800  0.394320  0.071778
3633  0.000000  1.157031  0.000000  0.400564  0.394081  0.071771
3634  0.000000  1.156679  0.000000  0.400327  0.393843  0.071763
3635  0.000000  1.156327  0.000000  0.400091  0.393604  0.071756
3636  0.000000  1.155975  0.000000  0.399855  0.393365  0.071748
3637  0.000000  1.155623  0.000000  0.399619  0.393127  0.071741
3638  0.000000  1.155271  0.000000  0.399383  0.392888  0.071733
3639  0.000000  1.154918  0.000000  0.399147  0.392650  0.071726
3640  0.000000  1.154565  0.000000  0.398911  0.392411  0.071719
3641  0.000000  1.154212  0.000000  0.398675  0.392173  0.071711
3642  0.000000  1.153859  0.000000  0.398439  0.391934  0.071704
3643  0.000000  1.153505  0.000000  0.398204  0.391696  0.071696
3644  0.000000  1.153152  0.000000  0.397968  0.391458  0.071689
3645  0.000000  1.152798  0.000000  0.397732  0.391220  0.071681
3646  0.000000  1.152444  0.000000  0.397497  0.390982  0.071674
3647  0.000000  1.152090  0.000000  0.397261  0.390744  0.071666
3648  0.000000  1.151735  0.000000  0.397026  0.390506  0.071659
3649  0.000000  1.151381  0.000000  0.396791  0.390268  0.071652
3650  0.000000  1.151026  0.000000  0.396555  0.390030  0.071644
3651  0.000000  1.150671  0.000000  0.396320  0.389792  0.071637
3652  0.000000  1.150316  0.000000  0.396085  0.389554  0.071629
3653  0.000000  1.149961  0.000000  0.395850  0.389316  0.071622
3654  0.000000  1.149605  0.000000  0.395615  0.389079  0.071615
3655  0.000000  1.149250  0.000000  0.395380  0.388841  0.071607
3656  0.000000  1.148894  0.000000  0.395145  0.388604  0.071600
3657  0.000000  1.148538  0.000000  0.394910  0.388366  0.071592
3658  0.000000  1.148182  0.000000  0.394675  0.388129  0.071585
3659  0.000000  1.147825  0.000000  0.394440  0.387891  0.071577
3660  0.000000  1.147469  0.000000  0.394205  0.387654  0.071570
3661  0.000000  1.147112  0.000000  0.393971  0.387417  0.071563
3662  0.000000  1.146755  0.000000  0.393736  0.387179  0.071555
3663  0.000000  1.146398  0.000000  0.393501  0.386942  0.071548
3664  0.000000  1.146040  0.000000  0.393267  0.386705  0.071540
3665  0.000000  1.145683  0.000000  0.393033  0.386468  0.071533
3666  0.000000  1.145325  0.000000  0.392798  0.386231  0.071526
3667  0.000000  1.144967  0.000000  0.392564  0.385994  0.071518
3668  0.000000  1.144609  0.000000  0.392330  0.385757  0.071511
3669  0.000000  1.144250  0.000000  0.392095  0.385520  0.071503
3670  0.000000  1.143892  0.000000  0.391861  0.385284  0.071496
3671  0.000000  1.143533  0.000000  0.391627  0.385047  0.071489
3672  0.000000  1.143174  0.000000  0.391393  0.384810  0.071481
3673  0.000000  1.142815  0.000000  0.391159  0.384574  0.071474
3674  0.000000  1.142456  0.000000  0.390925  0.384337  0.071466
3675  0.000000  1.142097  0.000000  0.390691  0.384101  0.071459
3676  0.000000  1.141737  0.000000  0.390458  0.383864  0.071452
3677  0.000000  1.141377  0.000000  0.390224  0.383628  0.071444
3678  0.000000  1.141017  0.000000  0.389990  0.383392  0.071437
3679  0.000000  1.140657  0.000000  0.389757  0.383155  0.071430
3680  0.000000  1.140296  0.000000  0.389523  0.382919  0.071422
3681  0.000000  1.139936  0.000000  0.389290  0.382683  0.071415
3682  0.000000  1.139575  0.000000  0.389056  0.382447  0.071407
3683  0.000000  1.139214  0.000000  0.388823  0.382211  0.071400
3684  0.000000  1.138853  0.000000  0.388589  0.381975  0.071393
3685  0.000000  1.138492  0.000000  0.388356  0.381739  0.071385
3686  0.000000  1.138130  0.000000  0.388123  0.381503  0.071378
3687  0.000000  1.137768  0.000000  0.387890  0.381267  0.071371
3688  0.000000  1.137406  0.000000  0.387657  0.381032  0.071363
3689  0.000000  1.137044  0.000000  0.387424  0.380796  0.071356
3690  0.000000  1.136682  0.000000  0.387191  0.380560  0.071349
3691  0.000000  1.136319  0.000000  0.386958  0.380325  0.071341
3692  0.000000  1.135957  0.000000  0.386725  0.380089  0.071334
3693  0.000000  1.135594  0.000000  0.386492  0.379854  0.071326
3694  0.000000  1.135231  0.000000  0.386260  0.379618  0.071319
3695  0.000000  1.134867  0.000000  0.386027  0.379383  0.071312
3696  0.000000  1.134504  0.000000  0.385794  0.379148  0.071304
3697  0.000000  1.134140  0.000000  0.385562  0.378912  0.071297
3698  0.000000  1.133777  0.000000  0.385329  0.378677  0.071290
3699  0.000000  1.133413  0.000000  0.385097  0.378442  0.071282
3700  0.000000  1.133048  0.000000  0.384864  0.378207  0.071275
3701  0.000000  1.132684  0.000000  0.384632  0.377972  0.071268
3702  0.000000  1.132319  0.000000  0.384400  0.377737  0.071260
3703  0.000000  1.131954  0.000000  0.384168  0.377502  0.071253
3704  0.000000  1.131589  0.000000  0.383936  0.377267  0.071246
3705  0.000000  1.131224  0.000000  0.383704  0.377032  0.071238
3706  0.000000  1.130859  0.000000  0.383472  0.376798  0.071231
3707  0.000000  1.130493  0.000000  0.383240  0.376563  0.071224
3708  0.000000  1.130128  0.000000  0.383008  0.376328  0.071216
3709  0.000000  1.129762  0.000000  0.382776  0.376094  0.071209
3710  0.000000  1.129396  0.000000  0.382544  0.375859  0.071202
3711  0.000000  1.129029  0.000000  0.382312  0.375625  0.071195
3712  0.000000  1.128663  0.000000  0.382081  0.375390  0.071187
3713  0.000000  1.128296  0.000000  0.381849  0.375156  0.071180
3714  0.000000  1.127929  0.000000  0.381618  0.374922  0.071173
3715  0.000000  1.127562  0.000000  0.381386  0.374688  0.071165
3716  0.000000  1.127195  0.000000  0.381155  0.374453  0.071158
3717  0.000000  1.126827  0.000000  0.380923  0.374219  0.071151
3718  0.000000  1.126460  0.000000  0.380692  0.373985  0.071143
3719  0.000000  1.126092  0.000000  0.380461  0.373751  0.071136
3720  0.000000  1.125724  0.000000  0.380230  0.373517  0.071129
3721  0.000000  1.125355  0.000000  0.379998  0.373283  0.071122
3722  0.000000  1.124987  0.000000  0.379767  0.373050  0.071114
3723  0.000000  1.124618  0.000000  0.379536  0.372816  0.071107
3724  0.000000  1.124250  0.000000  0.379305  0.372582  0.071100
3725  0.000000  1.123881  0.000000  0.379075  0.372348  0.071092
3726  0.000000  1.123511  0.000000  0.378844  0.372115  0.071085
3727  0.000000  1.123142  0.000000  0.378613  0.371881  0.071078
3728  0.000000  1.122772  0.000000  0.378382  0.371648  0.071071
3729  0.000000  1.122403  0.000000  0.378152  0.371414  0.071063
3730  0.000000  1.122033  0.000000  0.377921  0.371181  0.071056
3731  0.000000  1.121662  0.000000  0.377691  0.370948  0.071049
3732  0.000000  1.121292  0.000000  0.377460  0.370714  0.071042
3733  0.000000  1.120921  0.000000  0.377230  0.370481  0.071034
3734  0.000000  1.120551  0.000000  0.376999  0.370248  0.071027
3735  0.000000  1.120180  0.000000  0.376769  0.370015  0.071020
3736  0.000000  1.119809  0.000000  0.376539  0.369782  0.071013
3737  0.000000  1.119437  0.000000  0.376309  0.369549  0.071005
3738  0.000000  1.119066  0.000000  0.376079  0.369316  0.070998
3739  0.000000  1.118694  0.000000  0.375848  0.369083  0.070991
3740  0.000000  1.118322  0.000000  0.375619  0.368850  0.070984
3741  0.000000  1.117950  0.000000  0.375389  0.368618  0.070976
3742  0.000000  1.117578  0.000000  0.375159  0.368385  0.070969
3743  0.000000  1.117205  0.000000  0.374929  0.368152  0.070962
3744  0.000000  1.116833  0.000000  0.374699  0.367920  0.070955
3745  0.000000  1.116460  0.000000  0.374469  0.367687  0.070947
3746  0.000000  1.116087  0.000000  0.374240  0.367455  0.070940
3747  0.000000  1.115713  0.000000  0.374010  0.367222  0.070933
3748  0.000000  1.115340  0.000000  0.373781  0.366990  0.070926
3749  0.000000  1.114966  0.000000  0.373551  0.366758  0.070919
3750  0.000000  1.114592  0.000000  0.373322  0.366525  0.070911
3751  0.000000  1.114218  0.000000  0.373093  0.366293  0.070904
3752  0.000000  1.113844  0.000000  0.372863  0.366061  0.070897
3753  0.000000  1.113470  0.000000  0.372634  0.365829  0.070890
3754  0.000000  1.113095  0.000000  0.372405  0.365597  0.070883
3755  0.000000  1.112720  0.000000  0.372176  0.365365  0.070875
3756  0.000000  1.112345  0.000000  0.371947  0.365133  0.070868
3757  0.000000  1.111970  0.000000  0.371718  0.364901  0.070861
3758  0.000000  1.111595  0.000000  0.371489  0.364669  0.070854
3759  0.000000  1.111219  0.000000  0.371260  0.364438  0.070847
3760  0.000000  1.110843  0.000000  0.371031  0.364206  0.070840
3761  0.000000  1.110467  0.000000  0.370803  0.363974  0.070832
3762  0.000000  1.110091  0.000000  0.370574  0.363743  0.070825
3763  0.000000  1.109715  0.000000  0.370345  0.363511  0.070818
3764  0.000000  1.109338  0.000000  0.370117  0.363280  0.070811
3765  0.000000  1.108961  0.000000  0.369888  0.363048  0.070804
3766  0.000000  1.108584  0.000000  0.369660  0.362817  0.070797
3767  0.000000  1.108207  0.000000  0.369431  0.362586  0.070789
3768  0.000000  1.107830  0.000000  0.369203  0.362355  0.070782
3769  0.000000  1.107452  0.000000  0.368975  0.362123  0.070775
3770  0.000000  1.107075  0.000000  0.368747  0.361892  0.070768
3771  0.000000  1.106697  0.000000  0.368519  0.361661  0.070761
3772  0.000000  1.106318  0.000000  0.368291  0.361430  0.070754
3773  0.000000  1.105940  0.000000  0.368062  0.361199  0.070747
3774  0.000000  1.105562  0.000000  0.367835  0.360968  0.070739
3775  0.000000  1.105183  0.000000  0.367607  0.360738  0.070732
3776  0.000000  1.104804  0.000000  0.367379  0.360507  0.070725
3777  0.000000  1.104425  0.000000  0.367151  0.360276  0.070718
3778  0.000000  1.104046  0.000000  0.366923  0.360045  0.070711
3779  0.000000  1.103666  0.000000  0.366696  0.359815  0.070704
3780  0.000000  1.103286  0.000000  0.366468  0.359584  0.070697
3781  0.000000  1.102907  0.000000  0.366241  0.359354  0.070690
3782  0.000000  1.102526  0.000000  0.366013  0.359123  0.070682
3783  0.000000  1.102146  0.000000  0.365786  0.358893  0.070675
3784  0.000000  1.101766  0.000000  0.365558  0.358663  0.070668
3785  0.000000  1.101385  0.000000  0.365331  0.358432  0.070661
3786  0.000000  1.101004  0.000000  0.365104  0.358202  0.070654
3787  0.000000  1.100623  0.000000  0.364877  0.357972  0.070647
3788  0.000000  1.100242  0.000000  0.364650  0.357742  0.070640
3789  0.000000  1.099860  0.000000  0.364422  0.357512  0.070633
3790  0.000000  1.099479  0.000000  0.364195  0.357282  0.070626
3791  0.000000  1.099097  0.000000  0.363969  0.357052  0.070619
3792  0.000000  1.098715  0.000000  0.363742  0.356822  0.070612
3793  0.000000  1.098333  0.000000  0.363515  0.356592  0.070605
3794  0.000000  1.097950  0.000000  0.363288  0.356363  0.070597
3795  0.000000  1.097568  0.000000  0.363061  0.356133  0.070590
3796  0.000000  1.097185  0.000000  0.362835  0.355903  0.070583
3797  0.000000  1.096802  0.000000  0.362608  0.355674  0.070576
3798  0.000000  1.096418  0.000000  0.362382  0.355444  0.070569
3799  0.000000  1.096035  0.000000  0.362155  0.355215  0.070562
3800  0.000000  1.095651  0.000000  0.361929  0.354985  0.070555
3801  0.000000  1.095268  0.000000  0.361703  0.354756  0.070548
3802  0.000000  1.094884  0.000000  0.361476  0.354527  0.070541
3803  0.000000  1.094499  0.000000  0.361250  0.354297  0.070534
3804  0.000000  1.094115  0.000000  0.361024  0.354068  0.070527
3805  0.000000  1.093730  0.000000  0.360798  0.353839  0.070520
3806  0.000000  1.093346  0.000000  0.360572  0.353610  0.070513
3807  0.000000  1.092961  0.000000  0.360346  0.353381  0.070506
3808  0.000000  1.092575  0.000000  0.360120  0.353152  0.070499
3809  0.000000  1.092190  0.000000  0.359894  0.352923  0.070492
3810  0.000000  1.091805  0.000000  0.359668  0.352694  0.070485
3811  0.000000  1.091419  0.000000  0.359443  0.352465  0.070478
3812  0.000000  1.091033  0.000000  0.359217  0.352237  0.070471
3813  0.000000  1.090647  0.000000  0.358991  0.352008  0.070464
3814  0.000000  1.090260  0.000000  0.358766  0.351779  0.070457
3815  0.000000  1.089874  0.000000  0.358540  0.351551  0.070450
3816  0.000000  1.089487  0.000000  0.358315  0.351322  0.070443
3817  0.000000  1.089100  0.000000  0.358090  0.351094  0.070436
3818  0.000000  1.088713  0.000000  0.357864  0.350865  0.070429
3819  0.000000  1.088325  0.000000  0.357639  0.350637  0.070422
3820  0.000000  1.087938  0.000000  0.357414  0.350409  0.070415
3821  0.000000  1.087550  0.000000  0.357189  0.350181  0.070408
3822  0.000000  1.087162  0.000000  0.356964  0.349952  0.070401
3823  0.000000  1.086774  0.000000  0.356739  0.349724  0.070394
3824  0.000000  1.086386  0.000000  0.356514  0.349496  0.070387
3825  0.000000  1.085997  0.000000  0.356289  0.349268  0.070380
3826  0.000000  1.085608  0.000000  0.356064  0.349040  0.070374
3827  0.000000  1.085219  0.000000  0.355839  0.348812  0.070367
3828  0.000000  1.084830  0.000000  0.355615  0.348585  0.070360
3829  0.000000  1.084441  0.000000  0.355390  0.348357  0.070353
3830  0.000000  1.084051  0.000000  0.355165  0.348129  0.070346
3831  0.000000  1.083662  0.000000  0.354941  0.347901  0.070339
3832  0.000000  1.083272  0.000000  0.354716  0.347674  0.070332
3833  0.000000  1.082882  0.000000  0.354492  0.347446  0.070325
3834  0.000000  1.082491  0.000000  0.354268  0.347219  0.070318
3835  0.000000  1.082101  0.000000  0.354043  0.346991  0.070311
3836  0.000000  1.081710  0.000000  0.353819  0.346764  0.070304
3837  0.000000  1.081319  0.000000  0.353595  0.346537  0.070297
3838  0.000000  1.080928  0.000000  0.353371  0.346309  0.070291
3839  0.000000  1.080537  0.000000  0.353147  0.346082  0.070284
3840  0.000000  1.080145  0.000000  0.352923  0.345855  0.070277
3841  0.000000  1.079753  0.000000  0.352699  0.345628  0.070270
3842  0.000000  1.079362  0.000000  0.352475  0.345401  0.070263
3843  0.000000  1.078969  0.000000  0.352251  0.345174  0.070256
3844  0.000000  1.078577  0.000000  0.352028  0.344947  0.070249
3845  0.000000  1.078185  0.000000  0.351804  0.344720  0.070242
3846  0.000000  1.077792  0.000000  0.351580  0.344493  0.070236
3847  0.000000  1.077399  0.000000  0.351357  0.344267  0.070229
3848  0.000000  1.077006  0.000000  0.351133  0.344040  0.070222
3849  0.000000  1.076613  0.000000  0.350910  0.343813  0.070215
3850  0.000000  1.076219  0.000000  0.350686  0.343587  0.070208
3851  0.000000  1.075825  0.000000  0.350463  0.343360  0.070201
3852  0.000000  1.075431  0.000000  0.350240  0.343134  0.070195
3853  0.000000  1.075037  0.000000  0.350017  0.342907  0.070188
3854  0.000000  1.074643  0.000000  0.349794  0.342681  0.070181
3855  0.000000  1.074249  0.000000  0.349571  0.342455  0.070174
3856  0.000000  1.073854  0.000000  0.349348  0.342228  0.070167
3857  0.000000  1.073459  0.000000  0.349125  0.342002  0.070161
3858  0.000000  1.073064  0.000000  0.348902  0.341776  0.070154
3859  0.000000  1.072668  0.000000  0.348679  0.341550  0.070147
3860  0.000000  1.072273  0.000000  0.348456  0.341324  0.070140
3861  0.000000  1.071877  0.000000  0.348233  0.341098  0.070133
3862  0.000000  1.071481  0.000000  0.348011  0.340872  0.070127
3863  0.000000  1.071085  0.000000  0.347788  0.340646  0.070120
3864  0.000000  1.070689  0.000000  0.347566  0.340420  0.070113
3865  0.000000  1.070292  0.000000  0.347343  0.340195  0.070106
3866  0.000000  1.069896  0.000000  0.347121  0.339969  0.070100
3867  0.000000  1.069499  0.000000  0.346899  0.339743  0.070093
3868  0.000000  1.069102  0.000000  0.346676  0.339518  0.070086
3869  0.000000  1.068704  0.000000  0.346454  0.339292  0.070079
3870  0.000000  1.068307  0.000000  0.346232  0.339067  0.070073
3871  0.000000  1.067909  0.000000  0.346010  0.338841  0.070066
3872  0.000000  1.067511  0.000000  0.345788  0.338616  0.070059
3873  0.000000  1.067113  0.000000  0.345566  0.338391  0.070052
3874  0.000000  1.066715  0.000000  0.345344  0.338166  0.070046
3875  0.000000  1.066316  0.000000  0.345122  0.337940  0.070039
3876  0.000000  1.065918  0.000000  0.344900  0.337715  0.070032
3877  0.000000  1.065519  0.000000  0.344679  0.337490  0.070025
3878  0.000000  1.065120  0.000000  0.344457  0.337265  0.070019
3879  0.000000  1.064720  0.000000  0.344235  0.337040  0.070012
3880  0.000000  1.064321  0.000000  0.344014  0.336815  0.070005
3881  0.000000  1.063921  0.000000  0.343792  0.336591  0.069999
3882  0.000000  1.063521  0.000000  0.343571  0.336366  0.069992
3883  0.000000  1.063121  0.000000  0.343349  0.336141  0.069985
3884  0.000000  1.062721  0.000000  0.343128  0.335916  0.069979
3885  0.000000  1.062320  0.000000  0.342907  0.335692  0.069972
3886  0.000000  1.061920  0.000000  0.342686  0.335467  0.069965
3887  0.000000  1.061519  0.000000  0.342465  0.335243  0.069959
3888  0.000000  1.061118  0.000000  0.342243  0.335018  0.069952
3889  0.000000  1.060716  0.000000  0.342022  0.334794  0.069945
3890  0.000000  1.060315  0.000000  0.341802  0.334570  0.069939
3891  0.000000  1.059913  0.000000  0.341581  0.334345  0.069932
3892  0.000000  1.059511  0.000000  0.341360  0.334121  0.069925
3893  0.000000  1.059109  0.000000  0.341139  0.333897  0.069919
3894  0.000000  1.058707  0.000000  0.340918  0.333673  0.069912
3895  0.000000  1.058304  0.000000  0.340698  0.333449  0.069906
3896  0.000000  1.057901  0.000000  0.340477  0.333225  0.069899
3897  0.000000  1.057499  0.000000  0.340257  0.333001  0.069892
3898  0.000000  1.057095  0.000000  0.340036  0.332777  0.069886
3899  0.000000  1.056692  0.000000  0.339816  0.332553  0.069879
3900  0.000000  1.056289  0.000000  0.339596  0.332330  0.069873
3901  0.000000  1.055885  0.000000  0.339375  0.332106  0.069866
3902  0.000000  1.055481  0.000000  0.339155  0.331882  0.069859
3903  0.000000  1.055077  0.000000  0.338935  0.331659  0.069853
3904  0.000000  1.054672  0.000000  0.338715  0.331435  0.069846
3905  0.000000  1.054268  0.000000  0.338495  0.331212  0.069840
3906  0.000000  1.053863  0.000000  0.338275  0.330988  0.069833
3907  0.000000  1.053458  0.000000  0.338055  0.330765  0.069827
3908  0.000000  1.053053  0.000000  0.337835  0.330541  0.069820
3909  0.000000  1.052648  0.000000  0.337615  0.330318  0.069814
3910  0.000000  1.052242  0.000000  0.337396  0.330095  0.069807
3911  0.000000  1.051836  0.000000  0.337176  0.329872  0.069800
3912  0.000000  1.051430  0.000000  0.336956  0.329649  0.069794
3913  0.000000  1.051024  0.000000  0.336737  0.329426  0.069787
3914  0.000000  1.050618  0.000000  0.336517  0.329203  0.069781
3915  0.000000  1.050211  0.000000  0.336298  0.328980  0.069774
3916  0.000000  1.049805  0.000000  0.336078  0.328757  0.069768
3917  0.000000  1.049398  0.000000  0.335859  0.328534  0.069761
3918  0.000000  1.048990  0.000000  0.335640  0.328311  0.069755
3919  0.000000  1.048583  0.000000  0.335421  0.328089  0.069748
3920  0.000000  1.048176  0.000000  0.335202  0.327866  0.069742
3921  0.000000  1.047768  0.000000  0.334983  0.327644  0.069735
3922  0.000000  1.047360  0.000000  0.334764  0.327421  0.069729
3923  0.000000  1.046952  0.000000  0.334545  0.327199  0.069722
3924  0.000000  1.046543  0.000000  0.334326  0.326976  0.069716
3925  0.000000  1.046135  0.000000  0.334107  0.326754  0.069710
3926  0.000000  1.045726  0.000000  0.333888  0.326532  0.069703
3927  0.000000  1.045317  0.000000  0.333670  0.326309  0.069697
3928  0.000000  1.044908  0.000000  0.333451  0.326087  0.069690
3929  0.000000  1.044498  0.000000  0.333232  0.325865  0.069684
3930  0.000000  1.044089  0.000000  0.333014  0.325643  0.069677
3931  0.000000  1.043679  0.000000  0.332795  0.325421  0.069671
3932  0.000000  1.043269  0.000000  0.332577  0.325199  0.069665
3933  0.000000  1.042859  0.000000  0.332359  0.324977  0.069658
3934  0.000000  1.042448  0.000000  0.332140  0.324755  0.069652
3935  0.000000  1.042038  0.000000  0.331922  0.324533  0.069645
3936  0.000000  1.041627  0.000000  0.331704  0.324312  0.069639
3937  0.000000  1.041216  0.000000  0.331486  0.324090  0.069633
3938  0.000000  1.040804  0.000000  0.331268  0.323868  0.069626
3939  0.000000  1.040393  0.000000  0.331050  0.323647  0.069620
3940  0.000000  1.039981  0.000000  0.330832  0.323425  0.069613
3941  0.000000  1.039570  0.000000  0.330614  0.323204  0.069607
3942  0.000000  1.039158  0.000000  0.330397  0.322982  0.069601
3943  0.000000  1.038745  0.000000  0.330179  0.322761  0.069594
3944  0.000000  1.038333  0.000000  0.329961  0.322540  0.069588
3945  0.000000  1.037920  0.000000  0.329744  0.322319  0.069582
3946  0.000000  1.037507  0.000000  0.329526  0.322097  0.069575
3947  0.000000  1.037094  0.000000  0.329309  0.321876  0.069569
3948  0.000000  1.036681  0.000000  0.329091  0.321655  0.069563
3949  0.000000  1.036267  0.000000  0.328874  0.321434  0.069556
3950  0.000000  1.035854  0.000000  0.328657  0.321213  0.069550
3951  0.000000  1.035440  0.000000  0.328439  0.320992  0.069544
3952  0.000000  1.035026  0.000000  0.328222  0.320772  0.069537
3953  0.000000  1.034612  0.000000  0.328005  0.320551  0.069531
3954  0.000000  1.034197  0.000000  0.327788  0.320330  0.069525
3955  0.000000  1.033782  0.000000  0.327571  0.320109  0.069519
3956  0.000000  1.033367  0.000000  0.327354  0.319889  0.069512
3957  0.000000  1.032952  0.000000  0.327137  0.319668  0.069506
3958  0.000000  1.032537  0.000000  0.326921  0.319448  0.069500
3959  0.000000  1.032122  0.000000  0.326704  0.319227  0.069494
3960  0.000000  1.031706  0.000000  0.326487  0.319007  0.069487
3961  0.000000  1.031290  0.000000  0.326271  0.318786  0.069481
3962  0.000000  1.030874  0.000000  0.326054  0.318566  0.069475
3963  0.000000  1.030457  0.000000  0.325837  0.318346  0.069469
3964  0.000000  1.030041  0.000000  0.325621  0.318126  0.069462
3965  0.000000  1.029624  0.000000  0.325405  0.317906  0.069456
3966  0.000000  1.029207  0.000000  0.325188  0.317686  0.069450
3967  0.000000  1.028790  0.000000  0.324972  0.317466  0.069444
3968  0.000000  1.028373  0.000000  0.324756  0.317246  0.069438
3969  0.000000  1.027955  0.000000  0.324540  0.317026  0.069431
3970  0.000000  1.027537  0.000000  0.324324  0.316806  0.069425
3971  0.000000  1.027119  0.000000  0.324108  0.316586  0.069419
3972  0.000000  1.026701  0.000000  0.323892  0.316367  0.069413
3973  0.000000  1.026283  0.000000  0.323676  0.316147  0.069407
3974  0.000000  1.025864  0.000000  0.323460  0.315927  0.069400
3975  0.000000  1.025445  0.000000  0.323244  0.315708  0.069394
3976  0.000000  1.025026  0.000000  0.323029  0.315488  0.069388
3977  0.000000  1.024607  0.000000  0.322813  0.315269  0.069382
3978  0.000000  1.024188  0.000000  0.322597  0.315049  0.069376
3979  0.000000  1.023768  0.000000  0.322382  0.314830  0.069370
3980  0.000000  1.023348  0.000000  0.322166  0.314611  0.069364
3981  0.000000  1.022928  0.000000  0.321951  0.314392  0.069358
3982  0.000000  1.022508  0.000000  0.321736  0.314172  0.069351
3983  0.000000  1.022088  0.000000  0.321520  0.313953  0.069345
3984  0.000000  1.021667  0.000000  0.321305  0.313734  0.069339
3985  0.000000  1.021246  0.000000  0.321090  0.313515  0.069333
3986  0.000000  1.020825  0.000000  0.320875  0.313296  0.069327
3987  0.000000  1.020404  0.000000  0.320660  0.313077  0.069321
3988  0.000000  1.019982  0.000000  0.320445  0.312859  0.069315
3989  0.000000  1.019561  0.000000  0.320230  0.312640  0.069309
3990  0.000000  1.019139  0.000000  0.320015  0.312421  0.069303
3991  0.000000  1.018717  0.000000  0.319801  0.312202  0.069297
3992  0.000000  1.018294  0.000000  0.319586  0.311984  0.069291
3993  0.000000  1.017872  0.000000  0.319371  0.311765  0.069285
3994  0.000000  1.017449  0.000000  0.319157  0.311547  0.069279
3995  0.000000  1.017026  0.000000  0.318942  0.311328  0.069273
3996  0.000000  1.016603  0.000000  0.318728  0.311110  0.069267
3997  0.000000  1.016180  0.000000  0.318513  0.310892  0.069261
3998  0.000000  1.015756  0.000000  0.318299  0.310673  0.069255
3999  0.000000  1.015333  0.000000  0.318085  0.310455  0.069249
4000  0.000000  1.014909  0.000000  0.317870  0.310237  0.069243
4001  0.000000  1.014484  0.000000  0.317656  0.310019  0.069237
4002  0.000000  1.014060  0.000000  0.317442  0.309801  0.069231
4003  0.000000  1.013636  0.000000  0.317228  0.309583  0.069225
4004  0.000000  1.013211  0.000000  0.317014  0.309365  0.069219
4005  0.000000  1.012786  0.000000  0.316800  0.309147  0.069213
4006  0.000000  1.012361  0.000000  0.316586  0.308929  0.069207
4007  0.000000  1.011935  0.000000  0.316372  0.308711  0.069201
4008  0.000000  1.011510  0.000000  0.316159  0.308494  0.069195
4009  0.000000  1.011084  0.000000  0.315945  0.308276  0.069189
4010  0.000000  1.010658  0.000000  0.315731  0.308058  0.069183
4011  0.000000  1.010232  0.000000  0.315518  0.307841  0.069177
4012  0.000000  1.009805  0.000000  0.315304  0.307623  0.069171
4013  0.000000  1.009379  0.000000  0.315091  0.307406  0.069165
4014  0.000000  1.008952  0.000000  0.314878  0.307189  0.069159
4015  0.000000  1.008525  0.000000  0.314664  0.306971  0.069154
4016  0.000000  1.008097  0.000000  0.314451  0.306754  0.069148
4017  0.000000  1.007670  0.000000  0.314238  0.306537  0.069142
4018  0.000000  1.007242  0.000000  0.314025  0.306320  0.069136
4019  0.000000  1.006814  0.000000  0.313812  0.306102  0.069130
4020  0.000000  1.006386  0.000000  0.313599  0.305885  0.069124
4021  0.000000  1.005958  0.000000  0.313386  0.305668  0.069118
4022  0.000000  1.005530  0.000000  0.313173  0.305452  0.069113
4023  0.000000  1.005101  0.000000  0.312960  0.305235  0.069107
4024  0.000000  1.004672  0.000000  0.312747  0.305018  0.069101
4025  0.000000  1.004243  0.000000  0.312534  0.304801  0.069095
4026  0.000000  1.003813  0.000000  0.312322  0.304584  0.069089
4027  0.000000  1.003384  0.000000  0.312109  0.304368  0.069084
4028  0.000000  1.002954  0.000000  0.311897  0.304151  0.069078
4029  0.000000  1.002524  0.000000  0.311684  0.303934  0.069072
4030  0.000000  1.002094  0.000000  0.311472  0.303718  0.069066
4031  0.000000  1.001664  0.000000  0.311260  0.303502  0.069060
4032  0.000000  1.001233  0.000000  0.311047  0.303285  0.069055
4033  0.000000  1.000802  0.000000  0.310835  0.303069  0.069049
4034  0.000000  1.000371  0.000000  0.310623  0.302853  0.069043
4035  0.000000  0.999940  0.000000  0.310411  0.302636  0.069037
4036  0.000000  0.999509  0.000000  0.310199  0.302420  0.069032
4037  0.000000  0.999077  0.000000  0.309987  0.302204  0.069026
4038  0.000000  0.998645  0.000000  0.309775  0.301988  0.069020
4039  0.000000  0.998213  0.000000  0.309563  0.301772  0.069014
4040  0.000000  0.997781  0.000000  0.309351  0.301556  0.069009
4041  0.000000  0.997349  0.000000  0.309140  0.301340  0.069003
4042  0.000000  0.996916  0.000000  0.308928  0.301124  0.068997
4043  0.000000  0.996483  0.000000  0.308716  0.300909  0.068992
4044  0.000000  0.996050  0.000000  0.308505  0.300693  0.068986
4045  0.000000  0.995617  0.000000  0.308293  0.300477  0.068980
4046  0.000000  0.995183  0.000000  0.308082  0.300262  0.068975
4047  0.000000  0.994749  0.000000  0.307871  0.300046  0.068969
4048  0.000000  0.994316  0.000000  0.307659  0.299830  0.068963
4049  0.000000  0.993881  0.000000  0.307448  0.299615  0.068958
4050  0.000000  0.993447  0.000000  0.307237  0.299400  0.068952
4051  0.000000  0.993013  0.000000  0.307026  0.299184  0.068947
4052  0.000000  0.992578  0.000000  0.306815  0.298969  0.068941
4053  0.000000  0.992143  0.000000  0.306604  0.298754  0.068935
4054  0.000000  0.991708  0.000000  0.306393  0.298539  0.068930
4055  0.000000  0.991272  0.000000  0.306182  0.298323  0.068924
4056  0.000000  0.990837  0.000000  0.305971  0.298108  0.068919
4057  0.000000  0.990401  0.000000  0.305760  0.297893  0.068913
4058  0.000000  0.989965  0.000000  0.305550  0.297678  0.068907
4059  0.000000  0.989529  0.000000  0.305339  0.297464  0.068902
4060  0.000000  0.989092  0.000000  0.305129  0.297249  0.068896
4061  0.000000  0.988656  0.000000  0.304918  0.297034  0.068891
4062  0.000000  0.988219  0.000000  0.304708  0.296819  0.068885
4063  0.000000  0.987782  0.000000  0.304497  0.296605  0.068880
4064  0.000000  0.987345  0.000000  0.304287  0.296390  0.068874
4065  0.000000  0.986907  0.000000  0.304077  0.296175  0.068869
4066  0.000000  0.986469  0.000000  0.303867  0.295961  0.068863
4067  0.000000  0.986031  0.000000  0.303656  0.295746  0.068858
4068  0.000000  0.985593  0.000000  0.303446  0.295532  0.068852
4069  0.000000  0.985155  0.000000  0.303236  0.295318  0.068847
4070  0.000000  0.984717  0.000000  0.303026  0.295103  0.068841
4071  0.000000  0.984278  0.000000  0.302817  0.294889  0.068836
4072  0.000000  0.983839  0.000000  0.302607  0.294675  0.068830
4073  0.000000  0.983400  0.000000  0.302397  0.294461  0.068825
4074  0.000000  0.982960  0.000000  0.302187  0.294247  0.068819
4075  0.000000  0.982521  0.000000  0.301978  0.294033  0.068814
4076  0.000000  0.982081  0.000000  0.301768  0.293819  0.068808
4077  0.000000  0.981641  0.000000  0.301559  0.293605  0.068803
4078  0.000000  0.981201  0.000000  0.301349  0.293391  0.068798
4079  0.000000  0.980760  0.000000  0.301140  0.293177  0.068792
4080  0.000000  0.980320  0.000000  0.300930  0.292963  0.068787
4081  0.000000  0.979879  0.000000  0.300721  0.292750  0.068781
4082  0.000000  0.979438  0.000000  0.300512  0.292536  0.068776
4083  0.000000  0.978997  0.000000  0.300303  0.292322  0.068771
4084  0.000000  0.978555  0.000000  0.300094  0.292109  0.068765
4085  0.000000  0.978114  0.000000  0.299885  0.291895  0.068760
4086  0.000000  0.977672  0.000000  0.299676  0.291682  0.068755
4087  0.000000  0.977230  0.000000  0.299467  0.291469  0.068749
4088  0.000000  0.976787  0.000000  0.299258  0.291255  0.068744
4089  0.000000  0.976345  0.000000  0.299049  0.291042  0.068739
4090  0.000000  0.975902  0.000000  0.298841  0.290829  0.068733
4091  0.000000  0.975459  0.000000  0.298632  0.290616  0.068728
4092  0.000000  0.975016  0.000000  0.298423  0.290403  0.068723
4093  0.000000  0.974573  0.000000  0.298215  0.290190  0.068717
4094  0.000000  0.974129  0.000000  0.298006  0.289977  0.068712
4095  0.000000  0.973685  0.000000  0.297798  0.289764  0.068707
4096  0.000000  0.973241  0.000000  0.297590  0.289551  0.068702
4097  0.000000  0.972797  0.000000  0.297381  0.289338  0.068696
4098  0.000000  0.972353  0.000000  0.297173  0.289125  0.068691
4099  0.000000  0.971908  0.000000  0.296965  0.288912  0.068686
4100  0.000000  0.971463  0.000000  0.296757  0.288700  0.068681
4101  0.000000  0.971018  0.000000  0.296549  0.288487  0.068675
4102  0.000000  0.970573  0.000000  0.296341  0.288275  0.068670
4103  0.000000  0.970127  0.000000  0.296133  0.288062  0.068665
4104  0.000000  0.969682  0.000000  0.295925  0.287850  0.068660
4105  0.000000  0.969236  0.000000  0.295717  0.287637  0.068655
4106  0.000000  0.968790  0.000000  0.295510  0.287425  0.068649
4107  0.000000  0.968344  0.000000  0.295302  0.287213  0.068644
4108  0.000000  0.967897  0.000000  0.295094  0.287000  0.068639
4109  0.000000  0.967450  0.000000  0.294887  0.286788  0.068634
4110  0.000000  0.967003  0.000000  0.294679  0.286576  0.068629
4111  0.000000  0.966556  0.000000  0.294472  0.286364  0.068624
4112  0.000000  0.966109  0.000000  0.294264  0.286152  0.068618
4113  0.000000  0.965661  0.000000  0.294057  0.285940  0.068613
4114  0.000000  0.965213  0.000000  0.293850  0.285728  0.068608
4115  0.000000  0.964765  0.000000  0.293643  0.285516  0.068603
4116  0.000000  0.964317  0.000000  0.293436  0.285305  0.068598
4117  0.000000  0.963869  0.000000  0.293229  0.285093  0.068593
4118  0.000000  0.963420  0.000000  0.293022  0.284881  0.068588
4119  0.000000  0.962971  0.000000  0.292815  0.284670  0.068583
4120  0.000000  0.962522  0.000000  0.292608  0.284458  0.068578
4121  0.000000  0.962073  0.000000  0.292401  0.284247  0.068573
4122  0.000000  0.961623  0.000000  0.292194  0.284035  0.068568
4123  0.000000  0.961174  0.000000  0.291987  0.283824  0.068563
4124  0.000000  0.960724  0.000000  0.291781  0.283612  0.068558
4125  0.000000  0.960274  0.000000  0.291574  0.283401  0.068553
4126  0.000000  0.959823  0.000000  0.291368  0.283190  0.068548
4127  0.000000  0.959373  0.000000  0.291161  0.282979  0.068543
4128  0.000000  0.958922  0.000000  0.290955  0.282767  0.068538
4129  0.000000  0.958471  0.000000  0.290749  0.282556  0.068533
4130  0.000000  0.958020  0.000000  0.290542  0.282345  0.068528
4131  0.000000  0.957568  0.000000  0.290336  0.282134  0.068523
4132  0.000000  0.957117  0.000000  0.290130  0.281923  0.068518
4133  0.000000  0.956665  0.000000  0.289924  0.281712  0.068513
4134  0.000000  0.956213  0.000000  0.289718  0.281502  0.068508
4135  0.000000  0.955761  0.000000  0.289512  0.281291  0.068503
4136  0.000000  0.955308  0.000000  0.289306  0.281080  0.068498
4137  0.000000  0.954856  0.000000  0.289100  0.280870  0.068493
4138  0.000000  0.954403  0.000000  0.288895  0.280659  0.068488
4139  0.000000  0.953950  0.000000  0.288689  0.280448  0.068483
4140  0.000000  0.953496  0.000000  0.288483  0.280238  0.068478
4141  0.000000  0.953043  0.000000  0.288278  0.280027  0.068473
4142  0.000000  0.952589  0.000000  0.288072  0.279817  0.068469
4143  0.000000  0.952135  0.000000  0.287867  0.279607  0.068464
4144  0.000000  0.951681  0.000000  0.287661  0.279396  0.068459
4145  0.000000  0.951226  0.000000  0.287456  0.279186  0.068454
4146  0.000000  0.950772  0.000000  0.287251  0.278976  0.068449
4147  0.000000  0.950317  0.000000  0.287045  0.278766  0.068444
4148  0.000000  0.949862  0.000000  0.286840  0.278556  0.068440
4149  0.000000  0.949407  0.000000  0.286635  0.278346  0.068435
4150  0.000000  0.948951  0.000000  0.286430  0.278136  0.068430
4151  0.000000  0.948496  0.000000  0.286225  0.277926  0.068425
4152  0.000000  0.948040  0.000000  0.286020  0.277716  0.068420
4153  0.000000  0.947584  0.000000  0.285815  0.277506  0.068416
4154  0.000000  0.947127  0.000000  0.285611  0.277297  0.068411
4155  0.000000  0.946671  0.000000  0.285406  0.277087  0.068406
4156  0.000000  0.946214  0.000000  0.285201  0.276877  0.068401
4157  0.000000  0.945757  0.000000  0.284997  0.276668  0.068397
4158  0.000000  0.945300  0.000000  0.284792  0.276458  0.068392
4159  0.000000  0.944843  0.000000  0.284588  0.276249  0.068387
4160  0.000000  0.944385  0.000000  0.284383  0.276039  0.068383
4161  0.000000  0.943927  0.000000  0.284179  0.275830  0.068378
4162  0.000000  0.943469  0.000000  0.283975  0.275621  0.068373
4163  0.000000  0.943011  0.000000  0.283770  0.275411  0.068368
4164  0.000000  0.942552  0.000000  0.283566  0.275202  0.068364
4165  0.000000  0.942094  0.000000  0.283362  0.274993  0.068359
4166  0.000000  0.941635  0.000000  0.283158  0.274784  0.068354
4167  0.000000  0.941176  0.000000  0.282954  0.274575  0.068350
4168  0.000000  0.940717  0.000000  0.282750  0.274366  0.068345
4169  0.000000  0.940257  0.000000  0.282546  0.274157  0.068341
4170  0.000000  0.939797  0.000000  0.282343  0.273948  0.068336
4171  0.000000  0.939337  0.000000  0.282139  0.273739  0.068331
4172  0.000000  0.938877  0.000000  0.281935  0.273530  0.068327
4173  0.000000  0.938417  0.000000  0.281732  0.273322  0.068322
4174  0.000000  0.937956  0.000000  0.281528  0.273113  0.068318
4175  0.000000  0.937495  0.000000  0.281324  0.272904  0.068313
4176  0.000000  0.937034  0.000000  0.281121  0.272696  0.068309
4177  0.000000  0.936573  0.000000  0.280918  0.272487  0.068304
4178  0.000000  0.936112  0.000000  0.280714  0.272279  0.068299
4179  0.000000  0.935650  0.000000  0.280511  0.272070  0.068295
4180  0.000000  0.935188  0.000000  0.280308  0.271862  0.068290
4181  0.000000  0.934726  0.000000  0.280105  0.271654  0.068286
4182  0.000000  0.934264  0.000000  0.279902  0.271445  0.068281
4183  0.000000  0.933801  0.000000  0.279699  0.271237  0.068277
4184  0.000000  0.933338  0.000000  0.279496  0.271029  0.068272
4185  0.000000  0.932875  0.000000  0.279293  0.270821  0.068268
4186  0.000000  0.932412  0.000000  0.279090  0.270613  0.068264
4187  0.000000  0.931949  0.000000  0.278887  0.270405  0.068259
4188  0.000000  0.931485  0.000000  0.278685  0.270197  0.068255
4189  0.000000  0.931021  0.000000  0.278482  0.269989  0.068250
4190  0.000000  0.930557  0.000000  0.278280  0.269781  0.068246
4191  0.000000  0.930093  0.000000  0.278077  0.269574  0.068241
4192  0.000000  0.929629  0.000000  0.277875  0.269366  0.068237
4193  0.000000  0.929164  0.000000  0.277672  0.269158  0.068233
4194  0.000000  0.928699  0.000000  0.277470  0.268951  0.068228
4195  0.000000  0.928234  0.000000  0.277268  0.268743  0.068224
4196  0.000000  0.927769  0.000000  0.277065  0.268536  0.068220
4197  0.000000  0.927303  0.000000  0.276863  0.268328  0.068215
4198  0.000000  0.926837  0.000000  0.276661  0.268121  0.068211
4199  0.000000  0.926371  0.000000  0.276459  0.267913  0.068206
4200  0.000000  0.925905  0.000000  0.276257  0.267706  0.068202
4201  0.000000  0.925439  0.000000  0.276055  0.267499  0.068198
4202  0.000000  0.924972  0.000000  0.275854  0.267292  0.068194
4203  0.000000  0.924505  0.000000  0.275652  0.267084  0.068189
4204  0.000000  0.924038  0.000000  0.275450  0.266877  0.068185
4205  0.000000  0.923571  0.000000  0.275248  0.266670  0.068181
4206  0.000000  0.923104  0.000000  0.275047  0.266463  0.068176
4207  0.000000  0.922636  0.000000  0.274845  0.266256  0.068172
4208  0.000000  0.922168  0.000000  0.274644  0.266050  0.068168
4209  0.000000  0.921700  0.000000  0.274442  0.265843  0.068164
4210  0.000000  0.921231  0.000000  0.274241  0.265636  0.068160
4211  0.000000  0.920763  0.000000  0.274040  0.265429  0.068155
4212  0.000000  0.920294  0.000000  0.273839  0.265223  0.068151
4213  0.000000  0.919825  0.000000  0.273637  0.265016  0.068147
4214  0.000000  0.919356  0.000000  0.273436  0.264809  0.068143
4215  0.000000  0.918886  0.000000  0.273235  0.264603  0.068139
4216  0.000000  0.918417  0.000000  0.273034  0.264396  0.068134
4217  0.000000  0.917947  0.000000  0.272834  0.264190  0.068130
4218  0.000000  0.917477  0.000000  0.272633  0.263984  0.068126
4219  0.000000  0.917006  0.000000  0.272432  0.263777  0.068122
4220  0.000000  0.916536  0.000000  0.272231  0.263571  0.068118
4221  0.000000  0.916065  0.000000  0.272031  0.263365  0.068114
4222  0.000000  0.915594  0.000000  0.271830  0.263159  0.068110
4223  0.000000  0.915123  0.000000  0.271629  0.262953  0.068106
4224  0.000000  0.914652  0.000000  0.271429  0.262747  0.068102
4225  0.000000  0.914180  0.000000  0.271229  0.262541  0.068097
4226  0.000000  0.913708  0.000000  0.271028  0.262335  0.068093
4227  0.000000  0.913236  0.000000  0.270828  0.262129  0.068089
4228  0.000000  0.912764  0.000000  0.270628  0.261923  0.068085
4229  0.000000  0.912291  0.000000  0.270427  0.261717  0.068081
4230  0.000000  0.911819  0.000000  0.270227  0.261512  0.068077
4231  0.000000  0.911346  0.000000  0.270027  0.261306  0.068073
4232  0.000000  0.910873  0.000000  0.269827  0.261100  0.068069
4233  0.000000  0.910399  0.000000  0.269627  0.260895  0.068065
4234  0.000000  0.909926  0.000000  0.269428  0.260689  0.068061
4235  0.000000  0.909452  0.000000  0.269228  0.260484  0.068057
4236  0.000000  0.908978  0.000000  0.269028  0.260278  0.068053
4237  0.000000  0.908504  0.000000  0.268828  0.260073  0.068049
4238  0.000000  0.908029  0.000000  0.268629  0.259868  0.068046
4239  0.000000  0.907555  0.000000  0.268429  0.259662  0.068042
4240  0.000000  0.907080  0.000000  0.268230  0.259457  0.068038
4241  0.000000  0.906605  0.000000  0.268030  0.259252  0.068034
4242  0.000000  0.906129  0.000000  0.267831  0.259047  0.068030
4243  0.000000  0.905654  0.000000  0.267632  0.258842  0.068026
4244  0.000000  0.905178  0.000000  0.267432  0.258637  0.068022
4245  0.000000  0.904702  0.000000  0.267233  0.258432  0.068018
4246  0.000000  0.904226  0.000000  0.267034  0.258227  0.068014
4247  0.000000  0.903749  0.000000  0.266835  0.258022  0.068011
4248  0.000000  0.903273  0.000000  0.266636  0.257818  0.068007
4249  0.000000  0.902796  0.000000  0.266437  0.257613  0.068003
4250  0.000000  0.902319  0.000000  0.266238  0.257408  0.067999
4251  0.000000  0.901842  0.000000  0.266040  0.257204  0.067995
4252  0.000000  0.901364  0.000000  0.265841  0.256999  0.067992
4253  0.000000  0.900886  0.000000  0.265642  0.256794  0.067988
4254  0.000000  0.900409  0.000000  0.265443  0.256590  0.067984
4255  0.000000  0.899930  0.000000  0.265245  0.256386  0.067980
4256  0.000000  0.899452  0.000000  0.265046  0.256181  0.067977
4257  0.000000  0.898973  0.000000  0.264848  0.255977  0.067973
4258  0.000000  0.898495  0.000000  0.264650  0.255773  0.067969
4259  0.000000  0.898016  0.000000  0.264451  0.255568  0.067965
4260  0.000000  0.897536  0.000000  0.264253  0.255364  0.067962
4261  0.000000  0.897057  0.000000  0.264055  0.255160  0.067958
4262  0.000000  0.896577  0.000000  0.263857  0.254956  0.067954
4263  0.000000  0.896097  0.000000  0.263659  0.254752  0.067951
4264  0.000000  0.895617  0.000000  0.263461  0.254548  0.067947
4265  0.000000  0.895137  0.000000  0.263263  0.254344  0.067943
4266  0.000000  0.894656  0.000000  0.263065  0.254140  0.067940
4267  0.000000  0.894175  0.000000  0.262867  0.253937  0.067936
4268  0.000000  0.893694  0.000000  0.262669  0.253733  0.067933
4269  0.000000  0.893213  0.000000  0.262472  0.253529  0.067929
4270  0.000000  0.892732  0.000000  0.262274  0.253325  0.067925
4271  0.000000  0.892250  0.000000  0.262076  0.253122  0.067922
4272  0.000000  0.891768  0.000000  0.261879  0.252918  0.067918
4273  0.000000  0.891286  0.000000  0.261681  0.252715  0.067915
4274  0.000000  0.890804  0.000000  0.261484  0.252511  0.067911
4275  0.000000  0.890321  0.000000  0.261287  0.252308  0.067908
4276  0.000000  0.889838  0.000000  0.261089  0.252105  0.067904
4277  0.000000  0.889356  0.000000  0.260892  0.251901  0.067901
4278  0.000000  0.888872  0.000000  0.260695  0.251698  0.067897
4279  0.000000  0.888389  0.000000  0.260498  0.251495  0.067894
4280  0.000000  0.887905  0.000000  0.260301  0.251292  0.067890
4281  0.000000  0.887421  0.000000  0.260104  0.251089  0.067887
4282  0.000000  0.886937  0.000000  0.259907  0.250886  0.067883
4283  0.000000  0.886453  0.000000  0.259710  0.250683  0.067880
4284  0.000000  0.885968  0.000000  0.259514  0.250480  0.067876
4285  0.000000  0.885484  0.000000  0.259317  0.250277  0.067873
4286  0.000000  0.884999  0.000000  0.259120  0.250074  0.067869
4287  0.000000  0.884514  0.000000  0.258924  0.249871  0.067866
4288  0.000000  0.884028  0.000000  0.258727  0.249669  0.067863
4289  0.000000  0.883543  0.000000  0.258531  0.249466  0.067859
4290  0.000000  0.883057  0.000000  0.258334  0.249263  0.067856
4291  0.000000  0.882571  0.000000  0.258138  0.249061  0.067853
4292  0.000000  0.882084  0.000000  0.257942  0.248858  0.067849
4293  0.000000  0.881598  0.000000  0.257746  0.248656  0.067846
4294  0.000000  0.881111  0.000000  0.257549  0.248453  0.067843
4295  0.000000  0.880624  0.000000  0.257353  0.248251  0.067839
4296  0.000000  0.880137  0.000000  0.257157  0.248049  0.067836
4297  0.000000  0.879650  0.000000  0.256961  0.247846  0.067833
4298  0.000000  0.879162  0.000000  0.256765  0.247644  0.067829
4299  0.000000  0.878674  0.000000  0.256570  0.247442  0.067826
4300  0.000000  0.878186  0.000000  0.256374  0.247240  0.067823
4301  0.000000  0.877698  0.000000  0.256178  0.247038  0.067820
4302  0.000000  0.877209  0.000000  0.255982  0.246836  0.067817
4303  0.000000  0.876721  0.000000  0.255787  0.246634  0.067813
4304  0.000000  0.876232  0.000000  0.255591  0.246432  0.067810
4305  0.000000  0.875742  0.000000  0.255396  0.246230  0.067807
4306  0.000000  0.875253  0.000000  0.255201  0.246028  0.067804
4307  0.000000  0.874763  0.000000  0.255005  0.245827  0.067801
4308  0.000000  0.874274  0.000000  0.254810  0.245625  0.067797
4309  0.000000  0.873784  0.000000  0.254615  0.245423  0.067794
4310  0.000000  0.873293  0.000000  0.254420  0.245222  0.067791
4311  0.000000  0.872803  0.000000  0.254224  0.245020  0.067788
4312  0.000000  0.872312  0.000000  0.254029  0.244819  0.067785
4313  0.000000  0.871821  0.000000  0.253834  0.244617  0.067782
4314  0.000000  0.871330  0.000000  0.253640  0.244416  0.067779
4315  0.000000  0.870839  0.000000  0.253445  0.244214  0.067776
4316  0.000000  0.870347  0.000000  0.253250  0.244013  0.067773
4317  0.000000  0.869855  0.000000  0.253055  0.243812  0.067770
4318  0.000000  0.869363  0.000000  0.252861  0.243611  0.067766
4319  0.000000  0.868871  0.000000  0.252666  0.243410  0.067763
4320  0.000000  0.868378  0.000000  0.252471  0.243208  0.067760
4321  0.000000  0.867886  0.000000  0.252277  0.243007  0.067757
4322  0.000000  0.867393  0.000000  0.252083  0.242806  0.067754
4323  0.000000  0.866899  0.000000  0.251888  0.242605  0.067751
4324  0.000000  0.866406  0.000000  0.251694  0.242405  0.067748
4325  0.000000  0.865912  0.000000  0.251500  0.242204  0.067746
4326  0.000000  0.865419  0.000000  0.251306  0.242003  0.067743
4327  0.000000  0.864925  0.000000  0.251111  0.241802  0.067740
4328  0.000000  0.864430  0.000000  0.250917  0.241602  0.067737
4329  0.000000  0.863936  0.000000  0.250723  0.241401  0.067734
4330  0.000000  0.863441  0.000000  0.250530  0.241200  0.067731
4331  0.000000  0.862946  0.000000  0.250336  0.241000  0.067728
4332  0.000000  0.862451  0.000000  0.250142  0.240799  0.067725
4333  0.000000  0.861955  0.000000  0.249948  0.240599  0.067722
4334  0.000000  0.861460  0.000000  0.249755  0.240398  0.067719
4335  0.000000  0.860964  0.000000  0.249561  0.240198  0.067717
4336  0.000000  0.860468  0.000000  0.249367  0.239998  0.067714
4337  0.000000  0.859972  0.000000  0.249174  0.239798  0.067711
4338  0.000000  0.859475  0.000000  0.248981  0.239597  0.067708
4339  0.000000  0.858978  0.000000  0.248787  0.239397  0.067705
4340  0.000000  0.858481  0.000000  0.248594  0.239197  0.067703
4341  0.000000  0.857984  0.000000  0.248401  0.238997  0.067700
4342  0.000000  0.857487  0.000000  0.248207  0.238797  0.067697
4343  0.000000  0.856989  0.000000  0.248014  0.238597  0.067694
4344  0.000000  0.856491  0.000000  0.247821  0.238397  0.067692
4345  0.000000  0.855993  0.000000  0.247628  0.238197  0.067689
4346  0.000000  0.855495  0.000000  0.247435  0.237998  0.067686
4347  0.000000  0.854996  0.000000  0.247243  0.237798  0.067684
4348  0.000000  0.854498  0.000000  0.247050  0.237598  0.067681
4349  0.000000  0.853999  0.000000  0.246857  0.237399  0.067678
4350  0.000000  0.853499  0.000000  0.246664  0.237199  0.067676
4351  0.000000  0.853000  0.000000  0.246472  0.236999  0.067673
4352  0.000000  0.852500  0.000000  0.246279  0.236800  0.067670
4353  0.000000  0.852000  0.000000  0.246087  0.236601  0.067668
4354  0.000000  0.851500  0.000000  0.245894  0.236401  0.067665
4355  0.000000  0.851000  0.000000  0.245702  0.236202  0.067662
4356  0.000000  0.850499  0.000000  0.245510  0.236002  0.067660
4357  0.000000  0.849999  0.000000  0.245318  0.235803  0.067657
4358  0.000000  0.849498  0.000000  0.245125  0.235604  0.067655
4359  0.000000  0.848996  0.000000  0.244933  0.235405  0.067652
4360  0.000000  0.848495  0.000000  0.244741  0.235206  0.067650
4361  0.000000  0.847993  0.000000  0.244549  0.235007  0.067647
4362  0.000000  0.847491  0.000000  0.244357  0.234808  0.067645
4363  0.000000  0.846989  0.000000  0.244165  0.234609  0.067642
4364  0.000000  0.846487  0.000000  0.243974  0.234410  0.067640
4365  0.000000  0.845984  0.000000  0.243782  0.234211  0.067637
4366  0.000000  0.845482  0.000000  0.243590  0.234012  0.067635
4367  0.000000  0.844979  0.000000  0.243399  0.233814  0.067632
4368  0.000000  0.844475  0.000000  0.243207  0.233615  0.067630
4369  0.000000  0.843972  0.000000  0.243016  0.233416  0.067628
4370  0.000000  0.843468  0.000000  0.242824  0.233218  0.067625
4371  0.000000  0.842964  0.000000  0.242633  0.233019  0.067623
4372  0.000000  0.842460  0.000000  0.242442  0.232821  0.067620
4373  0.000000  0.841956  0.000000  0.242250  0.232622  0.067618
4374  0.000000  0.841451  0.000000  0.242059  0.232424  0.067616
4375  0.000000  0.840946  0.000000  0.241868  0.232225  0.067613
4376  0.000000  0.840441  0.000000  0.241677  0.232027  0.067611
4377  0.000000  0.839936  0.000000  0.241486  0.231829  0.067609
4378  0.000000  0.839430  0.000000  0.241295  0.231631  0.067606
4379  0.000000  0.838924  0.000000  0.241104  0.231432  0.067604
4380  0.000000  0.838419  0.000000  0.240914  0.231234  0.067602
4381  0.000000  0.837912  0.000000  0.240723  0.231036  0.067600
4382  0.000000  0.837406  0.000000  0.240532  0.230838  0.067597
4383  0.000000  0.836899  0.000000  0.240342  0.230640  0.067595
4384  0.000000  0.836392  0.000000  0.240151  0.230442  0.067593
4385  0.000000  0.835885  0.000000  0.239961  0.230245  0.067591
4386  0.000000  0.835378  0.000000  0.239770  0.230047  0.067588
4387  0.000000  0.834870  0.000000  0.239580  0.229849  0.067586
4388  0.000000  0.834363  0.000000  0.239389  0.229651  0.067584
4389  0.000000  0.833855  0.000000  0.239199  0.229454  0.067582
4390  0.000000  0.833346  0.000000  0.239009  0.229256  0.067580
4391  0.000000  0.832838  0.000000  0.238819  0.229058  0.067578
4392  0.000000  0.832329  0.000000  0.238629  0.228861  0.067575
4393  0.000000  0.831820  0.000000  0.238439  0.228663  0.067573
4394  0.000000  0.831311  0.000000  0.238249  0.228466  0.067571
4395  0.000000  0.830802  0.000000  0.238059  0.228269  0.067569
4396  0.000000  0.830292  0.000000  0.237869  0.228071  0.067567
4397  0.000000  0.829782  0.000000  0.237680  0.227874  0.067565
4398  0.000000  0.829272  0.000000  0.237490  0.227677  0.067563
4399  0.000000  0.828762  0.000000  0.237300  0.227480  0.067561
4400  0.000000  0.828251  0.000000  0.237111  0.227283  0.067559
4401  0.000000  0.827741  0.000000  0.236921  0.227086  0.067557
4402  0.000000  0.827230  0.000000  0.236732  0.226888  0.067555
4403  0.000000  0.826718  0.000000  0.236543  0.226692  0.067553
4404  0.000000  0.826207  0.000000  0.236353  0.226495  0.067551
4405  0.000000  0.825695  0.000000  0.236164  0.226298  0.067549
4406  0.000000  0.825183  0.000000  0.235975  0.226101  0.067547
4407  0.000000  0.824671  0.000000  0.235786  0.225904  0.067545
4408  0.000000  0.824159  0.000000  0.235597  0.225707  0.067543
4409  0.000000  0.823646  0.000000  0.235408  0.225511  0.067541
4410  0.000000  0.823134  0.000000  0.235219  0.225314  0.067540
4411  0.000000  0.822621  0.000000  0.235030  0.225117  0.067538
4412  0.000000  0.822107  0.000000  0.234841  0.224921  0.067536
4413  0.000000  0.821594  0.000000  0.234653  0.224724  0.067534
4414  0.000000  0.821080  0.000000  0.234464  0.224528  0.067532
4415  0.000000  0.820566  0.000000  0.234275  0.224332  0.067530
4416  0.000000  0.820052  0.000000  0.234087  0.224135  0.067529
4417  0.000000  0.819538  0.000000  0.233898  0.223939  0.067527
4418  0.000000  0.819023  0.000000  0.233710  0.223743  0.067525
4419  0.000000  0.818508  0.000000  0.233522  0.223546  0.067523
4420  0.000000  0.817993  0.000000  0.233333  0.223350  0.067521
4421  0.000000  0.817478  0.000000  0.233145  0.223154  0.067520
4422  0.000000  0.816962  0.000000  0.232957  0.222958  0.067518
4423  0.000000  0.816446  0.000000  0.232769  0.222762  0.067516
4424  0.000000  0.815930  0.000000  0.232581  0.222566  0.067515
4425  0.000000  0.815414  0.000000  0.232393  0.222370  0.067513
4426  0.000000  0.814898  0.000000  0.232205  0.222174  0.067511
4427  0.000000  0.814381  0.000000  0.232017  0.221979  0.067510
4428  0.000000  0.813864  0.000000  0.231830  0.221783  0.067508
4429  0.000000  0.813347  0.000000  0.231642  0.221587  0.067506
4430  0.000000  0.812829  0.000000  0.231454  0.221391  0.067505
4431  0.000000  0.812312  0.000000  0.231267  0.221196  0.067503
4432  0.000000  0.811794  0.000000  0.231079  0.221000  0.067502
4433  0.000000  0.811276  0.000000  0.230892  0.220805  0.067500
4434  0.000000  0.810757  0.000000  0.230704  0.220609  0.067498
4435  0.000000  0.810239  0.000000  0.230517  0.220414  0.067497
4436  0.000000  0.809720  0.000000  0.230330  0.220218  0.067495
4437  0.000000  0.809201  0.000000  0.230142  0.220023  0.067494
4438  0.000000  0.808682  0.000000  0.229955  0.219828  0.067492
4439  0.000000  0.808162  0.000000  0.229768  0.219633  0.067491
4440  0.000000  0.807643  0.000000  0.229581  0.219437  0.067489
4441  0.000000  0.807123  0.000000  0.229394  0.219242  0.067488
4442  0.000000  0.806603  0.000000  0.229207  0.219047  0.067486
4443  0.000000  0.806082  0.000000  0.229021  0.218852  0.067485
4444  0.000000  0.805562  0.000000  0.228834  0.218657  0.067484
4445  0.000000  0.805041  0.000000  0.228647  0.218462  0.067482
4446  0.000000  0.804520  0.000000  0.228461  0.218267  0.067481
4447  0.000000  0.803998  0.000000  0.228274  0.218072  0.067479
4448  0.000000  0.803477  0.000000  0.228087  0.217877  0.067478
4449  0.000000  0.802955  0.000000  0.227901  0.217683  0.067477
4450  0.000000  0.802433  0.000000  0.227715  0.217488  0.067475
4451  0.000000  0.801911  0.000000  0.227528  0.217293  0.067474
4452  0.000000  0.801388  0.000000  0.227342  0.217099  0.067473
4453  0.000000  0.800865  0.000000  0.227156  0.216904  0.067471
4454  0.000000  0.800342  0.000000  0.226970  0.216710  0.067470
4455  0.000000  0.799819  0.000000  0.226784  0.216515  0.067469
4456  0.000000  0.799296  0.000000  0.226598  0.216321  0.067468
4457  0.000000  0.798772  0.000000  0.226412  0.216126  0.067466
4458  0.000000  0.798248  0.000000  0.226226  0.215932  0.067465
4459  0.000000  0.797724  0.000000  0.226040  0.215738  0.067464
4460  0.000000  0.797200  0.000000  0.225854  0.215543  0.067463
4461  0.000000  0.796675  0.000000  0.225669  0.215349  0.067462
4462  0.000000  0.796150  0.000000  0.225483  0.215155  0.067460
4463  0.000000  0.795625  0.000000  0.225298  0.214961  0.067459
4464  0.000000  0.795100  0.000000  0.225112  0.214767  0.067458
4465  0.000000  0.794574  0.000000  0.224927  0.214573  0.067457
4466  0.000000  0.794049  0.000000  0.224741  0.214379  0.067456
4467  0.000000  0.793523  0.000000  0.224556  0.214185  0.067455
4468  0.000000  0.792996  0.000000  0.224371  0.213991  0.067454
4469  0.000000  0.792470  0.000000  0.224186  0.213797  0.067453
4470  0.000000  0.791943  0.000000  0.224001  0.213604  0.067452
4471  0.000000  0.791416  0.000000  0.223815  0.213410  0.067451
4472  0.000000  0.790889  0.000000  0.223630  0.213216  0.067450
4473  0.000000  0.790362  0.000000  0.223446  0.213023  0.067448
4474  0.000000  0.789834  0.000000  0.223261  0.212829  0.067447
4475  0.000000  0.789306  0.000000  0.223076  0.212635  0.067447
4476  0.000000  0.788778  0.000000  0.222891  0.212442  0.067446
4477  0.000000  0.788250  0.000000  0.222707  0.212249  0.067445
4478  0.000000  0.787721  0.000000  0.222522  0.212055  0.067444
4479  0.000000  0.787193  0.000000  0.222337  0.211862  0.067443
4480  0.000000  0.786663  0.000000  0.222153  0.211669  0.067442
4481  0.000000  0.786134  0.000000  0.221969  0.211475  0.067441
4482  0.000000  0.785605  0.000000  0.221784  0.211282  0.067440
4483  0.000000  0.785075  0.000000  0.221600  0.211089  0.067439
4484  0.000000  0.784545  0.000000  0.221416  0.210896  0.067438
4485  0.000000  0.784015  0.000000  0.221232  0.210703  0.067437
4486  0.000000  0.783484  0.000000  0.221048  0.210510  0.067437
4487  0.000000  0.782954  0.000000  0.220864  0.210317  0.067436
4488  0.000000  0.782423  0.000000  0.220680  0.210124  0.067435
4489  0.000000  0.781891  0.000000  0.220496  0.209931  0.067434
4490  0.000000  0.781360  0.000000  0.220312  0.209738  0.067434
4491  0.000000  0.780828  0.000000  0.220128  0.209545  0.067433
4492  0.000000  0.780297  0.000000  0.219944  0.209353  0.067432
4493  0.000000  0.779764  0.000000  0.219761  0.209160  0.067431
4494  0.000000  0.779232  0.000000  0.219577  0.208967  0.067431
4495  0.000000  0.778700  0.000000  0.219394  0.208775  0.067430
4496  0.000000  0.778167  0.000000  0.219210  0.208582  0.067429
4497  0.000000  0.777634  0.000000  0.219027  0.208390  0.067429
4498  0.000000  0.777100  0.000000  0.218844  0.208197  0.067428
4499  0.000000  0.776567  0.000000  0.218660  0.208005  0.067427
4500  0.000000  0.776033  0.000000  0.218477  0.207812  0.067427
4501  0.000000  0.775499  0.000000  0.218294  0.207620  0.067426
4502  0.000000  0.774965  0.000000  0.218111  0.207428  0.067426
4503  0.000000  0.774430  0.000000  0.217928  0.207235  0.067425
4504  0.000000  0.773896  0.000000  0.217745  0.207043  0.067424
4505  0.000000  0.773361  0.000000  0.217562  0.206851  0.067424
4506  0.000000  0.772825  0.000000  0.217380  0.206659  0.067423
4507  0.000000  0.772290  0.000000  0.217197  0.206467  0.067423
4508  0.000000  0.771754  0.000000  0.217014  0.206275  0.067422
4509  0.000000  0.771218  0.000000  0.216832  0.206083  0.067422
4510  0.000000  0.770682  0.000000  0.216649  0.205891  0.067421
4511  0.000000  0.770146  0.000000  0.216467  0.205699  0.067421
4512  0.000000  0.769609  0.000000  0.216284  0.205508  0.067420
4513  0.000000  0.769072  0.000000  0.216102  0.205316  0.067420
4514  0.000000  0.768535  0.000000  0.215920  0.205124  0.067420
4515  0.000000  0.767998  0.000000  0.215737  0.204932  0.067419
4516  0.000000  0.767460  0.000000  0.215555  0.204741  0.067419
4517  0.000000  0.766922  0.000000  0.215373  0.204549  0.067419
4518  0.000000  0.766384  0.000000  0.215191  0.204358  0.067418
4519  0.000000  0.765846  0.000000  0.215009  0.204166  0.067418
4520  0.000000  0.765308  0.000000  0.214827  0.203975  0.067418
4521  0.000000  0.764769  0.000000  0.214646  0.203783  0.067417
4522  0.000000  0.764230  0.000000  0.214464  0.203592  0.067417
4523  0.000000  0.763690  0.000000  0.214282  0.203401  0.067417
4524  0.000000  0.763151  0.000000  0.214100  0.203209  0.067416
4525  0.000000  0.762611  0.000000  0.213919  0.203018  0.067416
4526  0.000000  0.762071  0.000000  0.213737  0.202827  0.067416
4527  0.000000  0.761531  0.000000  0.213556  0.202636  0.067416
4528  0.000000  0.760990  0.000000  0.213375  0.202445  0.067416
4529  0.000000  0.760450  0.000000  0.213193  0.202254  0.067415
4530  0.000000  0.759909  0.000000  0.213012  0.202063  0.067415
4531  0.000000  0.759368  0.000000  0.212831  0.201872  0.067415
4532  0.000000  0.758826  0.000000  0.212650  0.201681  0.067415
4533  0.000000  0.758285  0.000000  0.212469  0.201490  0.067415
4534  0.000000  0.757743  0.000000  0.212288  0.201299  0.067415
4535  0.000000  0.757200  0.000000  0.212107  0.201108  0.067415
4536  0.000000  0.756658  0.000000  0.211926  0.200918  0.067415
4537  0.000000  0.756115  0.000000  0.211745  0.200727  0.067414
4538  0.000000  0.755572  0.000000  0.211565  0.200536  0.067414
4539  0.000000  0.755029  0.000000  0.211384  0.200346  0.067414
4540  0.000000  0.754486  0.000000  0.211203  0.200155  0.067414
4541  0.000000  0.753942  0.000000  0.211023  0.199965  0.067414
4542  0.000000  0.753398  0.000000  0.210842  0.199774  0.067414
4543  0.000000  0.752854  0.000000  0.210662  0.199584  0.067414
4544  0.000000  0.752310  0.000000  0.210482  0.199394  0.067415
4545  0.000000  0.751765  0.000000  0.210301  0.199203  0.067415
4546  0.000000  0.751221  0.000000  0.210121  0.199013  0.067415
4547  0.000000  0.750676  0.000000  0.209941  0.198823  0.067415
4548  0.000000  0.750130  0.000000  0.209761  0.198633  0.067415
4549  0.000000  0.749585  0.000000  0.209581  0.198443  0.067415
4550  0.000000  0.749039  0.000000  0.209401  0.198252  0.067415
4551  0.000000  0.748493  0.000000  0.209221  0.198062  0.067415
4552  0.000000  0.747947  0.000000  0.209042  0.197872  0.067416
4553  0.000000  0.747400  0.000000  0.208862  0.197682  0.067416
4554  0.000000  0.746853  0.000000  0.208682  0.197493  0.067416
4555  0.000000  0.746306  0.000000  0.208503  0.197303  0.067416
4556  0.000000  0.745759  0.000000  0.208323  0.197113  0.067416
4557  0.000000  0.745211  0.000000  0.208144  0.196923  0.067417
4558  0.000000  0.744664  0.000000  0.207964  0.196733  0.067417
4559  0.000000  0.744116  0.000000  0.207785  0.196544  0.067417
4560  0.000000  0.743567  0.000000  0.207606  0.196354  0.067418
4561  0.000000  0.743019  0.000000  0.207426  0.196165  0.067418
4562  0.000000  0.742470  0.000000  0.207247  0.195975  0.067418
4563  0.000000  0.741921  0.000000  0.207068  0.195785  0.067419
4564  0.000000  0.741372  0.000000  0.206889  0.195596  0.067419
4565  0.000000  0.740822  0.000000  0.206710  0.195407  0.067419
4566  0.000000  0.740273  0.000000  0.206531  0.195217  0.067420
4567  0.000000  0.739723  0.000000  0.206353  0.195028  0.067420
4568  0.000000  0.739172  0.000000  0.206174  0.194839  0.067421
4569  0.000000  0.738622  0.000000  0.205995  0.194649  0.067421
4570  0.000000  0.738071  0.000000  0.205817  0.194460  0.067421
4571  0.000000  0.737520  0.000000  0.205638  0.194271  0.067422
4572  0.000000  0.736969  0.000000  0.205460  0.194082  0.067422
4573  0.000000  0.736418  0.000000  0.205281  0.193893  0.067423
4574  0.000000  0.735866  0.000000  0.205103  0.193704  0.067424
4575  0.000000  0.735314  0.000000  0.204925  0.193515  0.067424
4576  0.000000  0.734762  0.000000  0.204746  0.193326  0.067425
4577  0.000000  0.734209  0.000000  0.204568  0.193137  0.067425
4578  0.000000  0.733657  0.000000  0.204390  0.192948  0.067426
4579  0.000000  0.733104  0.000000  0.204212  0.192760  0.067426
4580  0.000000  0.732550  0.000000  0.204034  0.192571  0.067427
4581  0.000000  0.731997  0.000000  0.203856  0.192382  0.067428
4582  0.000000  0.731443  0.000000  0.203678  0.192194  0.067428
4583  0.000000  0.730889  0.000000  0.203501  0.192005  0.067429
4584  0.000000  0.730335  0.000000  0.203323  0.191816  0.067430
4585  0.000000  0.729781  0.000000  0.203145  0.191628  0.067430
4586  0.000000  0.729226  0.000000  0.202968  0.191439  0.067431
4587  0.000000  0.728671  0.000000  0.202790  0.191251  0.067432
4588  0.000000  0.728116  0.000000  0.202613  0.191063  0.067433
4589  0.000000  0.727560  0.000000  0.202436  0.190874  0.067433
4590  0.000000  0.727005  0.000000  0.202258  0.190686  0.067434
4591  0.000000  0.726449  0.000000  0.202081  0.190498  0.067435
4592  0.000000  0.725892  0.000000  0.201904  0.190309  0.067436
4593  0.000000  0.725336  0.000000  0.201727  0.190121  0.067437
4594  0.000000  0.724779  0.000000  0.201550  0.189933  0.067438
4595  0.000000  0.724222  0.000000  0.201373  0.189745  0.067438
4596  0.000000  0.723665  0.000000  0.201196  0.189557  0.067439
4597  0.000000  0.723108  0.000000  0.201019  0.189369  0.067440
4598  0.000000  0.722550  0.000000  0.200843  0.189181  0.067441
4599  0.000000  0.721992  0.000000  0.200666  0.188993  0.067442
4600  0.000000  0.721434  0.000000  0.200489  0.188805  0.067443
4601  0.000000  0.720875  0.000000  0.200313  0.188618  0.067444
4602  0.000000  0.720317  0.000000  0.200136  0.188430  0.067445
4603  0.000000  0.719758  0.000000  0.199960  0.188242  0.067446
4604  0.000000  0.719198  0.000000  0.199784  0.188054  0.067447
4605  0.000000  0.718639  0.000000  0.199607  0.187867  0.067448
4606  0.000000  0.718079  0.000000  0.199431  0.187679  0.067449
4607  0.000000  0.717519  0.000000  0.199255  0.187492  0.067450
4608  0.000000  0.716959  0.000000  0.199079  0.187304  0.067451
4609  0.000000  0.716399  0.000000  0.198903  0.187117  0.067452
4610  0.000000  0.715838  0.000000  0.198727  0.186929  0.067454
4611  0.000000  0.715277  0.000000  0.198551  0.186742  0.067455
4612  0.000000  0.714716  0.000000  0.198376  0.186554  0.067456
4613  0.000000  0.714154  0.000000  0.198200  0.186367  0.067457
4614  0.000000  0.713592  0.000000  0.198024  0.186180  0.067458
4615  0.000000  0.713030  0.000000  0.197849  0.185993  0.067459
4616  0.000000  0.712468  0.000000  0.197673  0.185806  0.067461
4617  0.000000  0.711905  0.000000  0.197498  0.185618  0.067462
4618  0.000000  0.711343  0.000000  0.197322  0.185431  0.067463
4619  0.000000  0.710780  0.000000  0.197147  0.185244  0.067464
4620  0.000000  0.710216  0.000000  0.196972  0.185057  0.067466
4621  0.000000  0.709653  0.000000  0.196796  0.184870  0.067467
4622  0.000000  0.709089  0.000000  0.196621  0.184683  0.067468
4623  0.000000  0.708525  0.000000  0.196446  0.184497  0.067470
4624  0.000000  0.707961  0.000000  0.196271  0.184310  0.067471
4625  0.000000  0.707396  0.000000  0.196096  0.184123  0.067472
4626  0.000000  0.706831  0.000000  0.195922  0.183936  0.067474
4627  0.000000  0.706266  0.000000  0.195747  0.183750  0.067475
4628  0.000000  0.705701  0.000000  0.195572  0.183563  0.067477
4629  0.000000  0.705135  0.000000  0.195398  0.183376  0.067478
4630  0.000000  0.704569  0.000000  0.195223  0.183190  0.067480
4631  0.000000  0.704003  0.000000  0.195048  0.183003  0.067481
4632  0.000000  0.703437  0.000000  0.194874  0.182817  0.067483
4633  0.000000  0.702870  0.000000  0.194700  0.182630  0.067484
4634  0.000000  0.702303  0.000000  0.194525  0.182444  0.067486
4635  0.000000  0.701736  0.000000  0.194351  0.182258  0.067487
4636  0.000000  0.701168  0.000000  0.194177  0.182071  0.067489
4637  0.000000  0.700601  0.000000  0.194003  0.181885  0.067490
4638  0.000000  0.700033  0.000000  0.193829  0.181699  0.067492
4639  0.000000  0.699465  0.000000  0.193655  0.181513  0.067494
4640  0.000000  0.698896  0.000000  0.193481  0.181327  0.067495
4641  0.000000  0.698327  0.000000  0.193307  0.181141  0.067497
4642  0.000000  0.697758  0.000000  0.193134  0.180954  0.067498
4643  0.000000  0.697189  0.000000  0.192960  0.180769  0.067500
4644  0.000000  0.696620  0.000000  0.192786  0.180583  0.067502
4645  0.000000  0.696050  0.000000  0.192613  0.180397  0.067504
4646  0.000000  0.695480  0.000000  0.192439  0.180211  0.067505
4647  0.000000  0.694910  0.000000  0.192266  0.180025  0.067507
4648  0.000000  0.694339  0.000000  0.192093  0.179839  0.067509
4649  0.000000  0.693768  0.000000  0.191919  0.179653  0.067511
4650  0.000000  0.693197  0.000000  0.191746  0.179468  0.067512
4651  0.000000  0.692626  0.000000  0.191573  0.179282  0.067514
4652  0.000000  0.692054  0.000000  0.191400  0.179096  0.067516
4653  0.000000  0.691482  0.000000  0.191227  0.178911  0.067518
4654  0.000000  0.690910  0.000000  0.191054  0.178725  0.067520
4655  0.000000  0.690338  0.000000  0.190881  0.178540  0.067522
4656  0.000000  0.689765  0.000000  0.190709  0.178354  0.067524
4657  0.000000  0.689192  0.000000  0.190536  0.178169  0.067526
4658  0.000000  0.688619  0.000000  0.190363  0.177984  0.067528
4659  0.000000  0.688045  0.000000  0.190191  0.177798  0.067530
4660  0.000000  0.687472  0.000000  0.190018  0.177613  0.067532
4661  0.000000  0.686898  0.000000  0.189846  0.177428  0.067534
4662  0.000000  0.686323  0.000000  0.189673  0.177243  0.067536
4663  0.000000  0.685749  0.000000  0.189501  0.177057  0.067538
4664  0.000000  0.685174  0.000000  0.189329  0.176872  0.067540
4665  0.000000  0.684599  0.000000  0.189157  0.176687  0.067542
4666  0.000000  0.684024  0.000000  0.188985  0.176502  0.067544
4667  0.000000  0.683448  0.000000  0.188813  0.176317  0.067546
4668  0.000000  0.682872  0.000000  0.188641  0.176132  0.067548
4669  0.000000  0.682296  0.000000  0.188469  0.175947  0.067550
4670  0.000000  0.681720  0.000000  0.188297  0.175763  0.067552
4671  0.000000  0.681143  0.000000  0.188125  0.175578  0.067555
4672  0.000000  0.680566  0.000000  0.187954  0.175393  0.067557
4673  0.000000  0.679989  0.000000  0.187782  0.175208  0.067559
4674  0.000000  0.679411  0.000000  0.187611  0.175024  0.067561
4675  0.000000  0.678834  0.000000  0.187439  0.174839  0.067563
4676  0.000000  0.678256  0.000000  0.187268  0.174654  0.067566
4677  0.000000  0.677677  0.000000  0.187097  0.174470  0.067568
4678  0.000000  0.677099  0.000000  0.186925  0.174285  0.067570
4679  0.000000  0.676520  0.000000  0.186754  0.174101  0.067573
4680  0.000000  0.675941  0.000000  0.186583  0.173916  0.067575
4681  0.000000  0.675362  0.000000  0.186412  0.173732  0.067577
4682  0.000000  0.674782  0.000000  0.186241  0.173548  0.067580
4683  0.000000  0.674202  0.000000  0.186070  0.173363  0.067582
4684  0.000000  0.673622  0.000000  0.185900  0.173179  0.067585
4685  0.000000  0.673041  0.000000  0.185729  0.172995  0.067587
4686  0.000000  0.672461  0.000000  0.185558  0.172811  0.067589
4687  0.000000  0.671880  0.000000  0.185388  0.172626  0.067592
4688  0.000000  0.671298  0.000000  0.185217  0.172442  0.067594
4689  0.000000  0.670717  0.000000  0.185047  0.172258  0.067597
4690  0.000000  0.670135  0.000000  0.184876  0.172074  0.067599
4691  0.000000  0.669553  0.000000  0.184706  0.171890  0.067602
4692  0.000000  0.668971  0.000000  0.184536  0.171706  0.067605
4693  0.000000  0.668388  0.000000  0.184366  0.171522  0.067607
4694  0.000000  0.667805  0.000000  0.184196  0.171339  0.067610
4695  0.000000  0.667222  0.000000  0.184026  0.171155  0.067612
4696  0.000000  0.666638  0.000000  0.183856  0.170971  0.067615
4697  0.000000  0.666055  0.000000  0.183686  0.170787  0.067618
4698  0.000000  0.665471  0.000000  0.183516  0.170604  0.067620
4699  0.000000  0.664886  0.000000  0.183346  0.170420  0.067623
4700  0.000000  0.664302  0.000000  0.183177  0.170236  0.067626
4701  0.000000  0.663717  0.000000  0.183007  0.170053  0.067629
4702  0.000000  0.663132  0.000000  0.182837  0.169869  0.067631
4703  0.000000  0.662546  0.000000  0.182668  0.169686  0.067634
4704  0.000000  0.661961  0.000000  0.182499  0.169502  0.067637
4705  0.000000  0.661375  0.000000  0.182329  0.169319  0.067640
4706  0.000000  0.660788  0.000000  0.182160  0.169136  0.067642
4707  0.000000  0.660202  0.000000  0.181991  0.168952  0.067645
4708  0.000000  0.659615  0.000000  0.181822  0.168769  0.067648
4709  0.000000  0.659028  0.000000  0.181653  0.168586  0.067651
4710  0.000000  0.658441  0.000000  0.181484  0.168402  0.067654
4711  0.000000  0.657853  0.000000  0.181315  0.168219  0.067657
4712  0.000000  0.657265  0.000000  0.181146  0.168036  0.067660
4713  0.000000  0.656677  0.000000  0.180978  0.167853  0.067663
4714  0.000000  0.656089  0.000000  0.180809  0.167670  0.067666
4715  0.000000  0.655500  0.000000  0.180640  0.167487  0.067669
4716  0.000000  0.654911  0.000000  0.180472  0.167304  0.067672
4717  0.000000  0.654321  0.000000  0.180304  0.167121  0.067675
4718  0.000000  0.653732  0.000000  0.180135  0.166938  0.067678
4719  0.000000  0.653142  0.000000  0.179967  0.166756  0.067681
4720  0.000000  0.652552  0.000000  0.179799  0.166573  0.067684
4721  0.000000  0.651961  0.000000  0.179631  0.166390  0.067687
4722  0.000000  0.651371  0.000000  0.179463  0.166207  0.067690
4723  0.000000  0.650779  0.000000  0.179295  0.166025  0.067693
4724  0.000000  0.650188  0.000000  0.179127  0.165842  0.067696
4725  0.000000  0.649597  0.000000  0.178959  0.165659  0.067700
4726  0.000000  0.649005  0.000000  0.178791  0.165477  0.067703
4727  0.000000  0.648413  0.000000  0.178623  0.165294  0.067706
4728  0.000000  0.647820  0.000000  0.178456  0.165112  0.067709
4729  0.000000  0.647227  0.000000  0.178288  0.164929  0.067713
4730  0.000000  0.646634  0.000000  0.178121  0.164747  0.067716
4731  0.000000  0.646041  0.000000  0.177953  0.164565  0.067719
4732  0.000000  0.645447  0.000000  0.177786  0.164382  0.067722
4733  0.000000  0.644854  0.000000  0.177619  0.164200  0.067726
4734  0.000000  0.644259  0.000000  0.177452  0.164018  0.067729
4735  0.000000  0.643665  0.000000  0.177285  0.163836  0.067733
4736  0.000000  0.643070  0.000000  0.177118  0.163654  0.067736
4737  0.000000  0.642475  0.000000  0.176951  0.163472  0.067739
4738  0.000000  0.641880  0.000000  0.176784  0.163289  0.067743
4739  0.000000  0.641284  0.000000  0.176617  0.163107  0.067746
4740  0.000000  0.640688  0.000000  0.176450  0.162925  0.067750
4741  0.000000  0.640092  0.000000  0.176284  0.162744  0.067753
4742  0.000000  0.639496  0.000000  0.176117  0.162562  0.067757
4743  0.000000  0.638899  0.000000  0.175951  0.162380  0.067760
4744  0.000000  0.638302  0.000000  0.175784  0.162198  0.067764
4745  0.000000  0.637704  0.000000  0.175618  0.162016  0.067767
4746  0.000000  0.637107  0.000000  0.175452  0.161834  0.067771
4747  0.000000  0.636509  0.000000  0.175285  0.161653  0.067774
4748  0.000000  0.635910  0.000000  0.175119  0.161471  0.067778
4749  0.000000  0.635312  0.000000  0.174953  0.161289  0.067782
4750  0.000000  0.634713  0.000000  0.174787  0.161108  0.067785
4751  0.000000  0.634114  0.000000  0.174621  0.160926  0.067789
4752  0.000000  0.633514  0.000000  0.174456  0.160745  0.067793
4753  0.000000  0.632915  0.000000  0.174290  0.160563  0.067796
4754  0.000000  0.632315  0.000000  0.174124  0.160382  0.067800
4755  0.000000  0.631714  0.000000  0.173959  0.160201  0.067804
4756  0.000000  0.631114  0.000000  0.173793  0.160019  0.067808
4757  0.000000  0.630513  0.000000  0.173628  0.159838  0.067812
4758  0.000000  0.629912  0.000000  0.173462  0.159657  0.067815
4759  0.000000  0.629310  0.000000  0.173297  0.159475  0.067819
4760  0.000000  0.628708  0.000000  0.173132  0.159294  0.067823
4761  0.000000  0.628106  0.000000  0.172967  0.159113  0.067827
4762  0.000000  0.627504  0.000000  0.172802  0.158932  0.067831
4763  0.000000  0.626901  0.000000  0.172637  0.158751  0.067835
4764  0.000000  0.626298  0.000000  0.172472  0.158570  0.067839
4765  0.000000  0.625695  0.000000  0.172307  0.158389  0.067843
4766  0.000000  0.625091  0.000000  0.172142  0.158208  0.067847
4767  0.000000  0.624487  0.000000  0.171978  0.158027  0.067851
4768  0.000000  0.623883  0.000000  0.171813  0.157846  0.067855
4769  0.000000  0.623279  0.000000  0.171648  0.157665  0.067859
4770  0.000000  0.622674  0.000000  0.171484  0.157485  0.067863
4771  0.000000  0.622069  0.000000  0.171320  0.157304  0.067867
4772  0.000000  0.621463  0.000000  0.171155  0.157123  0.067871
4773  0.000000  0.620857  0.000000  0.170991  0.156942  0.067875
4774  0.000000  0.620251  0.000000  0.170827  0.156762  0.067879
4775  0.000000  0.619645  0.000000  0.170663  0.156581  0.067883
4776  0.000000  0.619038  0.000000  0.170499  0.156401  0.067887
4777  0.000000  0.618431  0.000000  0.170335  0.156220  0.067892
4778  0.000000  0.617824  0.000000  0.170171  0.156040  0.067896
4779  0.000000  0.617217  0.000000  0.170007  0.155859  0.067900
4780  0.000000  0.616609  0.000000  0.169844  0.155679  0.067904
4781  0.000000  0.616000  0.000000  0.169680  0.155498  0.067909
4782  0.000000  0.615392  0.000000  0.169517  0.155318  0.067913
4783  0.000000  0.614783  0.000000  0.169353  0.155138  0.067917
4784  0.000000  0.614174  0.000000  0.169190  0.154958  0.067922
4785  0.000000  0.613565  0.000000  0.169027  0.154777  0.067926
4786  0.000000  0.612955  0.000000  0.168863  0.154597  0.067930
4787  0.000000  0.612345  0.000000  0.168700  0.154417  0.067935
4788  0.000000  0.611734  0.000000  0.168537  0.154237  0.067939
4789  0.000000  0.611124  0.000000  0.168374  0.154057  0.067944
4790  0.000000  0.610513  0.000000  0.168211  0.153877  0.067948
4791  0.000000  0.609902  0.000000  0.168049  0.153697  0.067953
4792  0.000000  0.609290  0.000000  0.167886  0.153517  0.067957
4793  0.000000  0.608678  0.000000  0.167723  0.153337  0.067962
4794  0.000000  0.608066  0.000000  0.167561  0.153157  0.067966
4795  0.000000  0.607453  0.000000  0.167398  0.152978  0.067971
4796  0.000000  0.606840  0.000000  0.167236  0.152798  0.067975
4797  0.000000  0.606227  0.000000  0.167073  0.152618  0.067980
4798  0.000000  0.605614  0.000000  0.166911  0.152438  0.067984
4799  0.000000  0.605000  0.000000  0.166749  0.152259  0.067989
4800  0.000000  0.604386  0.000000  0.166587  0.152079  0.067994
4801  0.000000  0.603771  0.000000  0.166425  0.151899  0.067998
4802  0.000000  0.603156  0.000000  0.166263  0.151720  0.068003
4803  0.000000  0.602541  0.000000  0.166101  0.151540  0.068008
4804  0.000000  0.601926  0.000000  0.165939  0.151361  0.068013
4805  0.000000  0.601310  0.000000  0.165778  0.151182  0.068017
4806  0.000000  0.600694  0.000000  0.165616  0.151002  0.068022
4807  0.000000  0.600078  0.000000  0.165454  0.150823  0.068027
4808  0.000000  0.599461  0.000000  0.165293  0.150643  0.068032
4809  0.000000  0.598844  0.000000  0.165132  0.150464  0.068037
4810  0.000000  0.598227  0.000000  0.164970  0.150285  0.068041
4811  0.000000  0.597609  0.000000  0.164809  0.150106  0.068046
4812  0.000000  0.596991  0.000000  0.164648  0.149927  0.068051
4813  0.000000  0.596373  0.000000  0.164487  0.149748  0.068056
4814  0.000000  0.595754  0.000000  0.164326  0.149568  0.068061
4815  0.000000  0.595135  0.000000  0.164165  0.149389  0.068066
4816  0.000000  0.594516  0.000000  0.164004  0.149210  0.068071
4817  0.000000  0.593896  0.000000  0.163844  0.149031  0.068076
4818  0.000000  0.593276  0.000000  0.163683  0.148852  0.068081
4819  0.000000  0.592656  0.000000  0.163522  0.148674  0.068086
4820  0.000000  0.592035  0.000000  0.163362  0.148495  0.068091
4821  0.000000  0.591414  0.000000  0.163201  0.148316  0.068096
4822  0.000000  0.590793  0.000000  0.163041  0.148137  0.068101
4823  0.000000  0.590171  0.000000  0.162881  0.147958  0.068107
4824  0.000000  0.589549  0.000000  0.162721  0.147780  0.068112
4825  0.000000  0.588927  0.000000  0.162561  0.147601  0.068117
4826  0.000000  0.588304  0.000000  0.162401  0.147422  0.068122
4827  0.000000  0.587682  0.000000  0.162241  0.147244  0.068127
4828  0.000000  0.587058  0.000000  0.162081  0.147065  0.068133
4829  0.000000  0.586435  0.000000  0.161921  0.146887  0.068138
4830  0.000000  0.585811  0.000000  0.161762  0.146708  0.068143
4831  0.000000  0.585186  0.000000  0.161602  0.146530  0.068148
4832  0.000000  0.584562  0.000000  0.161442  0.146351  0.068154
4833  0.000000  0.583937  0.000000  0.161283  0.146173  0.068159
4834  0.000000  0.583311  0.000000  0.161124  0.145995  0.068165
4835  0.000000  0.582686  0.000000  0.160965  0.145816  0.068170
4836  0.000000  0.582060  0.000000  0.160805  0.145638  0.068175
4837  0.000000  0.581434  0.000000  0.160646  0.145460  0.068181
4838  0.000000  0.580807  0.000000  0.160487  0.145282  0.068186
4839  0.000000  0.580180  0.000000  0.160328  0.145104  0.068192
4840  0.000000  0.579553  0.000000  0.160170  0.144926  0.068197
4841  0.000000  0.578925  0.000000  0.160011  0.144748  0.068203
4842  0.000000  0.578297  0.000000  0.159852  0.144569  0.068208
4843  0.000000  0.577668  0.000000  0.159694  0.144391  0.068214
4844  0.000000  0.577040  0.000000  0.159535  0.144214  0.068219
4845  0.000000  0.576411  0.000000  0.159377  0.144036  0.068225
4846  0.000000  0.575781  0.000000  0.159218  0.143858  0.068231
4847  0.000000  0.575151  0.000000  0.159060  0.143680  0.068236
4848  0.000000  0.574521  0.000000  0.158902  0.143502  0.068242
4849  0.000000  0.573891  0.000000  0.158744  0.143324  0.068248
4850  0.000000  0.573260  0.000000  0.158586  0.143147  0.068253
4851  0.000000  0.572629  0.000000  0.158428  0.142969  0.068259
4852  0.000000  0.571997  0.000000  0.158270  0.142791  0.068265
4853  0.000000  0.571366  0.000000  0.158112  0.142614  0.068271
4854  0.000000  0.570733  0.000000  0.157955  0.142436  0.068276
4855  0.000000  0.570101  0.000000  0.157797  0.142259  0.068282
4856  0.000000  0.569468  0.000000  0.157640  0.142081  0.068288
4857  0.000000  0.568835  0.000000  0.157482  0.141904  0.068294
4858  0.000000  0.568201  0.000000  0.157325  0.141726  0.068300
4859  0.000000  0.567567  0.000000  0.157168  0.141549  0.068306
4860  0.000000  0.566933  0.000000  0.157011  0.141371  0.068312
4861  0.000000  0.566298  0.000000  0.156854  0.141194  0.068318
4862  0.000000  0.565663  0.000000  0.156697  0.141017  0.068324
4863  0.000000  0.565028  0.000000  0.156540  0.140840  0.068330
4864  0.000000  0.564392  0.000000  0.156383  0.140662  0.068336
4865  0.000000  0.563756  0.000000  0.156226  0.140485  0.068342
4866  0.000000  0.563119  0.000000  0.156070  0.140308  0.068348
4867  0.000000  0.562482  0.000000  0.155913  0.140131  0.068354
4868  0.000000  0.561845  0.000000  0.155757  0.139954  0.068360
4869  0.000000  0.561208  0.000000  0.155600  0.139777  0.068366
4870  0.000000  0.560570  0.000000  0.155444  0.139600  0.068372
4871  0.000000  0.559931  0.000000  0.155288  0.139423  0.068378
4872  0.000000  0.559293  0.000000  0.155132  0.139246  0.068384
4873  0.000000  0.558654  0.000000  0.154976  0.139069  0.068391
4874  0.000000  0.558014  0.000000  0.154820  0.138892  0.068397
4875  0.000000  0.557374  0.000000  0.154664  0.138716  0.068403
4876  0.000000  0.556734  0.000000  0.154508  0.138539  0.068409
4877  0.000000  0.556094  0.000000  0.154353  0.138362  0.068416
4878  0.000000  0.555453  0.000000  0.154197  0.138185  0.068422
4879  0.000000  0.554812  0.000000  0.154042  0.138009  0.068428
4880  0.000000  0.554170  0.000000  0.153886  0.137832  0.068435
4881  0.000000  0.553528  0.000000  0.153731  0.137655  0.068441
4882  0.000000  0.552886  0.000000  0.153576  0.137479  0.068448
4883  0.000000  0.552243  0.000000  0.153421  0.137302  0.068454
4884  0.000000  0.551600  0.000000  0.153266  0.137126  0.068460
4885  0.000000  0.550956  0.000000  0.153111  0.136950  0.068467
4886  0.000000  0.550312  0.000000  0.152956  0.136773  0.068473
4887  0.000000  0.549668  0.000000  0.152801  0.136597  0.068480
4888  0.000000  0.549023  0.000000  0.152646  0.136420  0.068487
4889  0.000000  0.548378  0.000000  0.152492  0.136244  0.068493
4890  0.000000  0.547733  0.000000  0.152337  0.136068  0.068500
4891  0.000000  0.547087  0.000000  0.152183  0.135892  0.068506
4892  0.000000  0.546441  0.000000  0.152029  0.135715  0.068513
4893  0.000000  0.545794  0.000000  0.151874  0.135539  0.068520
4894  0.000000  0.545148  0.000000  0.151720  0.135363  0.068526
4895  0.000000  0.544500  0.000000  0.151566  0.135187  0.068533
4896  0.000000  0.543852  0.000000  0.151412  0.135011  0.068540
4897  0.000000  0.543204  0.000000  0.151258  0.134835  0.068546
4898  0.000000  0.542556  0.000000  0.151105  0.134659  0.068553
4899  0.000000  0.541907  0.000000  0.150951  0.134483  0.068560
4900  0.000000  0.541258  0.000000  0.150797  0.134307  0.068567
4901  0.000000  0.540608  0.000000  0.150644  0.134131  0.068574
4902  0.000000  0.539958  0.000000  0.150491  0.133956  0.068581
4903  0.000000  0.539308  0.000000  0.150337  0.133780  0.068587
4904  0.000000  0.538657  0.000000  0.150184  0.133604  0.068594
4905  0.000000  0.538006  0.000000  0.150031  0.133428  0.068601
4906  0.000000  0.537354  0.000000  0.149878  0.133253  0.068608
4907  0.000000  0.536702  0.000000  0.149725  0.133077  0.068615
4908  0.000000  0.536049  0.000000  0.149572  0.132901  0.068622
4909  0.000000  0.535397  0.000000  0.149419  0.132726  0.068629
4910  0.000000  0.534743  0.000000  0.149267  0.132550  0.068636
4911  0.000000  0.534090  0.000000  0.149114  0.132375  0.068643
4912  0.000000  0.533436  0.000000  0.148962  0.132199  0.068650
4913  0.000000  0.532781  0.000000  0.148809  0.132024  0.068658
4914  0.000000  0.532127  0.000000  0.148657  0.131849  0.068665
4915  0.000000  0.531471  0.000000  0.148505  0.131673  0.068672
4916  0.000000  0.530816  0.000000  0.148353  0.131498  0.068679
4917  0.000000  0.530160  0.000000  0.148201  0.131323  0.068686
4918  0.000000  0.529503  0.000000  0.148049  0.131147  0.068693
4919  0.000000  0.528846  0.000000  0.147897  0.130972  0.068701
4920  0.000000  0.528189  0.000000  0.147745  0.130797  0.068708
4921  0.000000  0.527531  0.000000  0.147594  0.130622  0.068715
4922  0.000000  0.526873  0.000000  0.147442  0.130447  0.068723
4923  0.000000  0.526215  0.000000  0.147291  0.130272  0.068730
4924  0.000000  0.525556  0.000000  0.147139  0.130097  0.068737
4925  0.000000  0.524897  0.000000  0.146988  0.129922  0.068745
4926  0.000000  0.524237  0.000000  0.146837  0.129747  0.068752
4927  0.000000  0.523577  0.000000  0.146686  0.129572  0.068760
4928  0.000000  0.522916  0.000000  0.146535  0.129397  0.068767
4929  0.000000  0.522255  0.000000  0.146384  0.129222  0.068774
4930  0.000000  0.521594  0.000000  0.146233  0.129047  0.068782
4931  0.000000  0.520932  0.000000  0.146082  0.128872  0.068790
4932  0.000000  0.520269  0.000000  0.145932  0.128698  0.068797
4933  0.000000  0.519607  0.000000  0.145781  0.128523  0.068805
4934  0.000000  0.518944  0.000000  0.145631  0.128348  0.068812
4935  0.000000  0.518280  0.000000  0.145481  0.128174  0.068820
4936  0.000000  0.517616  0.000000  0.145330  0.127999  0.068827
4937  0.000000  0.516952  0.000000  0.145180  0.127824  0.068835
4938  0.000000  0.516287  0.000000  0.145030  0.127650  0.068843
4939  0.000000  0.515622  0.000000  0.144880  0.127475  0.068851
4940  0.000000  0.514956  0.000000  0.144731  0.127301  0.068858
4941  0.000000  0.514290  0.000000  0.144581  0.127126  0.068866
4942  0.000000  0.513623  0.000000  0.144431  0.126952  0.068874
4943  0.000000  0.512956  0.000000  0.144282  0.126778  0.068882
4944  0.000000  0.512289  0.000000  0.144132  0.126603  0.068890
4945  0.000000  0.511621  0.000000  0.143983  0.126429  0.068897
4946  0.000000  0.510953  0.000000  0.143834  0.126255  0.068905
4947  0.000000  0.510284  0.000000  0.143685  0.126080  0.068913
4948  0.000000  0.509615  0.000000  0.143536  0.125906  0.068921
4949  0.000000  0.508945  0.000000  0.143387  0.125732  0.068929
4950  0.000000  0.508275  0.000000  0.143238  0.125558  0.068937
4951  0.000000  0.507605  0.000000  0.143089  0.125384  0.068945
4952  0.000000  0.506934  0.000000  0.142941  0.125210  0.068953
4953  0.000000  0.506262  0.000000  0.142792  0.125036  0.068961
4954  0.000000  0.505590  0.000000  0.142644  0.124862  0.068969
4955  0.000000  0.504918  0.000000  0.142495  0.124688  0.068977
4956  0.000000  0.504245  0.000000  0.142347  0.124514  0.068985
4957  0.000000  0.503572  0.000000  0.142199  0.124340  0.068994
4958  0.000000  0.502898  0.000000  0.142051  0.124166  0.069002
4959  0.000000  0.502224  0.000000  0.141903  0.123992  0.069010
4960  0.000000  0.501550  0.000000  0.141755  0.123819  0.069018
4961  0.000000  0.500875  0.000000  0.141608  0.123645  0.069026
4962  0.000000  0.500199  0.000000  0.141460  0.123471  0.069035
4963  0.000000  0.499523  0.000000  0.141312  0.123298  0.069043
4964  0.000000  0.498847  0.000000  0.141165  0.123124  0.069051
4965  0.000000  0.498170  0.000000  0.141018  0.122950  0.069060
4966  0.000000  0.497493  0.000000  0.140871  0.122777  0.069068
4967  0.000000  0.496815  0.000000  0.140723  0.122603  0.069076
4968  0.000000  0.496137  0.000000  0.140576  0.122430  0.069085
4969  0.000000  0.495458  0.000000  0.140430  0.122256  0.069093
4970  0.000000  0.494779  0.000000  0.140283  0.122083  0.069102
4971  0.000000  0.494099  0.000000  0.140136  0.121909  0.069110
4972  0.000000  0.493419  0.000000  0.139989  0.121736  0.069119
4973  0.000000  0.492738  0.000000  0.139843  0.121563  0.069127
4974  0.000000  0.492057  0.000000  0.139697  0.121389  0.069136
4975  0.000000  0.491376  0.000000  0.139550  0.121216  0.069144
4976  0.000000  0.490694  0.000000  0.139404  0.121043  0.069153
4977  0.000000  0.490011  0.000000  0.139258  0.120870  0.069161
4978  0.000000  0.489328  0.000000  0.139112  0.120697  0.069170
4979  0.000000  0.488645  0.000000  0.138966  0.120523  0.069179
4980  0.000000  0.487961  0.000000  0.138820  0.120350  0.069187
4981  0.000000  0.487276  0.000000  0.138675  0.120177  0.069196
4982  0.000000  0.486591  0.000000  0.138529  0.120004  0.069205
4983  0.000000  0.485906  0.000000  0.138384  0.119831  0.069214
4984  0.000000  0.485220  0.000000  0.138239  0.119658  0.069223
4985  0.000000  0.484534  0.000000  0.138093  0.119485  0.069231
4986  0.000000  0.483847  0.000000  0.137948  0.119313  0.069240
4987  0.000000  0.483160  0.000000  0.137803  0.119140  0.069249
4988  0.000000  0.482472  0.000000  0.137658  0.118967  0.069258
4989  0.000000  0.481783  0.000000  0.137513  0.118794  0.069267
4990  0.000000  0.481095  0.000000  0.137369  0.118621  0.069276
4991  0.000000  0.480405  0.000000  0.137224  0.118449  0.069285
4992  0.000000  0.479715  0.000000  0.137080  0.118276  0.069294
4993  0.000000  0.479025  0.000000  0.136935  0.118103  0.069303
4994  0.000000  0.478334  0.000000  0.136791  0.117931  0.069312
4995  0.000000  0.477643  0.000000  0.136647  0.117758  0.069321
4996  0.000000  0.476951  0.000000  0.136503  0.117586  0.069330
4997  0.000000  0.476259  0.000000  0.136359  0.117413  0.069339
4998  0.000000  0.475566  0.000000  0.136215  0.117241  0.069348
4999  0.000000  0.474873  0.000000  0.136071  0.117068  0.069358
5000  0.000000  0.000000  0.000000  3.179740  2.397042  -2.089244
5001  0.000000  0.000000  0.000000  3.176745  2.397392  -2.084280
5002  0.000000  0.000000  0.000000  3.173757  2.397736  -2.079325
5003  0.000000  0.000000  0.000000  3.170776  2.398076  -2.074380
5004  0.000000  0.000000  0.000000  3.167802  2.398411  -2.069444
5005  0.000000  0.000000  0.000000  3.164836  2.398740  -2.064518
5006  0.000000  0.000000  0.000000  3.161877  2.399064  -2.059601
5007  0.000000  0.000000  0.000000  3.158925  2.399384  -2.054693
5008  0.000000  0.000000  0.000000  3.155980  2.399698  -2.049795
5009  0.000000  0.000000  0.000000  3.153042  2.400007  -2.044907
5010  0.000000  0.000000  0.000000  3.150112  2.400311  -2.040027
5011  0.000000  0.000000  0.000000  3.147189  2.400610  -2.035158
5012  0.000000  0.000000  0.000000  3.144272  2.400904  -2.030297
5013  0.000000  0.000000  0.000000  3.141363  2.401194  -2.025446
5014  0.000000  0.000000  0.000000  3.138461  2.401478  -2.020604
5015  0.000000  0.000000  0.000000  3.135566  2.401757  -2.015772
5016  0.000000  0.000000  0.000000  3.132678  2.402031  -2.010949
5017  0.000000  0.000000  0.000000  3.129796  2.402301  -2.006135
5018  0.000000  0.000000  0.000000  3.126922  2.402565  -2.001330
5019  0.000000  0.000000  0.000000  3.124055  2.402825  -1.996535
5020  0.000000  0.000000  0.000000  3.121195  2.403079  -1.991749
5021  0.000000  0.000000  0.000000  3.118341  2.403329  -1.986973
5022  0.000000  0.000000  0.000000  3.115495  2.403574  -1.982206
5023  0.000000  0.000000  0.000000  3.112655  2.403814  -1.977448
5024  0.000000  0.000000  0.000000  3.109822  2.404050  -1.972699
5025  0.000000  0.000000  0.000000  3.106996  2.404280  -1.967959
5026  0.000000  0.000000  0.000000  3.104177  2.404506  -1.963229
5027  0.000000  0.000000  0.000000  3.101365  2.404727  -1.958508
5028  0.000000  0.000000  0.000000  3.098559  2.404943  -1.953796
5029  0.000000  0.000000  0.000000  3.095761  2.405155  -1.949093
5030  0.000000  0.000000  0.000000  3.092968  2.405361  -1.944400
5031  0.000000  0.000000  0.000000  3.090183  2.405563  -1.939716
5032  0.000000  0.000000  0.000000  3.087404  2.405761  -1.935041
5033  0.000000  0.000000  0.000000  3.084632  2.405953  -1.930375
5034  0.000000  0.000000  0.000000  3.081867  2.406141  -1.925718
5035  0.000000  0.000000  0.000000  3.079108  2.406325  -1.921070
5036  0.000000  0.000000  0.000000  3.076356  2.406503  -1.916432
5037  0.000000  0.000000  0.000000  3.073611  2.406677  -1.911802
5038  0.000000  0.000000  0.000000  3.070872  2.406847  -1.907182
5039  0.000000  0.000000  0.000000  3.068140  2.407012  -1.902571
5040  0.000000  0.000000  0.000000  3.065414  2.407172  -1.897969
5041  0.000000  0.000000  0.000000  3.062695  2.407328  -1.893376
5042  0.000000  0.000000  0.000000  3.059982  2.407479  -1.888792
5043  0.000000  0.000000  0.000000  3.057276  2.407625  -1.884217
5044  0.000000  0.000000  0.000000  3.054576  2.407767  -1.879652
5045  0.000000  0.000000  0.000000  3.051883  2.407905  -1.875095
5046  0.000000  0.000000  0.000000  3.049196  2.408038  -1.870547
5047  0.000000  0.000000  0.000000  3.046515  2.408166  -1.866009
5048  0.000000  0.000000  0.000000  3.043841  2.408291  -1.861479
5049  0.000000  0.000000  0.000000  3.041173  2.408410  -1.856958
5050  0.000000  0.000000  0.000000  3.038512  2.408525  -1.852447
5051  0.000000  0.000000  0.000000  3.035857  2.408636  -1.847944
5052  0.000000  0.000000  0.000000  3.033208  2.408742  -1.843451
5053  0.000000  0.000000  0.000000  3.030565  2.408844  -1.838966
5054  0.000000  0.000000  0.000000  3.027929  2.408942  -1.834490
5055  0.000000  0.000000  0.000000  3.025299  2.409035  -1.830024
5056  0.000000  0.000000  0.000000  3.022676  2.409123  -1.825566
5057  0.000000  0.000000  0.000000  3.020058  2.409208  -1.821117
5058  0.000000  0.000000  0.000000  3.017447  2.409288  -1.816677
5059  0.000000  0.000000  0.000000  3.014842  2.409364  -1.812246
5060  0.000000  0.000000  0.000000  3.012243  2.409435  -1.807824
5061  0.000000  0.000000  0.000000  3.009650  2.409502  -1.803411
5062  0.000000  0.000000  0.000000  3.007063  2.409565  -1.799007
5063  0.000000  0.000000  0.000000  3.004483  2.409623  -1.794612
5064  0.000000  0.000000  0.000000  3.001908  2.409678  -1.790225
5065  0.000000  0.000000  0.000000  2.999340  2.409728  -1.785848
5066  0.000000  0.000000  0.000000  2.996777  2.409773  -1.781479
5067  0.000000  0.000000  0.000000  2.994221  2.409815  -1.777119
5068  0.000000  0.000000  0.000000  2.991671  2.409852  -1.772768
5069  0.000000  0.000000  0.000000  2.989126  2.409885  -1.768426
5070  0.000000  0.000000  0.000000  2.986588  2.409914  -1.764092
5071  0.000000  0.000000  0.000000  2.984056  2.409939  -1.759768
5072  0.000000  0.000000  0.000000  2.981529  2.409959  -1.755452
5073  0.000000  0.000000  0.000000  2.979009  2.409976  -1.751145
5074  0.000000  0.000000  0.000000  2.976494  2.409988  -1.746847
5075  0.000000  0.000000  0.000000  2.973985  2.409996  -1.742558
5076  0.000000  0.000000  0.000000  2.971482  2.410000  -1.738277
5077  0.000000  0.000000  0.000000  2.968985  2.410000  -1.734005
5078  0.000000  0.000000  0.000000  2.966494  2.409996  -1.729742
5079  0.000000  0.000000  0.000000  2.964009  2.409987  -1.725488
5080  0.000000  0.000000  0.000000  2.961529  2.409975  -1.721242
5081  0.000000  0.000000  0.000000  2.959055  2.409958  -1.717005
5082  0.000000  0.000000  0.000000  2.956587  2.409938  -1.712777
5083  0.000000  0.000000  0.000000  2.954125  2.409913  -1.708558
5084  0.000000  0.000000  0.000000  2.951668  2.409885  -1.704347
5085  0.000000  0.000000  0.000000  2.949217  2.409852  -1.700145
5086  0.000000  0.000000  0.000000  2.946772  2.409816  -1.695952
5087  0.000000  0.000000  0.000000  2.944332  2.409775  -1.691767
5088  0.000000  0.000000  0.000000  2.941898  2.409730  -1.687591
5089  0.000000  0.000000  0.000000  2.939470  2.409682  -1.683424
5090  0.000000  0.000000  0.000000  2.937047  2.409629  -1.679265
5091  0.000000  0.000000  0.000000  2.934630  2.409573  -1.675115
5092  0.000000  0.000000  0.000000  2.932219  2.409513  -1.670974
5093  0.000000  0.000000  0.000000  2.929813  2.409448  -1.666841
5094  0.000000  0.000000  0.000000  2.927412  2.409380  -1.662717
5095  0.000000  0.000000  0.000000  2.925017  2.409308  -1.658602
5096  0.000000  0.000000  0.000000  2.922628  2.409232  -1.654495
5097  0.000000  0.000000  0.000000  2.920244  2.409152  -1.650397
5098  0.000000  0.000000  0.000000  2.917865  2.409068  -1.646307
5099  0.000000  0.000000  0.000000  2.915492  2.408981  -1.642226
5100  0.000000  0.000000  0.000000  2.913125  2.408889  -1.638154
5101  0.000000  0.000000  0.000000  2.910762  2.408794  -1.634090
5102  0.000000  0.000000  0.000000  2.908406  2.408695  -1.630034
5103  0.000000  0.000000  0.000000  2.906054  2.408592  -1.625987
5104  0.000000  0.000000  0.000000  2.903708  2.408485  -1.621949
5105  0.000000  0.000000  0.000000  2.901367  2.408375  -1.617920
5106  0.000000  0.000000  0.000000  2.899032  2.408261  -1.613898
5107  0.000000  0.000000  0.000000  2.896702  2.408142  -1.609886
5108  0.000000  0.000000  0.000000  2.894377  2.408021  -1.605882
5109  0.000000  0.000000  0.000000  2.892058  2.407895  -1.601886
5110  0.000000  0.000000  0.000000  2.889743  2.407766  -1.597899
5111  0.000000  0.000000  0.000000  2.887434  2.407633  -1.593920
5112  0.000000  0.000000  0.000000  2.885130  2.407496  -1.589950
5113  0.000000  0.000000  0.000000  2.882832  2.407355  -1.585988
5114  0.000000  0.000000  0.000000  2.880538  2.407211  -1.582035
5115  0.000000  0.000000  0.000000  2.878250  2.407063  -1.578090
5116  0.000000  0.000000  0.000000  2.875967  2.406912  -1.574154
5117  0.000000  0.000000  0.000000  2.873689  2.406757  -1.570226
5118  0.000000  0.000000  0.000000  2.871416  2.406598  -1.566307
5119  0.000000  0.000000  0.000000  2.869148  2.406435  -1.562396
5120  0.000000  0.000000  0.000000  2.866885  2.406269  -1.558494
5121  0.000000  0.000000  0.000000  2.864628  2.406099  -1.554599
5122  0.000000  0.000000  0.000000  2.862375  2.405926  -1.550714
5123  0.000000  0.000000  0.000000  2.860128  2.405749  -1.546837
5124  0.000000  0.000000  0.000000  2.857885  2.405568  -1.542968
5125  0.000000  0.000000  0.000000  2.855647  2.405384  -1.539107
5126  0.000000  0.000000  0.000000  2.853415  2.405196  -1.535255
5127  0.000000  0.000000  0.000000  2.851187  2.405005  -1.531411
5128  0.000000  0.000000  0.000000  2.848965  2.404810  -1.527576
5129  0.000000  0.000000  0.000000  2.846747  2.404611  -1.523749
5130  0.000000  0.000000  0.000000  2.844534  2.404409  -1.519930
5131  0.000000  0.000000  0.000000  2.842326  2.404204  -1.516120
5132  0.000000  0.000000  0.000000  2.840123  2.403995  -1.512318
5133  0.000000  0.000000  0.000000  2.837924  2.403782  -1.508524
5134  0.000000  0.000000  0.000000  2.835731  2.403566  -1.504739
5135  0.000000  0.000000  0.000000  2.833542  2.403347  -1.500962
5136  0.000000  0.000000  0.000000  2.831359  2.403124  -1.497193
5137  0.000000  0.000000  0.000000  2.829180  2.402897  -1.493433
5138  0.000000  0.000000  0.000000  2.827005  2.402667  -1.489681
5139  0.000000  0.000000  0.000000  2.824836  2.402434  -1.485937
5140  0.000000  0.000000  0.000000  2.822671  2.402197  -1.482202
5141  0.000000  0.000000  0.000000  2.820511  2.401957  -1.478475
5142  0.000000  0.000000  0.000000  2.818356  2.401713  -1.474756
5143  0.000000  0.000000  0.000000  2.816205  2.401466  -1.471045
5144  0.000000  0.000000  0.000000  2.814059  2.401215  -1.467343
5145  0.000000  0.000000  0.000000  2.811918  2.400961  -1.463648
5146  0.000000  0.000000  0.000000  2.809781  2.400704  -1.459962
5147  0.000000  0.000000  0.000000  2.807649  2.400443  -1.456285
5148  0.000000  0.000000  0.000000  2.805522  2.400179  -1.452615
5149  0.000000  0.000000  0.000000  2.803399  2.399912  -1.448954
5150  0.000000  0.000000  0.000000  2.801280  2.399641  -1.445301
5151  0.000000  0.000000  0.000000  2.799167  2.399367  -1.441656
5152  0.000000  0.000000  0.000000  2.797057  2.399089  -1.438020
5153  0.000000  0.000000  0.000000  2.794953  2.398809  -1.434391
5154  0.000000  0.000000  0.000000  2.792852  2.398524  -1.430771
5155  0.000000  0.000000  0.000000  2.790757  2.398237  -1.427159
5156  0.000000  0.000000  0.000000  2.788666  2.397946  -1.423555
5157  0.000000  0.000000  0.000000  2.786579  2.397652  -1.419959
5158  0.000000  0.000000  0.000000  2.784496  2.397355  -1.416372
5159  0.000000  0.000000  0.000000  2.782418  2.397054  -1.412792
5160  0.000000  0.000000  0.000000  2.780345  2.396751  -1.409221
5161  0.000000  0.000000  0.000000  2.778276  2.396443  -1.405658
5162  0.000000  0.000000  0.000000  2.776211  2.396133  -1.402103
5163  0.000000  0.000000  0.000000  2.774151  2.395820  -1.398556
5164  0.000000  0.000000  0.000000  2.772095  2.395503  -1.395018
5165  0.000000  0.000000  0.000000  2.770043  2.395183  -1.391487
5166  0.000000  0.000000  0.000000  2.767995  2.394859  -1.387965
5167  0.000000  0.000000  0.000000  2.765952  2.394533  -1.384450
5168  0.000000  0.000000  0.000000  2.763913  2.394203  -1.380944
5169  0.000000  0.000000  0.000000  2.761879  2.393871  -1.377446
5170  0.000000  0.000000  0.000000  2.759848  2.393535  -1.373956
5171  0.000000  0.000000  0.000000  2.757822  2.393195  -1.370474
5172  0.000000  0.000000  0.000000  2.755800  2.392853  -1.367000
5173  0.000000  0.000000  0.000000  2.753782  2.392507  -1.363534
5174  0.000000  0.000000  0.000000  2.751769  2.392159  -1.360077
5175  0.000000  0.000000  0.000000  2.749759  2.391807  -1.356627
5176  0.000000  0.000000  0.000000  2.747754  2.391452  -1.353185
5177  0.000000  0.000000  0.000000  2.745753  2.391094  -1.349751
5178  0.000000  0.000000  0.000000  2.743756  2.390733  -1.346326
5179  0.000000  0.000000  0.000000  2.741763  2.390369  -1.342908
5180  0.000000  0.000000  0.000000  2.739774  2.390001  -1.339499
5181  0.000000  0.000000  0.000000  2.737790  2.389631  -1.336097
5182  0.000000  0.000000  0.000000  2.735809  2.389257  -1.332704
5183  0.000000  0.000000  0.000000  2.733832  2.388881  -1.329318
5184  0.000000  0.000000  0.000000  2.731860  2.388501  -1.325941
5185  0.000000  0.000000  0.000000  2.729891  2.388118  -1.322571
5186  0.000000  0.000000  0.000000  2.727926  2.387733  -1.319210
5187  0.000000  0.000000  0.000000  2.725966  2.387344  -1.315856
5188  0.000000  0.000000  0.000000  2.724009  2.386952  -1.312511
5189  0.000000  0.000000  0.000000  2.722056  2.386557  -1.309173
5190  0.000000  0.000000  0.000000  2.720107  2.386159  -1.305844
5191  0.000000  0.000000  0.000000  2.718162  2.385758  -1.302522
5192  0.000000  0.000000  0.000000  2.716221  2.385354  -1.299208
5193  0.000000  0.000000  0.000000  2.714284  2.384947  -1.295903
5194  0.000000  0.000000  0.000000  2.712351  2.384537  -1.292605
5195  0.000000  0.000000  0.000000  2.710421  2.384125  -1.289315
5196  0.000000  0.000000  0.000000  2.708495  2.383709  -1.286033
5197  0.000000  0.000000  0.000000  2.706574  2.383290  -1.282759
5198  0.000000  0.000000  0.000000  2.704656  2.382868  -1.279493
5199  0.000000  0.000000  0.000000  2.702741  2.382443  -1.276235
5200  0.000000  0.000000  0.000000  2.700831  2.382016  -1.272984
5201  0.000000  0.000000  0.000000  2.698924  2.381585  -1.269742
5202  0.000000  0.000000  0.000000  2.697021  2.381151  -1.266508
5203  0.000000  0.000000  0.000000  2.695122  2.380715  -1.263281
5204  0.000000  0.000000  0.000000  2.693227  2.380276  -1.260062
5205  0.000000  0.000000  0.000000  2.691335  2.379833  -1.256852
5206  0.000000  0.000000  0.000000  2.689447  2.379388  -1.253649
5207  0.000000  0.000000  0.000000  2.687562  2.378940  -1.250454
5208  0.000000  0.000000  0.000000  2.685681  2.378489  -1.247266
5209  0.000000  0.000000  0.000000  2.683804  2.378035  -1.244087
5210  0.000000  0.000000  0.000000  2.681930  2.377579  -1.240916
5211  0.000000  0.000000  0.000000  2.680060  2.377119  -1.237752
5212  0.000000  0.000000  0.000000  2.678194  2.376656  -1.234596
5213  0.000000  0.000000  0.000000  2.676331  2.376191  -1.231448
5214  0.000000  0.000000  0.000000  2.674472  2.375723  -1.228308
5215  0.000000  0.000000  0.000000  2.672616  2.375252  -1.225176
5216  0.000000  0.000000  0.000000  2.670764  2.374778  -1.222051
5217  0.000000  0.000000  0.000000  2.668916  2.374302  -1.218935
5218  0.000000  0.000000  0.000000  2.667070  2.373822  -1.215826
5219  0.000000  0.000000  0.000000  2.665229  2.373340  -1.212725
5220  0.000000  0.000000  0.000000  2.663390  2.372855  -1.209631
5221  0.000000  0.000000  0.000000  2.661556  2.372367  -1.206546
5222  0.000000  0.000000  0.000000  2.659724  2.371877  -1.203468
5223  0.000000  0.000000  0.000000  2.657897  2.371383  -1.200398
5224  0.000000  0.000000  0.000000  2.656072  2.370887  -1.197336
5225  0.000000  0.000000  0.000000  2.654251  2.370388  -1.194282
5226  0.000000  0.000000  0.000000  2.652433  2.369886  -1.191235
5227  0.000000  0.000000  0.000000  2.650619  2.369382  -1.188196
5228  0.000000  0.000000  0.000000  2.648808  2.368875  -1.185165
5229  0.000000  0.000000  0.000000  2.647000  2.368365  -1.182142
5230  0.000000  0.000000  0.000000  2.645196  2.367852  -1.179126
5231  0.000000  0.000000  0.000000  2.643395  2.367337  -1.176118
5232  0.000000  0.000000  0.000000  2.641598  2.366819  -1.173118
5233  0.000000  0.000000  0.000000  2.639803  2.366298  -1.170126
5234  0.000000  0.000000  0.000000  2.638012  2.365774  -1.167141
5235  0.000000  0.000000  0.000000  2.636224  2.365248  -1.164164
5236  0.000000  0.000000  0.000000  2.634439  2.364719  -1.161195
5237  0.000000  0.000000  0.000000  2.632658  2.364188  -1.158234
5238  0.000000  0.000000  0.000000  2.630880  2.363653  -1.155280
5239  0.000000  0.000000  0.000000  2.629105  2.363116  -1.152334
5240  0.000000  0.000000  0.000000  2.627333  2.362577  -1.149395
5241  0.000000  0.000000  0.000000  2.625564  2.362035  -1.146464
5242  0.000000  0.000000  0.000000  2.623799  2.361490  -1.143541
5243  0.000000  0.000000  0.000000  2.622036  2.360942  -1.140626
5244  0.000000  0.000000  0.000000  2.620277  2.360392  -1.137718
5245  0.000000  0.000000  0.000000  2.618521  2.359839  -1.134818
5246  0.000000  0.000000  0.000000  2.616768  2.359283  -1.131926
5247  0.000000  0.000000  0.000000  2.615018  2.358725  -1.129041
5248  0.000000  0.000000  0.000000  2.613271  2.358165  -1.126164
5249  0.000000  0.000000  0.000000  2.611527  2.357601  -1.123295
5250  0.000000  0.000000  0.000000  2.609787  2.357035  -1.120433
5251  0.000000  0.000000  0.000000  2.608049  2.356467  -1.117579
5252  0.000000  0.000000  0.000000  2.606314  2.355896  -1.114732
5253  0.000000  0.000000  0.000000  2.604582  2.355322  -1.111893
5254  0.000000  0.000000  0.000000  2.602854  2.354746  -1.109062
5255  0.000000  0.000000  0.000000  2.601128  2.354167  -1.106239
5256  0.000000  0.000000  0.000000  2.599405  2.353585  -1.103423
5257  0.000000  0.000000  0.000000  2.597685  2.353001  -1.100614
5258  0.000000  0.000000  0.000000  2.595968  2.352415  -1.097813
5259  0.000000  0.000000  0.000000  2.594254  2.351826  -1.095020
5260  0.000000  0.000000  0.000000  2.592543  2.351234  -1.092235
5261  0.000000  0.000000  0.000000  2.590835  2.350640  -1.089457
5262  0.000000  0.000000  0.000000  2.589129  2.350043  -1.086686
5263  0.000000  0.000000  0.000000  2.587427  2.349444  -1.083923
5264  0.000000  0.000000  0.000000  2.585727  2.348842  -1.081168
5265  0.000000  0.000000  0.000000  2.584030  2.348238  -1.078420
5266  0.000000  0.000000  0.000000  2.582336  2.347631  -1.075680
5267  0.000000  0.000000  0.000000  2.580645  2.347022  -1.072948
5268  0.000000  0.000000  0.000000  2.578957  2.346410  -1.070223
5269  0.000000  0.000000  0.000000  2.577271  2.345796  -1.067505
5270  0.000000  0.000000  0.000000  2.575588  2.345179  -1.064795
5271  0.000000  0.000000  0.000000  2.573908  2.344560  -1.062093
5272  0.000000  0.000000  0.000000  2.572231  2.343938  -1.059398
5273  0.000000  0.000000  0.000000  2.570556  2.343314  -1.056711
5274  0.000000  0.000000  0.000000  2.568884  2.342688  -1.054031
5275  0.000000  0.000000  0.000000  2.567215  2.342059  -1.051359
5276  0.000000  0.000000  0.000000  2.565549  2.341427  -1.048694
5277  0.000000  0.000000  0.000000  2.563885  2.340793  -1.046037
5278  0.000000  0.000000  0.000000  2.562224  2.340157  -1.043387
5279  0.000000  0.000000  0.000000  2.560565  2.339518  -1.040745
5280  0.000000  0.000000  0.000000  2.558909  2.338877  -1.038110
5281  0.000000  0.000000  0.000000  2.557256  2.338233  -1.035483
5282  0.000000  0.000000  0.000000  2.555605  2.337587  -1.032863
5283  0.000000  0.000000  0.000000  2.553957  2.336938  -1.030251
5284  0.000000  0.000000  0.000000  2.552312  2.336288  -1.027646
5285  0.000000  0.000000  0.000000  2.550669  2.335634  -1.025049
5286  0.000000  0.000000  0.000000  2.549029  2.334979  -1.022459
5287  0.000000  0.000000  0.000000  2.547391  2.334320  -1.019877
5288  0.000000  0.000000  0.000000  2.545756  2.333660  -1.017302
5289  0.000000  0.000000  0.000000  2.544123  2.332997  -1.014735
5290  0.000000  0.000000  0.000000  2.542493  2.332332  -1.012175
5291  0.000000  0.000000  0.000000  2.540865  2.331664  -1.009623
5292  0.000000  0.000000  0.000000  2.539240  2.330994  -1.007078
5293  0.000000  0.000000  0.000000  2.537617  2.330322  -1.004540
5294  0.000000  0.000000  0.000000  2.535997  2.329647  -1.002010
5295  0.000000  0.000000  0.000000  2.534379  2.328970  -0.999487
5296  0.000000  0.000000  0.000000  2.532764  2.328291  -0.996972
5297  0.000000  0.000000  0.000000  2.531151  2.327609  -0.994464
5298  0.000000  0.000000  0.000000  2.529540  2.326925  -0.991964
5299  0.000000  0.000000  0.000000  2.527932  2.326239  -0.989471
5300  0.000000  0.000000  0.000000  2.526326  2.325550  -0.986985
5301  0.000000  0.000000  0.000000  2.524723  2.324859  -0.984507
5302  0.000000  0.000000  0.000000  2.523122  2.324166  -0.982036
5303  0.000000  0.000000  0.000000  2.521523  2.323471  -0.979573
5304  0.000000  0.000000  0.000000  2.519927  2.322773  -0.977117
5305  0.000000  0.000000  0.000000  2.518333  2.322072  -0.974668
5306  0.000000  0.000000  0.000000  2.516741  2.321370  -0.972227
5307  0.000000  0.000000  0.000000  2.515151  2.320665  -0.969793
5308  0.000000  0.000000  0.000000  2.513564  2.319958  -0.967367
5309  0.000000  0.000000  0.000000  2.511979  2.319249  -0.964948
5310  0.000000  0.000000  0.000000  2.510397  2.318537  -0.962536
5311  0.000000  0.000000  0.000000  2.508816  2.317824  -0.960132
5312  0.000000  0.000000  0.000000  2.507238  2.317107  -0.957735
5313  0.000000  0.000000  0.000000  2.505662  2.316389  -0.955345
5314  0.000000  0.000000  0.000000  2.504088  2.315669  -0.952963
5315  0.000000  0.000000  0.000000  2.502517  2.314946  -0.950588
5316  0.000000  0.000000  0.000000  2.500948  2.314221  -0.948221
5317  0.000000  0.000000  0.000000  2.499380  2.313493  -0.945860
5318  0.000000  0.000000  0.000000  2.497816  2.312764  -0.943507
5319  0.000000  0.000000  0.000000  2.496253  2.312032  -0.941162
5320  0.000000  0.000000  0.000000  2.494692  2.311298  -0.938824
5321  0.000000  0.000000  0.000000  2.493133  2.310562  -0.936493
5322  0.000000  0.000000  0.000000  2.491577  2.309823  -0.934169
5323  0.000000  0.000000  0.000000  2.490023  2.309083  -0.931853
5324  0.000000  0.000000  0.000000  2.488471  2.308340  -0.929544
5325  0.000000  0.000000  0.000000  2.486920  2.307595  -0.927243
5326  0.000000  0.000000  0.000000  2.485372  2.306848  -0.924948
5327  0.000000  0.000000  0.000000  2.483826  2.306098  -0.922661
5328  0.000000  0.000000  0.000000  2.482282  2.305347  -0.920382
5329  0.000000  0.000000  0.000000  2.480740  2.304593  -0.918109
5330  0.000000  0.000000  0.000000  2.479201  2.303837  -0.915844
5331  0.000000  0.000000  0.000000  2.477663  2.303079  -0.913586
5332  0.000000  0.000000  0.000000  2.476127  2.302319  -0.911336
5333  0.000000  0.000000  0.000000  2.474593  2.301556  -0.909092
5334  0.000000  0.000000  0.000000  2.473061  2.300792  -0.906856
5335  0.000000  0.000000  0.000000  2.471531  2.300025  -0.904628
5336  0.000000  0.000000  0.000000  2.470003  2.299256  -0.902406
5337  0.000000  0.000000  0.000000  2.468477  2.298485  -0.900192
5338  0.000000  0.000000  0.000000  2.466953  2.297712  -0.897985
5339  0.000000  0.000000  0.000000  2.465431  2.296937  -0.895785
5340  0.000000  0.000000  0.000000  2.463911  2.296159  -0.893593
5341  0.000000  0.000000  0.000000  2.462392  2.295380  -0.891408
5342  0.000000  0.000000  0.000000  2.460876  2.294598  -0.889230
5343  0.000000  0.000000  0.000000  2.459361  2.293814  -0.887059
5344  0.000000  0.000000  0.000000  2.457848  2.293028  -0.884895
5345  0.000000  0.000000  0.000000  2.456338  2.292240  -0.882739
5346  0.000000  0.000000  0.000000  2.454829  2.291450  -0.880590
5347  0.000000  0.000000  0.000000  2.453321  2.290658  -0.878448
5348  0.000000  0.000000  0.000000  2.451816  2.289864  -0.876314
5349  0.000000  0.000000  0.000000  2.450313  2.289067  -0.874186
5350  0.000000  0.000000  0.000000  2.448811  2.288269  -0.872066
5351  0.000000  0.000000  0.000000  2.447311  2.287468  -0.869953
5352  0.000000  0.000000  0.000000  2.445813  2.286666  -0.867847
5353  0.000000  0.000000  0.000000  2.444316  2.285861  -0.865749
5354  0.000000  0.000000  0.000000  2.442822  2.285054  -0.863657
5355  0.000000  0.000000  0.000000  2.441329  2.284246  -0.861573
5356  0.000000  0.000000  0.000000  2.439838  2.283435  -0.859496
5357  0.000000  0.000000  0.000000  2.438348  2.282622  -0.857426
5358  0.000000  0.000000  0.000000  2.436861  2.281807  -0.855364
5359  0.000000  0.000000  0.000000  2.435375  2.280990  -0.853308
5360  0.000000  0.000000  0.000000  2.433890  2.280171  -0.851260
5361  0.000000  0.000000  0.000000  2.432408  2.279350  -0.849219
5362  0.000000  0.000000  0.000000  2.430927  2.278527  -0.847185
5363  0.000000  0.000000  0.000000  2.429448  2.277701  -0.845158
5364  0.000000  0.000000  0.000000  2.427970  2.276874  -0.843139
5365  0.000000  0.000000  0.000000  2.426494  2.276045  -0.841126
5366  0.000000  0.000000  0.000000  2.425020  2.275214  -0.839121
5367  0.000000  0.000000  0.000000  2.423547  2.274381  -0.837123
5368  0.000000  0.000000  0.000000  2.422076  2.273545  -0.835131
5369  0.000000  0.000000  0.000000  2.420607  2.272708  -0.833148
5370  0.000000  0.000000  0.000000  2.419139  2.271869  -0.831171
5371  0.000000  0.000000  0.000000  2.417673  2.271027  -0.829201
5372  0.000000  0.000000  0.000000  2.416208  2.270184  -0.827239
5373  0.000000  0.000000  0.000000  2.414745  2.269339  -0.825283
5374  0.000000  0.000000  0.000000  2.413283  2.268492  -0.823335
5375  0.000000  0.000000  0.000000  2.411823  2.267643  -0.821394
5376  0.000000  0.000000  0.000000  2.410365  2.266791  -0.819460
5377  0.000000  0.000000  0.000000  2.408908  2.265938  -0.817533
5378  0.000000  0.000000  0.000000  2.407452  2.265083  -0.815613
5379  0.000000  0.000000  0.000000  2.405998  2.264226  -0.813700
5380  0.000000  0.000000  0.000000  2.404546  2.263367  -0.811795
5381  0.000000  0.000000  0.000000  2.403095  2.262506  -0.809896
5382  0.000000  0.000000  0.000000  2.401645  2.261643  -0.808005
5383  0.000000  0.000000  0.000000  2.400197  2.260778  -0.806120
5384  0.000000  0.000000  0.000000  2.398751  2.259911  -0.804243
5385  0.000000  0.000000  0.000000  2.397306  2.259042  -0.802373
5386  0.000000  0.000000  0.000000  2.395862  2.258171  -0.800510
5387  0.000000  0.000000  0.000000  2.394420  2.257299  -0.798654
5388  0.000000  0.000000  0.000000  2.392979  2.256424  -0.796805
5389  0.000000  0.000000  0.000000  2.391539  2.255547  -0.794963
5390  0.000000  0.000000  0.000000  2.390101  2.254669  -0.793128
5391  0.000000  0.000000  0.000000  2.388665  2.253789  -0.791300
5392  0.000000  0.000000  0.000000  2.387229  2.252906  -0.789479
5393  0.000000  0.000000  0.000000  2.385795  2.252022  -0.787666
5394  0.000000  0.000000  0.000000  2.384363  2.251136  -0.785859
5395  0.000000  0.000000  0.000000  2.382932  2.250248  -0.784059
5396  0.000000  0.000000  0.000000  2.381502  2.249358  -0.782267
5397  0.000000  0.000000  0.000000  2.380073  2.248466  -0.780481
5398  0.000000  0.000000  0.000000  2.378646  2.247572  -0.778703
5399  0.000000  0.000000  0.000000  2.377220  2.246676  -0.776931
5400  0.000000  0.000000  0.000000  2.375796  2.245779  -0.775167
5401  0.000000  0.000000  0.000000  2.374373  2.244879  -0.773410
5402  0.000000  0.000000  0.000000  2.372951  2.243978  -0.771659
5403  0.000000  0.000000  0.000000  2.371530  2.243075  -0.769916
5404  0.000000  0.000000  0.000000  2.370111  2.242170  -0.768179
5405  0.000000  0.000000  0.000000  2.368692  2.241263  -0.766450
5406  0.000000  0.000000  0.000000  2.367275  2.240354  -0.764728
5407  0.000000  0.000000  0.000000  2.365860  2.239443  -0.763012
5408  0.000000  0.000000  0.000000  2.364445  2.238530  -0.761304
5409  0.000000  0.000000  0.000000  2.363032  2.237616  -0.759603
5410  0.000000  0.000000  0.000000  2.361620  2.236700  -0.757908
5411  0.000000  0.000000  0.000000  2.360209  2.235781  -0.756221
5412  0.000000  0.000000  0.000000  2.358800  2.234861  -0.754541
5413  0.000000  0.000000  0.000000  2.357392  2.233940  -0.752867
5414  0.000000  0.000000  0.000000  2.355984  2.233016  -0.751201
5415  0.000000  0.000000  0.000000  2.354578  2.232090  -0.749541
5416  0.000000  0.000000  0.000000  2.353173  2.231163  -0.747889
5417  0.000000  0.000000  0.000000  2.351770  2.230234  -0.746243
5418  0.000000  0.000000  0.000000  2.350367  2.229303  -0.744605
5419  0.000000  0.000000  0.000000  2.348966  2.228370  -0.742973
5420  0.000000  0.000000  0.000000  2.347566  2.227435  -0.741348
5421  0.000000  0.000000  0.000000  2.346166  2.226498  -0.739731
5422  0.000000  0.000000  0.000000  2.344768  2.225560  -0.738120
5423  0.000000  0.000000  0.000000  2.343371  2.224620  -0.736516
5424  0.000000  0.000000  0.000000  2.341976  2.223678  -0.734919
5425  0.000000  0.000000  0.000000  2.340581  2.222734  -0.733329
5426  0.000000  0.000000  0.000000  2.339187  2.221789  -0.731746
5427  0.000000  0.000000  0.000000  2.337795  2.220841  -0.730170
5428  0.000000  0.000000  0.000000  2.336403  2.219892  -0.728601
5429  0.000000  0.000000  0.000000  2.335013  2.218941  -0.727039
5430  0.000000  0.000000  0.000000  2.333623  2.217988  -0.725484
5431  0.000000  0.000000  0.000000  2.332235  2.217034  -0.723935
5432  0.000000  0.000000  0.000000  2.330848  2.216077  -0.722394
5433  0.000000  0.000000  0.000000  2.329461  2.215119  -0.720859
5434  0.000000  0.000000  0.000000  2.328076  2.214159  -0.719332
5435  0.000000  0.000000  0.000000  2.326692  2.213197  -0.717811
5436  0.000000  0.000000  0.000000  2.325309  2.212234  -0.716297
5437  0.000000  0.000000  0.000000  2.323926  2.211269  -0.714790
5438  0.000000  0.000000  0.000000  2.322545  2.210302  -0.713290
5439  0.000000  0.000000  0.000000  2.321165  2.209333  -0.711797
5440  0.000000  0.000000  0.000000  2.319785  2.208362  -0.710311
5441  0.000000  0.000000  0.000000  2.318407  2.207390  -0.708831
5442  0.000000  0.000000  0.000000  2.317030  2.206416  -0.707359
5443  0.000000  0.000000  0.000000  2.315653  2.205440  -0.705893
5444  0.000000  0.000000  0.000000  2.314278  2.204462  -0.704434
5445  0.000000  0.000000  0.000000  2.312903  2.203483  -0.702983
5446  0.000000  0.000000  0.000000  2.311529  2.202502  -0.701538
5447  0.000000  0.000000  0.000000  2.310157  2.201519  -0.700099
5448  0.000000  0.000000  0.000000  2.308785  2.200534  -0.698668
5449  0.000000  0.000000  0.000000  2.307414  2.199548  -0.697244
5450  0.000000  0.000000  0.000000  2.306044  2.198560  -0.695826
5451  0.000000  0.000000  0.000000  2.304675  2.197570  -0.694415
5452  0.000000  0.000000  0.000000  2.303307  2.196578  -0.693012
5453  0.000000  0.000000  0.000000  2.301939  2.195585  -0.691614
5454  0.000000  0.000000  0.000000  2.300573  2.194590  -0.690224
5455  0.000000  0.000000  0.000000  2.299207  2.193593  -0.688841
5456  0.000000  0.000000  0.000000  2.297842  2.192595  -0.687464
5457  0.000000  0.000000  0.000000  2.296478  2.191595  -0.686095
5458  0.000000  0.000000  0.000000  2.295115  2.190593  -0.684732
5459  0.000000  0.000000  0.000000  2.293753  2.189589  -0.683376
5460  0.000000  0.000000  0.000000  2.292392  2.188584  -0.682027
5461  0.000000  0.000000  0.000000  2.291031  2.187577  -0.680684
5462  0.000000  0.000000  0.000000  2.289671  2.186568  -0.679349
5463  0.000000  0.000000  0.000000  2.288312  2.185558  -0.678020
5464  0.000000  0.000000  0.000000  2.286954  2.184545  -0.676698
5465  0.000000  0.000000  0.000000  2.285597  2.183532  -0.675383
5466  0.000000  0.000000  0.000000  2.284240  2.182516  -0.674074
5467  0.000000  0.000000  0.000000  2.282884  2.181499  -0.672773
5468  0.000000  0.000000  0.000000  2.281529  2.180480  -0.671478
5469  0.000000  0.000000  0.000000  2.280175  2.179459  -0.670190
5470  0.000000  0.000000  0.000000  2.278821  2.178437  -0.668909
5471  0.000000  0.000000  0.000000  2.277468  2.177413  -0.667634
5472  0.000000  0.000000  0.000000  2.276116  2.176387  -0.666367
5473  0.000000  0.000000  0.000000  2.274765  2.175360  -0.665106
5474  0.000000  0.000000  0.000000  2.273415  2.174331  -0.663852
5475  0.000000  0.000000  0.000000  2.272065  2.173300  -0.662605
5476  0.000000  0.000000  0.000000  2.270716  2.172268  -0.661364
5477  0.000000  0.000000  0.000000  2.269367  2.171234  -0.660130
5478  0.000000  0.000000  0.000000  2.268019  2.170198  -0.658903
5479  0.000000  0.000000  0.000000  2.266672  2.169160  -0.657683
5480  0.000000  0.000000  0.000000  2.265326  2.168121  -0.656469
5481  0.000000  0.000000  0.000000  2.263981  2.167081  -0.655263
5482  0.000000  0.000000  0.000000  2.262636  2.166038  -0.654063
5483  0.000000  0.000000  0.000000  2.261291  2.164994  -0.652869
5484  0.000000  0.000000  0.000000  2.259948  2.163949  -0.651683
5485  0.000000  0.000000  0.000000  2.258605  2.162901  -0.650503
5486  0.000000  0.000000  0.000000  2.257263  2.161852  -0.649330
5487  0.000000  0.000000  0.000000  2.255921  2.160802  -0.648164
5488  0.000000  0.000000  0.000000  2.254580  2.159749  -0.647004
5489  0.000000  0.000000  0.000000  2.253240  2.158695  -0.645851
5490  0.000000  0.000000  0.000000  2.251900  2.157640  -0.644705
5491  0.000000  0.000000  0.000000  2.250561  2.156582  -0.643566
5492  0.000000  0.000000  0.000000  2.249223  2.155524  -0.642433
5493  0.000000  0.000000  0.000000  2.247885  2.154463  -0.641307
5494  0.000000  0.000000  0.000000  2.246548  2.153401  -0.640188
5495  0.000000  0.000000  0.000000  2.245211  2.152337  -0.639075
5496  0.000000  0.000000  0.000000  2.243875  2.151272  -0.637969
5497  0.000000  0.000000  0.000000  2.242540  2.150205  -0.636870
5498  0.000000  0.000000  0.000000  2.241205  2.149136  -0.635778
5499  0.000000  0.000000  0.000000  2.239871  2.148066  -0.634692
5500  0.000000  0.077961  0.000000  0.058207  0.011368  0.057086
5501  0.000000  0.077886  0.000000  0.058169  0.011332  0.057054
5502  0.000000  0.077811  0.000000  0.058130  0.011296  0.057022
5503  0.000000  0.077736  0.000000  0.058092  0.011260  0.056990
5504  0.000000  0.077660  0.000000  0.058053  0.011224  0.056958
5505  0.000000  0.077585  0.000000  0.058015  0.011188  0.056926
5506  0.000000  0.077509  0.000000  0.057976  0.011152  0.056894
5507  0.000000  0.077432  0.000000  0.057938  0.011116  0.056861
5508  0.000000  0.077356  0.000000  0.057899  0.011079  0.056829
5509  0.000000  0.077279  0.000000  0.057861  0.011043  0.056797
5510  0.000000  0.077202  0.000000  0.057822  0.011007  0.056765
5511  0.000000  0.077124  0.000000  0.057784  0.010971  0.056733
5512  0.000000  0.077046  0.000000  0.057746  0.010935  0.056701
5513  0.000000  0.076969  0.000000  0.057707  0.010899  0.056669
5514  0.000000  0.076890  0.000000  0.057669  0.010863  0.056637
5515  0.000000  0.076812  0.000000  0.057631  0.010827  0.056605
5516  0.000000  0.076733  0.000000  0.057592  0.010791  0.056572
5517  0.000000  0.076654  0.000000  0.057554  0.010754  0.056540
5518  0.000000  0.076575  0.000000  0.057516  0.010718  0.056508
5519  0.000000  0.076496  0.000000  0.057478  0.010682  0.056476
5520  0.000000  0.076416  0.000000  0.057439  0.010646  0.056444
5521  0.000000  0.076336  0.000000  0.057401  0.010610  0.056412
5522  0.000000  0.076256  0.000000  0.057363  0.010574  0.056380
5523  0.000000  0.076175  0.000000  0.057325  0.010537  0.056348
5524  0.000000  0.076095  0.000000  0.057287  0.010501  0.056316
5525  0.000000  0.076014  0.000000  0.057249  0.010465  0.056284
5526  0.000000  0.075932  0.000000  0.057211  0.010429  0.056252
5527  0.000000  0.075851  0.000000  0.057173  0.010392  0.056220
5528  0.000000  0.075769  0.000000  0.057134  0.010356  0.056188
5529  0.000000  0.075687  0.000000  0.057096  0.010320  0.056156
5530  0.000000  0.075605  0.000000  0.057058  0.010284  0.056124
5531  0.000000  0.075523  0.000000  0.057020  0.010247  0.056092
5532  0.000000  0.075440  0.000000  0.056982  0.010211  0.056060
5533  0.000000  0.075357  0.000000  0.056945  0.010175  0.056028
5534  0.000000  0.075274  0.000000  0.056907  0.010139  0.055996
5535  0.000000  0.075191  0.000000  0.056869  0.010102  0.055964
5536  0.000000  0.075107  0.000000  0.056831  0.010066  0.055932
5537  0.000000  0.075024  0.000000  0.056793  0.010030  0.055900
5538  0.000000  0.074940  0.000000  0.056755  0.009993  0.055868
5539  0.000000  0.074855  0.000000  0.056717  0.009957  0.055836
5540  0.000000  0.074771  0.000000  0.056679  0.009921  0.055805
5541  0.000000  0.074686  0.000000  0.056642  0.009884  0.055773
5542  0.000000  0.074601  0.000000  0.056604  0.009848  0.055741
5543  0.000000  0.074516  0.000000  0.056566  0.009811  0.055709
5544  0.000000  0.074431  0.000000  0.056528  0.009775  0.055677
5545  0.000000  0.074345  0.000000  0.056491  0.009739  0.055645
5546  0.000000  0.074259  0.000000  0.056453  0.009702  0.055613
5547  0.000000  0.074173  0.000000  0.056415  0.009666  0.055581
5548  0.000000  0.074087  0.000000  0.056378  0.009629  0.055549
5549  0.000000  0.074000  0.000000  0.056340  0.009593  0.055518
5550  0.000000  0.073913  0.000000  0.056303  0.009556  0.055486
5551  0.000000  0.073826  0.000000  0.056265  0.009520  0.055454
5552  0.000000  0.073739  0.000000  0.056227  0.009483  0.055422
5553  0.000000  0.073652  0.000000  0.056190  0.009447  0.055390
5554  0.000000  0.073564  0.000000  0.056152  0.009411  0.055358
5555  0.000000  0.073476  0.000000  0.056115  0.009374  0.055326
5556  0.000000  0.073388  0.000000  0.056078  0.009338  0.055295
5557  0.000000  0.073300  0.000000  0.056040  0.009301  0.055263
5558  0.000000  0.073212  0.000000  0.056003  0.009265  0.055231
5559  0.000000  0.073123  0.000000  0.055965  0.009228  0.055199
5560  0.000000  0.073034  0.000000  0.055928  0.009191  0.055167
5561  0.000000  0.072945  0.000000  0.055891  0.009155  0.055136
5562  0.000000  0.072856  0.000000  0.055853  0.009118  0.055104
5563  0.000000  0.072766  0.000000  0.055816  0.009082  0.055072
5564  0.000000  0.072676  0.000000  0.055779  0.009045  0.055040
5565  0.000000  0.072586  0.000000  0.055741  0.009009  0.055009
5566  0.000000  0.072496  0.000000  0.055704  0.008972  0.054977
5567  0.000000  0.072406  0.000000  0.055667  0.008935  0.054945
5568  0.000000  0.072315  0.000000  0.055630  0.008899  0.054913
5569  0.000000  0.072225  0.000000  0.055592  0.008862  0.054882
5570  0.000000  0.072134  0.000000  0.055555  0.008826  0.054850
5571  0.000000  0.072042  0.000000  0.055518  0.008789  0.054818
5572  0.000000  0.071951  0.000000  0.055481  0.008752  0.054786
5573  0.000000  0.071859  0.000000  0.055444  0.008716  0.054755
5574  0.000000  0.071768  0.000000  0.055407  0.008679  0.054723
5575  0.000000  0.071676  0.000000  0.055370  0.008642  0.054691
5576  0.000000  0.071584  0.000000  0.055333  0.008606  0.054659
5577  0.000000  0.071491  0.000000  0.055296  0.008569  0.054628
5578  0.000000  0.071399  0.000000  0.055259  0.008532  0.054596
5579  0.000000  0.071306  0.000000  0.055222  0.008496  0.054564
5580  0.000000  0.071213  0.000000  0.055185  0.008459  0.054533
5581  0.000000  0.071120  0.000000  0.055148  0.008422  0.054501
5582  0.000000  0.071026  0.000000  0.055111  0.008385  0.054469
5583  0.000000  0.070933  0.000000  0.055074  0.008349  0.054438
5584  0.000000  0.070839  0.000000  0.055037  0.008312  0.054406
5585  0.000000  0.070745  0.000000  0.055001  0.008275  0.054374
5586  0.000000  0.070651  0.000000  0.054964  0.008238  0.054343
5587  0.000000  0.070557  0.000000  0.054927  0.008202  0.054311
5588  0.000000  0.070462  0.000000  0.054890  0.008165  0.054280
5589  0.000000  0.070367  0.000000  0.054854  0.008128  0.054248
5590  0.000000  0.070273  0.000000  0.054817  0.008091  0.054216
5591  0.000000  0.070177  0.000000  0.054780  0.008054  0.054185
5592  0.000000  0.070082  0.000000  0.054743  0.008018  0.054153
5593  0.000000  0.069987  0.000000  0.054707  0.007981  0.054122
5594  0.000000  0.069891  0.000000  0.054670  0.007944  0.054090
5595  0.000000  0.069795  0.000000  0.054634  0.007907  0.054058
5596  0.000000  0.069699  0.000000  0.054597  0.007870  0.054027
5597  0.000000  0.069603  0.000000  0.054560  0.007833  0.053995
5598  0.000000  0.069507  0.000000  0.054524  0.007796  0.053964
5599  0.000000  0.069410  0.000000  0.054487  0.007760  0.053932
5600  0.000000  0.069313  0.000000  0.054451  0.007723  0.053901
5601  0.000000  0.069217  0.000000  0.054415  0.007686  0.053869
5602  0.000000  0.069119  0.000000  0.054378  0.007649  0.053837
5603  0.000000  0.069022  0.000000  0.054342  0.007612  0.053806
5604  0.000000  0.068925  0.000000  0.054305  0.007575  0.053774
5605  0.000000  0.068827  0.000000  0.054269  0.007538  0.053743
5606  0.000000  0.068729  0.000000  0.054233  0.007501  0.053711
5607  0.000000  0.068631  0.000000  0.054196  0.007464  0.053680
5608  0.000000  0.068533  0.000000  0.054160  0.007427  0.053648
5609  0.000000  0.068435  0.000000  0.054124  0.007390  0.053617
5610  0.000000  0.068336  0.000000  0.054088  0.007353  0.053585
5611  0.000000  0.068237  0.000000  0.054051  0.007316  0.053554
5612  0.000000  0.068139  0.000000  0.054015  0.007279  0.053522
5613  0.000000  0.068040  0.000000  0.053979  0.007242  0.053491
5614  0.000000  0.067940  0.000000  0.053943  0.007205  0.053460
5615  0.000000  0.067841  0.000000  0.053907  0.007168  0.053428
5616  0.000000  0.067741  0.000000  0.053871  0.007131  0.053397
5617  0.000000  0.067642  0.000000  0.053835  0.007094  0.053365
5618  0.000000  0.067542  0.000000  0.053799  0.007057  0.053334
5619  0.000000  0.067442  0.000000  0.053763  0.007020  0.053302
5620  0.000000  0.067341  0.000000  0.053727  0.006983  0.053271
5621  0.000000  0.067241  0.000000  0.053691  0.006946  0.053239
5622  0.000000  0.067140  0.000000  0.053655  0.006909  0.053208
5623  0.000000  0.067040  0.000000  0.053619  0.006872  0.053177
5624  0.000000  0.066939  0.000000  0.053583  0.006835  0.053145
5625  0.000000  0.066838  0.000000  0.053547  0.006798  0.053114
5626  0.000000  0.066736  0.000000  0.053511  0.006761  0.053082
5627  0.000000  0.066635  0.000000  0.053475  0.006723  0.053051
5628  0.000000  0.066533  0.000000  0.053440  0.006686  0.053020
5629  0.000000  0.066432  0.000000  0.053404  0.006649  0.052988
5630  0.000000  0.066330  0.000000  0.053368  0.006612  0.052957
5631  0.000000  0.066228  0.000000  0.053332  0.006575  0.052926
5632  0.000000  0.066125  0.000000  0.053297  0.006538  0.052894
5633  0.000000  0.066023  0.000000  0.053261  0.006500  0.052863
5634  0.000000  0.065920  0.000000  0.053225  0.006463  0.052831
5635  0.000000  0.065818  0.000000  0.053190  0.006426  0.052800
5636  0.000000  0.065715  0.000000  0.053154  0.006389  0.052769
5637  0.000000  0.065612  0.000000  0.053119  0.006352  0.052737
5638  0.000000  0.065508  0.000000  0.053083  0.006315  0.052706
5639  0.000000  0.065405  0.000000  0.053048  0.006277  0.052675
5640  0.000000  0.065301  0.000000  0.053012  0.006240  0.052644
5641  0.000000  0.065198  0.000000  0.052977  0.006203  0.052612
5642  0.000000  0.065094  0.000000  0.052941  0.006166  0.052581
5643  0.000000  0.064990  0.000000  0.052906  0.006128  0.052550
5644  0.000000  0.064886  0.000000  0.052870  0.006091  0.052518
5645  0.000000  0.064781  0.000000  0.052835  0.006054  0.052487
5646  0.000000  0.064677  0.000000  0.052800  0.006016  0.052456
5647  0.000000  0.064572  0.000000  0.052764  0.005979  0.052424
5648  0.000000  0.064467  0.000000  0.052729  0.005942  0.052393
5649  0.000000  0.064363  0.000000  0.052694  0.005905  0.052362
5650  0.000000  0.064257  0.000000  0.052659  0.005867  0.052331
5651  0.000000  0.064152  0.000000  0.052623  0.005830  0.052299
5652  0.000000  0.064047  0.000000  0.052588  0.005793  0.052268
5653  0.000000  0.063941  0.000000  0.052553  0.005755  0.052237
5654  0.000000  0.063835  0.000000  0.052518  0.005718  0.052206
5655  0.000000  0.063730  0.000000  0.052483  0.005681  0.052175
5656  0.000000  0.063624  0.000000  0.052448  0.005643  0.052143
5657  0.000000  0.063517  0.000000  0.052413  0.005606  0.052112
5658  0.000000  0.063411  0.000000  0.052378  0.005568  0.052081
5659  0.000000  0.063305  0.000000  0.052343  0.005531  0.052050
5660  0.000000  0.063198  0.000000  0.052308  0.005494  0.052019
5661  0.000000  0.063091  0.000000  0.052273  0.005456  0.051987
5662  0.000000  0.062984  0.000000  0.052238  0.005419  0.051956
5663  0.000000  0.062877  0.000000  0.052203  0.005381  0.051925
5664  0.000000  0.062770  0.000000  0.052168  0.005344  0.051894
5665  0.000000  0.062663  0.000000  0.052133  0.005307  0.051863
5666  0.000000  0.062555  0.000000  0.052099  0.005269  0.051832
5667  0.000000  0.062447  0.000000  0.052064  0.005232  0.051800
5668  0.000000  0.062339  0.000000  0.052029  0.005194  0.051769
5669  0.000000  0.062231  0.000000  0.051994  0.005157  0.051738
5670  0.000000  0.062123  0.000000  0.051960  0.005119  0.051707
5671  0.000000  0.062015  0.000000  0.051925  0.005082  0.051676
5672  0.000000  0.061907  0.000000  0.051890  0.005044  0.051645
5673  0.000000  0.061798  0.000000  0.051856  0.005007  0.051614
5674  0.000000  0.061689  0.000000  0.051821  0.004969  0.051582
5675  0.000000  0.061581  0.000000  0.051787  0.004932  0.051551
5676  0.000000  0.061472  0.000000  0.051752  0.004894  0.051520
5677  0.000000  0.061362  0.000000  0.051718  0.004857  0.051489
5678  0.000000  0.061253  0.000000  0.051683  0.004819  0.051458
5679  0.000000  0.061144  0.000000  0.051649  0.004782  0.051427
5680  0.000000  0.061034  0.000000  0.051614  0.004744  0.051396
5681  0.000000  0.060924  0.000000  0.051580  0.004707  0.051365
5682  0.000000  0.060815  0.000000  0.051546  0.004669  0.051334
5683  0.000000  0.060705  0.000000  0.051511  0.004631  0.051303
5684  0.000000  0.060595  0.000000  0.051477  0.004594  0.051272
5685  0.000000  0.060484  0.000000  0.051443  0.004556  0.051241
5686  0.000000  0.060374  0.000000  0.051409  0.004519  0.051210
5687  0.000000  0.060263  0.000000  0.051374  0.004481  0.051179
5688  0.000000  0.060153  0.000000  0.051340  0.004443  0.051148
5689  0.000000  0.060042  0.000000  0.051306  0.004406  0.051117
5690  0.000000  0.059931  0.000000  0.051272  0.004368  0.051085
5691  0.000000  0.059820  0.000000  0.051238  0.004330  0.051054
5692  0.000000  0.059708  0.000000  0.051204  0.004293  0.051023
5693  0.000000  0.059597  0.000000  0.051170  0.004255  0.050992
5694  0.000000  0.059485  0.000000  0.051136  0.004217  0.050961
5695  0.000000  0.059374  0.000000  0.051102  0.004180  0.050930
5696  0.000000  0.059262  0.000000  0.051068  0.004142  0.050899
5697  0.000000  0.059150  0.000000  0.051034  0.004104  0.050869
5698  0.000000  0.059038  0.000000  0.051000  0.004067  0.050838
5699  0.000000  0.058926  0.000000  0.050966  0.004029  0.050807
5700  0.000000  0.000000  0.000000  1.343457  1.314672  0.276614
5701  0.000000  0.000000  0.000000  1.342704  1.313651  0.277805
5702  0.000000  0.000000  0.000000  1.341953  1.312632  0.278992
5703  0.000000  0.000000  0.000000  1.341204  1.311613  0.280175
5704  0.000000  0.000000  0.000000  1.340456  1.310596  0.281354
5705  0.000000  0.000000  0.000000  1.339709  1.309580  0.282529
5706  0.000000  0.000000  0.000000  1.338964  1.308564  0.283700
5707  0.000000  0.000000  0.000000  1.338221  1.307550  0.284866
5708  0.000000  0.000000  0.000000  1.337479  1.306536  0.286029
5709  0.000000  0.000000  0.000000  1.336739  1.305524  0.287188
5710  0.000000  0.000000  0.000000  1.336000  1.304513  0.288343
5711  0.000000  0.000000  0.000000  1.335262  1.303502  0.289493
5712  0.000000  0.000000  0.000000  1.334526  1.302493  0.290640
5713  0.000000  0.000000  0.000000  1.333792  1.301485  0.291783
5714  0.000000  0.000000  0.000000  1.333058  1.300478  0.292921
5715  0.000000  0.000000  0.000000  1.332327  1.299471  0.294056
5716  0.000000  0.000000  0.000000  1.331597  1.298466  0.295186
5717  0.000000  0.000000  0.000000  1.330868  1.297462  0.296313
5718  0.000000  0.000000  0.000000  1.330141  1.296459  0.297435
5719  0.000000  0.000000  0.000000  1.329415  1.295457  0.298554
5720  0.000000  0.000000  0.000000  1.328690  1.294456  0.299668
5721  0.000000  0.000000  0.000000  1.327967  1.293456  0.300779
5722  0.000000  0.000000  0.000000  1.327246  1.292458  0.301886
5723  0.000000  0.000000  0.000000  1.326526  1.291460  0.302988
5724  0.000000  0.000000  0.000000  1.325807  1.290463  0.304087
5725  0.000000  0.000000  0.000000  1.325089  1.289467  0.305181
5726  0.000000  0.000000  0.000000  1.324373  1.288473  0.306272
5727  0.000000  0.000000  0.000000  1.323659  1.287479  0.307358
5728  0.000000  0.000000  0.000000  1.322945  1.286487  0.308441
5729  0.000000  0.000000  0.000000  1.322234  1.285496  0.309520
5730  0.000000  0.000000  0.000000  1.321523  1.284505  0.310594
5731  0.000000  0.000000  0.000000  1.320814  1.283516  0.311665
5732  0.000000  0.000000  0.000000  1.320106  1.282528  0.312732
5733  0.000000  0.000000  0.000000  1.319399  1.281541  0.313794
5734  0.000000  0.000000  0.000000  1.318694  1.280555  0.314853
5735  0.000000  0.000000  0.000000  1.317990  1.279571  0.315908
5736  0.000000  0.000000  0.000000  1.317288  1.278587  0.316959
5737  0.000000  0.000000  0.000000  1.316587  1.277604  0.318006
5738  0.000000  0.000000  0.000000  1.315887  1.276623  0.319049
5739  0.000000  0.000000  0.000000  1.315188  1.275643  0.320088
5740  0.000000  0.000000  0.000000  1.314491  1.274663  0.321123
5741  0.000000  0.000000  0.000000  1.313795  1.273685  0.322154
5742  0.000000  0.000000  0.000000  1.313100  1.272708  0.323181
5743  0.000000  0.000000  0.000000  1.312407  1.271733  0.324204
5744  0.000000  0.000000  0.000000  1.311715  1.270758  0.325224
5745  0.000000  0.000000  0.000000  1.311024  1.269784  0.326239
5746  0.000000  0.000000  0.000000  1.310334  1.268812  0.327250
5747  0.000000  0.000000  0.000000  1.309646  1.267840  0.328258
5748  0.000000  0.000000  0.000000  1.308959  1.266870  0.329262
5749  0.000000  0.000000  0.000000  1.308273  1.265901  0.330261
5750  0.000000  0.000000  0.000000  1.307588  1.264933  0.331257
5751  0.000000  0.000000  0.000000  1.306905  1.263967  0.332249
5752  0.000000  0.000000  0.000000  1.306223  1.263001  0.333237
5753  0.000000  0.000000  0.000000  1.305542  1.262037  0.334221
5754  0.000000  0.000000  0.000000  1.304862  1.261073  0.335201
5755  0.000000  0.000000  0.000000  1.304184  1.260111  0.336177
5756  0.000000  0.000000  0.000000  1.303506  1.259150  0.337149
5757  0.000000  0.000000  0.000000  1.302830  1.258190  0.338118
5758  0.000000  0.000000  0.000000  1.302155  1.257232  0.339082
5759  0.000000  0.000000  0.000000  1.301481  1.256274  0.340043
5760  0.000000  0.000000  0.000000  1.300809  1.255318  0.340999
5761  0.000000  0.000000  0.000000  1.300137  1.254363  0.341952
5762  0.000000  0.000000  0.000000  1.299467  1.253409  0.342901
5763  0.000000  0.000000  0.000000  1.298798  1.252456  0.343846
5764  0.000000  0.000000  0.000000  1.298130  1.251505  0.344787
5765  0.000000  0.000000  0.000000  1.297463  1.250554  0.345725
5766  0.000000  0.000000  0.000000  1.296798  1.249605  0.346658
5767  0.000000  0.000000  0.000000  1.296133  1.248657  0.347588
5768  0.000000  0.000000  0.000000  1.295470  1.247710  0.348513
5769  0.000000  0.000000  0.000000  1.294808  1.246765  0.349435
5770  0.000000  0.000000  0.000000  1.294147  1.245820  0.350353
5771  0.000000  0.000000  0.000000  1.293487  1.244877  0.351267
5772  0.000000  0.000000  0.000000  1.292828  1.243935  0.352177
5773  0.000000  0.000000  0.000000  1.292170  1.242994  0.353084
5774  0.000000  0.000000  0.000000  1.291513  1.242055  0.353986
5775  0.000000  0.000000  0.000000  1.290857  1.241116  0.354885
5776  0.000000  0.000000  0.000000  1.290203  1.240179  0.355779
5777  0.000000  0.000000  0.000000  1.289549  1.239243  0.356670
5778  0.000000  0.000000  0.000000  1.288897  1.238309  0.357558
5779  0.000000  0.000000  0.000000  1.288246  1.237375  0.358441
5780  0.000000  0.000000  0.000000  1.287595  1.236443  0.359320
5781  0.000000  0.000000  0.000000  1.286946  1.235512  0.360196
5782  0.000000  0.000000  0.000000  1.286298  1.234582  0.361068
5783  0.000000  0.000000  0.000000  1.285651  1.233654  0.361935
5784  0.000000  0.000000  0.000000  1.285005  1.232726  0.362800
5785  0.000000  0.000000  0.000000  1.284360  1.231800  0.363660
5786  0.000000  0.000000  0.000000  1.283716  1.230875  0.364516
5787  0.000000  0.000000  0.000000  1.283073  1.229952  0.365369
5788  0.000000  0.000000  0.000000  1.282431  1.229030  0.366218
5789  0.000000  0.000000  0.000000  1.281790  1.228108  0.367063
5790  0.000000  0.000000  0.000000  1.281150  1.227189  0.367904
5791  0.000000  0.000000  0.000000  1.280511  1.226270  0.368741
5792  0.000000  0.000000  0.000000  1.279873  1.225353  0.369575
5793  0.000000  0.000000  0.000000  1.279236  1.224437  0.370405
5794  0.000000  0.000000  0.000000  1.278600  1.223522  0.371231
5795  0.000000  0.000000  0.000000  1.277965  1.222608  0.372053
5796  0.000000  0.000000  0.000000  1.277331  1.221696  0.372871
5797  0.000000  0.000000  0.000000  1.276698  1.220785  0.373686
5798  0.000000  0.000000  0.000000  1.276066  1.219875  0.374497
5799  0.000000  0.000000  0.000000  1.275435  1.218967  0.375304
5800  0.000000  0.000000  0.000000  1.274804  1.218060  0.376107
5801  0.000000  0.000000  0.000000  1.274175  1.217154  0.376906
5802  0.000000  0.000000  0.000000  1.273547  1.216249  0.377702
5803  0.000000  0.000000  0.000000  1.272919  1.215346  0.378494
5804  0.000000  0.000000  0.000000  1.272293  1.214444  0.379282
5805  0.000000  0.000000  0.000000  1.271667  1.213543  0.380066
5806  0.000000  0.000000  0.000000  1.271043  1.212644  0.380847
5807  0.000000  0.000000  0.000000  1.270419  1.211746  0.381624
5808  0.000000  0.000000  0.000000  1.269796  1.210849  0.382397
5809  0.000000  0.000000  0.000000  1.269174  1.209953  0.383166
5810  0.000000  0.000000  0.000000  1.268553  1.209059  0.383931
5811  0.000000  0.000000  0.000000  1.267933  1.208166  0.384693
5812  0.000000  0.000000  0.000000  1.267314  1.207275  0.385451
5813  0.000000  0.000000  0.000000  1.266696  1.206384  0.386205
5814  0.000000  0.000000  0.000000  1.266078  1.205495  0.386956
5815  0.000000  0.000000  0.000000  1.265461  1.204608  0.387703
5816  0.000000  0.000000  0.000000  1.264846  1.203721  0.388446
5817  0.000000  0.000000  0.000000  1.264231  1.202836  0.389185
5818  0.000000  0.000000  0.000000  1.263617  1.201952  0.389920
5819  0.000000  0.000000  0.000000  1.263004  1.201070  0.390652
5820  0.000000  0.000000  0.000000  1.262391  1.200189  0.391380
5821  0.000000  0.000000  0.000000  1.261780  1.199309  0.392104
5822  0.000000  0.000000  0.000000  1.261169  1.198431  0.392825
5823  0.000000  0.000000  0.000000  1.260559  1.197553  0.393542
5824  0.000000  0.000000  0.000000  1.259950  1.196678  0.394255
5825  0.000000  0.000000  0.000000  1.259342  1.195803  0.394964
5826  0.000000  0.000000  0.000000  1.258735  1.194930  0.395670
5827  0.000000  0.000000  0.000000  1.258128  1.194058  0.396372
5828  0.000000  0.000000  0.000000  1.257522  1.193188  0.397070
5829  0.000000  0.000000  0.000000  1.256917  1.192319  0.397765
5830  0.000000  0.000000  0.000000  1.256313  1.191451  0.398456
5831  0.000000  0.000000  0.000000  1.255710  1.190585  0.399143
5832  0.000000  0.000000  0.000000  1.255107  1.189719  0.399826
5833  0.000000  0.000000  0.000000  1.254505  1.188856  0.400506
5834  0.000000  0.000000  0.000000  1.253904  1.187993  0.401182
5835  0.000000  0.000000  0.000000  1.253304  1.187132  0.401854
5836  0.000000  0.000000  0.000000  1.252704  1.186273  0.402523
5837  0.000000  0.000000  0.000000  1.252105  1.185415  0.403188
5838  0.000000  0.000000  0.000000  1.251507  1.184558  0.403849
5839  0.000000  0.000000  0.000000  1.250910  1.183702  0.404507
5840  0.000000  0.000000  0.000000  1.250314  1.182848  0.405161
5841  0.000000  0.000000  0.000000  1.249718  1.181995  0.405811
5842  0.000000  0.000000  0.000000  1.249123  1.181144  0.406457
5843  0.000000  0.000000  0.000000  1.248528  1.180293  0.407100
5844  0.000000  0.000000  0.000000  1.247935  1.179445  0.407740
5845  0.000000  0.000000  0.000000  1.247342  1.178597  0.408375
5846  0.000000  0.000000  0.000000  1.246750  1.177751  0.409007
5847  0.000000  0.000000  0.000000  1.246158  1.176907  0.409635
5848  0.000000  0.000000  0.000000  1.245568  1.176064  0.410260
5849  0.000000  0.000000  0.000000  1.244978  1.175222  0.410880
5850  0.000000  0.000000  0.000000  1.244388  1.174381  0.411498
5851  0.000000  0.000000  0.000000  1.243800  1.173542  0.412111
5852  0.000000  0.000000  0.000000  1.243212  1.172705  0.412721
5853  0.000000  0.000000  0.000000  1.242624  1.171868  0.413327
5854  0.000000  0.000000  0.000000  1.242038  1.171034  0.413930
5855  0.000000  0.000000  0.000000  1.241452  1.170200  0.414529
5856  0.000000  0.000000  0.000000  1.240866  1.169368  0.415124
5857  0.000000  0.000000  0.000000  1.240282  1.168537  0.415716
5858  0.000000  0.000000  0.000000  1.239698  1.167708  0.416304
5859  0.000000  0.000000  0.000000  1.239115  1.166880  0.416888
5860  0.000000  0.000000  0.000000  1.238532  1.166054  0.417469
5861  0.000000  0.000000  0.000000  1.237950  1.165229  0.418046
5862  0.000000  0.000000  0.000000  1.237369  1.164405  0.418619
5863  0.000000  0.000000  0.000000  1.236788  1.163583  0.419189
5864  0.000000  0.000000  0.000000  1.236208  1.162762  0.419755
5865  0.000000  0.000000  0.000000  1.235628  1.161942  0.420318
5866  0.000000  0.000000  0.000000  1.235049  1.161124  0.420877
5867  0.000000  0.000000  0.000000  1.234471  1.160308  0.421432
5868  0.000000  0.000000  0.000000  1.233894  1.159493  0.421984
5869  0.000000  0.000000  0.000000  1.233317  1.158679  0.422532
5870  0.000000  0.000000  0.000000  1.232740  1.157866  0.423076
5871  0.000000  0.000000  0.000000  1.232164  1.157055  0.423617
5872  0.000000  0.000000  0.000000  1.231589  1.156246  0.424155
5873  0.000000  0.000000  0.000000  1.231015  1.155438  0.424688
5874  0.000000  0.000000  0.000000  1.230441  1.154631  0.425218
5875  0.000000  0.000000  0.000000  1.229867  1.153826  0.425745
5876  0.000000  0.000000  0.000000  1.229294  1.153022  0.426268
5877  0.000000  0.000000  0.000000  1.228722  1.152220  0.426787
5878  0.000000  0.000000  0.000000  1.228150  1.151419  0.427303
5879  0.000000  0.000000  0.000000  1.227579  1.150619  0.427815
5880  0.000000  0.000000  0.000000  1.227008  1.149821  0.428323
5881  0.000000  0.000000  0.000000  1.226438  1.149025  0.428828
5882  0.000000  0.000000  0.000000  1.225869  1.148229  0.429329
5883  0.000000  0.000000  0.000000  1.225300  1.147436  0.429827
5884  0.000000  0.000000  0.000000  1.224732  1.146643  0.430321
5885  0.000000  0.000000  0.000000  1.224164  1.145853  0.430812
5886  0.000000  0.000000  0.000000  1.223597  1.145063  0.431299
5887  0.000000  0.000000  0.000000  1.223030  1.144275  0.431783
5888  0.000000  0.000000  0.000000  1.222464  1.143489  0.432262
5889  0.000000  0.000000  0.000000  1.221898  1.142704  0.432739
5890  0.000000  0.000000  0.000000  1.221333  1.141920  0.433211
5891  0.000000  0.000000  0.000000  1.220768  1.141138  0.433681
5892  0.000000  0.000000  0.000000  1.220204  1.140357  0.434146
5893  0.000000  0.000000  0.000000  1.219640  1.139578  0.434608
5894  0.000000  0.000000  0.000000  1.219077  1.138800  0.435067
5895  0.000000  0.000000  0.000000  1.218514  1.138024  0.435522
5896  0.000000  0.000000  0.000000  1.217952  1.137249  0.435973
5897  0.000000  0.000000  0.000000  1.217391  1.136475  0.436421
5898  0.000000  0.000000  0.000000  1.216829  1.135703  0.436865
5899  0.000000  0.000000  0.000000  1.216269  1.134933  0.437306
5900  0.000000  0.000000  0.000000  1.215709  1.134164  0.437743
5901  0.000000  0.000000  0.000000  1.215149  1.133396  0.438177
5902  0.000000  0.000000  0.000000  1.214590  1.132630  0.438607
5903  0.000000  0.000000  0.000000  1.214031  1.131866  0.439034
5904  0.000000  0.000000  0.000000  1.213472  1.131103  0.439457
5905  0.000000  0.000000  0.000000  1.212915  1.130341  0.439876
5906  0.000000  0.000000  0.000000  1.212357  1.129581  0.440292
5907  0.000000  0.000000  0.000000  1.211800  1.128822  0.440705
5908  0.000000  0.000000  0.000000  1.211244  1.128065  0.441114
5909  0.000000  0.000000  0.000000  1.210688  1.127309  0.441519
5910  0.000000  0.000000  0.000000  1.210132  1.126555  0.441921
5911  0.000000  0.000000  0.000000  1.209577  1.125802  0.442320
5912  0.000000  0.000000  0.000000  1.209022  1.125051  0.442715
5913  0.000000  0.000000  0.000000  1.208468  1.124301  0.443106
5914  0.000000  0.000000  0.000000  1.207914  1.123552  0.443494
5915  0.000000  0.000000  0.000000  1.207361  1.122805  0.443878
5916  0.000000  0.000000  0.000000  1.206808  1.122060  0.444259
5917  0.000000  0.000000  0.000000  1.206255  1.121316  0.444636
5918  0.000000  0.000000  0.000000  1.205703  1.120574  0.445010
5919  0.000000  0.000000  0.000000  1.205151  1.119833  0.445381
5920  0.000000  0.000000  0.000000  1.204600  1.119093  0.445747
5921  0.000000  0.000000  0.000000  1.204049  1.118355  0.446111
5922  0.000000  0.000000  0.000000  1.203498  1.117619  0.446471
5923  0.000000  0.000000  0.000000  1.202948  1.116884  0.446827
5924  0.000000  0.000000  0.000000  1.202398  1.116151  0.447180
5925  0.000000  0.000000  0.000000  1.201849  1.115419  0.447529
5926  0.000000  0.000000  0.000000  1.201300  1.114688  0.447875
5927  0.000000  0.000000  0.000000  1.200751  1.113959  0.448218
5928  0.000000  0.000000  0.000000  1.200203  1.113232  0.448557
5929  0.000000  0.000000  0.000000  1.199655  1.112506  0.448892
5930  0.000000  0.000000  0.000000  1.199108  1.111781  0.449224
5931  0.000000  0.000000  0.000000  1.198561  1.111058  0.449552
5932  0.000000  0.000000  0.000000  1.198014  1.110337  0.449878
5933  0.000000  0.000000  0.000000  1.197468  1.109617  0.450199
5934  0.000000  0.000000  0.000000  1.196922  1.108898  0.450517
5935  0.000000  0.000000  0.000000  1.196376  1.108181  0.450832
5936  0.000000  0.000000  0.000000  1.195831  1.107466  0.451143
5937  0.000000  0.000000  0.000000  1.195286  1.106752  0.451451
5938  0.000000  0.000000  0.000000  1.194741  1.106040  0.451755
5939  0.000000  0.000000  0.000000  1.194197  1.105329  0.452056
5940  0.000000  0.000000  0.000000  1.193653  1.104619  0.452353
5941  0.000000  0.000000  0.000000  1.193109  1.103912  0.452647
5942  0.000000  0.000000  0.000000  1.192566  1.103205  0.452937
5943  0.000000  0.000000  0.000000  1.192023  1.102500  0.453224
5944  0.000000  0.000000  0.000000  1.191481  1.101797  0.453508
5945  0.000000  0.000000  0.000000  1.190938  1.101095  0.453788
5946  0.000000  0.000000  0.000000  1.190396  1.100395  0.454065
5947  0.000000  0.000000  0.000000  1.189855  1.099696  0.454338
5948  0.000000  0.000000  0.000000  1.189313  1.098999  0.454608
5949  0.000000  0.000000  0.000000  1.188772  1.098303  0.454874
5950  0.000000  0.000000  0.000000  1.188232  1.097609  0.455137
5951  0.000000  0.000000  0.000000  1.187691  1.096916  0.455396
5952  0.000000  0.000000  0.000000  1.187151  1.096225  0.455652
5953  0.000000  0.000000  0.000000  1.186612  1.095535  0.455905
5954  0.000000  0.000000  0.000000  1.186072  1.094847  0.456154
5955  0.000000  0.000000  0.000000  1.185533  1.094161  0.456400
5956  0.000000  0.000000  0.000000  1.184994  1.093476  0.456642
5957  0.000000  0.000000  0.000000  1.184455  1.092792  0.456881
5958  0.000000  0.000000  0.000000  1.183917  1.092110  0.457117
5959  0.000000  0.000000  0.000000  1.183379  1.091430  0.457349
5960  0.000000  0.000000  0.000000  1.182841  1.090751  0.457577
5961  0.000000  0.000000  0.000000  1.182304  1.090073  0.457803
5962  0.000000  0.000000  0.000000  1.181767  1.089397  0.458024
5963  0.000000  0.000000  0.000000  1.181230  1.088723  0.458243
5964  0.000000  0.000000  0.000000  1.180693  1.088050  0.458458
5965  0.000000  0.000000  0.000000  1.180157  1.087379  0.458670
5966  0.000000  0.000000  0.000000  1.179621  1.086709  0.458878
5967  0.000000  0.000000  0.000000  1.179085  1.086041  0.459083
5968  0.000000  0.000000  0.000000  1.178549  1.085374  0.459284
5969  0.000000  0.000000  0.000000  1.178014  1.084709  0.459482
5970  0.000000  0.000000  0.000000  1.177479  1.084045  0.459677
5971  0.000000  0.000000  0.000000  1.176944  1.083383  0.459868
5972  0.000000  0.000000  0.000000  1.176409  1.082722  0.460056
5973  0.000000  0.000000  0.000000  1.175875  1.082063  0.460240
5974  0.000000  0.000000  0.000000  1.175341  1.081406  0.460421
5975  0.000000  0.000000  0.000000  1.174807  1.080750  0.460599
5976  0.000000  0.000000  0.000000  1.174274  1.080096  0.460773
5977  0.000000  0.000000  0.000000  1.173740  1.079443  0.460944
5978  0.000000  0.000000  0.000000  1.173207  1.078791  0.461112
5979  0.000000  0.000000  0.000000  1.172674  1.078142  0.461276
5980  0.000000  0.000000  0.000000  1.172142  1.077493  0.461437
5981  0.000000  0.000000  0.000000  1.171609  1.076847  0.461594
5982  0.000000  0.000000  0.000000  1.171077  1.076202  0.461748
5983  0.000000  0.000000  0.000000  1.170545  1.075558  0.461899
5984  0.000000  0.000000  0.000000  1.170013  1.074916  0.462046
5985  0.000000  0.000000  0.000000  1.169482  1.074275  0.462190
5986  0.000000  0.000000  0.000000  1.168950  1.073636  0.462331
5987  0.000000  0.000000  0.000000  1.168419  1.072999  0.462468
5988  0.000000  0.000000  0.000000  1.167888  1.072363  0.462602
5989  0.000000  0.000000  0.000000  1.167358  1.071729  0.462732
5990  0.000000  0.000000  0.000000  1.166827  1.071096  0.462860
5991  0.000000  0.000000  0.000000  1.166297  1.070465  0.462983
5992  0.000000  0.000000  0.000000  1.165767  1.069835  0.463104
5993  0.000000  0.000000  0.000000  1.165237  1.069207  0.463221
5994  0.000000  0.000000  0.000000  1.164707  1.068580  0.463335
5995  0.000000  0.000000  0.000000  1.164178  1.067955  0.463445
5996  0.000000  0.000000  0.000000  1.163648  1.067332  0.463552
5997  0.000000  0.000000  0.000000  1.163119  1.066710  0.463656
5998  0.000000  0.000000  0.000000  1.162590  1.066089  0.463756
5999  0.000000  0.000000  0.000000  1.162062  1.065470  0.463853
6000  0.000000  0.000000  0.000000  1.161533  1.064853  0.463947
6001  0.000000  0.000000  0.000000  1.161005  1.064237  0.464037
6002  0.000000  0.000000  0.000000  1.160476  1.063623  0.464124
6003  0.000000  0.000000  0.000000  1.159948  1.063010  0.464208
6004  0.000000  0.000000  0.000000  1.159421  1.062399  0.464289
6005  0.000000  0.000000  0.000000  1.158893  1.061790  0.464366
6006  0.000000  0.000000  0.000000  1.158366  1.061182  0.464439
6007  0.000000  0.000000  0.000000  1.157838  1.060575  0.464510
6008  0.000000  0.000000  0.000000  1.157311  1.059970  0.464577
6009  0.000000  0.000000  0.000000  1.156784  1.059367  0.464641
6010  0.000000  0.000000  0.000000  1.156257  1.058765  0.464701
6011  0.000000  0.000000  0.000000  1.155731  1.058165  0.464758
6012  0.000000  0.000000  0.000000  1.155204  1.057566  0.464812
6013  0.000000  0.000000  0.000000  1.154678  1.056969  0.464862
6014  0.000000  0.000000  0.000000  1.154152  1.056374  0.464910
6015  0.000000  0.000000  0.000000  1.153626  1.055780  0.464954
6016  0.000000  0.000000  0.000000  1.153100  1.055187  0.464994
6017  0.000000  0.000000  0.000000  1.152574  1.054596  0.465031
6018  0.000000  0.000000  0.000000  1.152049  1.054007  0.465065
6019  0.000000  0.000000  0.000000  1.151523  1.053419  0.465096
6020  0.000000  0.000000  0.000000  1.150998  1.052833  0.465123
6021  0.000000  0.000000  0.000000  1.150473  1.052248  0.465147
6022  0.000000  0.000000  0.000000  1.149948  1.051665  0.465168
6023  0.000000  0.000000  0.000000  1.149424  1.051084  0.465186
6024  0.000000  0.000000  0.000000  1.148899  1.050504  0.465200
6025  0.000000  0.000000  0.000000  1.148374  1.049925  0.465211
6026  0.000000  0.000000  0.000000  1.147850  1.049348  0.465218
6027  0.000000  0.000000  0.000000  1.147326  1.048773  0.465223
6028  0.000000  0.000000  0.000000  1.146802  1.048199  0.465224
6029  0.000000  0.000000  0.000000  1.146278  1.047627  0.465221
6030  0.000000  0.000000  0.000000  1.145754  1.047056  0.465216
6031  0.000000  0.000000  0.000000  1.145230  1.046487  0.465207
6032  0.000000  0.000000  0.000000  1.144707  1.045919  0.465195
6033  0.000000  0.000000  0.000000  1.144183  1.045353  0.465180
6034  0.000000  0.000000  0.000000  1.143660  1.044789  0.465161
6035  0.000000  0.000000  0.000000  1.143137  1.044226  0.465139
6036  0.000000  0.000000  0.000000  1.142614  1.043665  0.465114
6037  0.000000  0.000000  0.000000  1.142091  1.043105  0.465085
6038  0.000000  0.000000  0.000000  1.141568  1.042547  0.465054
6039  0.000000  0.000000  0.000000  1.141046  1.041990  0.465019
6040  0.000000  0.000000  0.000000  1.140523  1.041435  0.464980
6041  0.000000  0.000000  0.000000  1.140001  1.040881  0.464939
6042  0.000000  0.000000  0.000000  1.139479  1.040329  0.464894
6043  0.000000  0.000000  0.000000  1.138956  1.039779  0.464846
6044  0.000000  0.000000  0.000000  1.138434  1.039230  0.464795
6045  0.000000  0.000000  0.000000  1.137912  1.038683  0.464740
6046  0.000000  0.000000  0.000000  1.137391  1.038137  0.464682
6047  0.000000  0.000000  0.000000  1.136869  1.037593  0.464621
6048  0.000000  0.000000  0.000000  1.136347  1.037050  0.464557
6049  0.000000  0.000000  0.000000  1.135826  1.036509  0.464489
6050  0.000000  0.000000  0.000000  1.135305  1.035969  0.464418
6051  0.000000  0.000000  0.000000  1.134783  1.035431  0.464344
6052  0.000000  0.000000  0.000000  1.134262  1.034895  0.464267
6053  0.000000  0.000000  0.000000  1.133741  1.034360  0.464186
6054  0.000000  0.000000  0.000000  1.133220  1.033826  0.464102
6055  0.000000  0.000000  0.000000  1.132699  1.033295  0.464015
6056  0.000000  0.000000  0.000000  1.132179  1.032764  0.463925
6057  0.000000  0.000000  0.000000  1.131658  1.032236  0.463832
6058  0.000000  0.000000  0.000000  1.131138  1.031708  0.463735
6059  0.000000  0.000000  0.000000  1.130617  1.031183  0.463635
6060  0.000000  0.000000  0.000000  1.130097  1.030659  0.463531
6061  0.000000  0.000000  0.000000  1.129577  1.030136  0.463425
6062  0.000000  0.000000  0.000000  1.129057  1.029615  0.463315
6063  0.000000  0.000000  0.000000  1.128537  1.029096  0.463202
6064  0.000000  0.000000  0.000000  1.128017  1.028578  0.463086
6065  0.000000  0.000000  0.000000  1.127497  1.028062  0.462967
6066  0.000000  0.000000  0.000000  1.126977  1.027547  0.462844
6067  0.000000  0.000000  0.000000  1.126458  1.027034  0.462718
6068  0.000000  0.000000  0.000000  1.125938  1.026522  0.462589
6069  0.000000  0.000000  0.000000  1.125419  1.026012  0.462457
6070  0.000000  0.000000  0.000000  1.124900  1.025504  0.462322
6071  0.000000  0.000000  0.000000  1.124380  1.024997  0.462183
6072  0.000000  0.000000  0.000000  1.123861  1.024491  0.462041
6073  0.000000  0.000000  0.000000  1.123342  1.023987  0.461896
6074  0.000000  0.000000  0.000000  1.122823  1.023485  0.461747
6075  0.000000  0.000000  0.000000  1.122305  1.022984  0.461596
6076  0.000000  0.000000  0.000000  1.121786  1.022485  0.461441
6077  0.000000  0.000000  0.000000  1.121267  1.021987  0.461283
6078  0.000000  0.000000  0.000000  1.120749  1.021491  0.461122
6079  0.000000  0.000000  0.000000  1.120230  1.020997  0.460958
6080  0.000000  0.000000  0.000000  1.119712  1.020504  0.460790
6081  0.000000  0.000000  0.000000  1.119194  1.020012  0.460619
6082  0.000000  0.000000  0.000000  1.118676  1.019522  0.460445
6083  0.000000  0.000000  0.000000  1.118158  1.019034  0.460268
6084  0.000000  0.000000  0.000000  1.117640  1.018547  0.460088
6085  0.000000  0.000000  0.000000  1.117122  1.018061  0.459904
6086  0.000000  0.000000  0.000000  1.116604  1.017578  0.459717
6087  0.000000  0.000000  0.000000  1.116086  1.017095  0.459528
6088  0.000000  0.000000  0.000000  1.115569  1.016615  0.459334
6089  0.000000  0.000000  0.000000  1.115051  1.016135  0.459138
6090  0.000000  0.000000  0.000000  1.114534  1.015658  0.458939
6091  0.000000  0.000000  0.000000  1.114016  1.015182  0.458736
6092  0.000000  0.000000  0.000000  1.113499  1.014707  0.458530
6093  0.000000  0.000000  0.000000  1.112982  1.014234  0.458321
6094  0.000000  0.000000  0.000000  1.112465  1.013763  0.458109
6095  0.000000  0.000000  0.000000  1.111948  1.013293  0.457893
6096  0.000000  0.000000  0.000000  1.111431  1.012824  0.457675
6097  0.000000  0.000000  0.000000  1.110914  1.012357  0.457453
6098  0.000000  0.000000  0.000000  1.110398  1.011892  0.457228
6099  0.000000  0.000000  0.000000  1.109881  1.011428  0.457000
6100  0.000000  0.000000  0.000000  1.109365  1.010966  0.456768
6101  0.000000  0.000000  0.000000  1.108848  1.010505  0.456534
6102  0.000000  0.000000  0.000000  1.108332  1.010046  0.456296
6103  0.000000  0.000000  0.000000  1.107816  1.009588  0.456056
6104  0.000000  0.000000  0.000000  1.107299  1.009132  0.455812
6105  0.000000  0.000000  0.000000  1.106783  1.008678  0.455564
6106  0.000000  0.000000  0.000000  1.106267  1.008224  0.455314
6107  0.000000  0.000000  0.000000  1.105752  1.007773  0.455061
6108  0.000000  0.000000  0.000000  1.105236  1.007323  0.454804
6109  0.000000  0.000000  0.000000  1.104720  1.006874  0.454544
6110  0.000000  0.000000  0.000000  1.104205  1.006427  0.454281
6111  0.000000  0.000000  0.000000  1.103689  1.005982  0.454015
6112  0.000000  0.000000  0.000000  1.103174  1.005538  0.453746
6113  0.000000  0.000000  0.000000  1.102658  1.005096  0.453474
6114  0.000000  0.000000  0.000000  1.102143  1.004655  0.453198
6115  0.000000  0.000000  0.000000  1.101628  1.004215  0.452919
6116  0.000000  0.000000  0.000000  1.101113  1.003778  0.452637
6117  0.000000  0.000000  0.000000  1.100598  1.003341  0.452352
6118  0.000000  0.000000  0.000000  1.100083  1.002906  0.452064
6119  0.000000  0.000000  0.000000  1.099569  1.002473  0.451773
6120  0.000000  0.000000  0.000000  1.099054  1.002041  0.451478
6121  0.000000  0.000000  0.000000  1.098539  1.001611  0.451181
6122  0.000000  0.000000  0.000000  1.098025  1.001182  0.450880
6123  0.000000  0.000000  0.000000  1.097511  1.000755  0.450576
6124  0.000000  0.000000  0.000000  1.096997  1.000329  0.450269
6125  0.000000  0.000000  0.000000  1.096482  0.999905  0.449959
6126  0.000000  0.000000  0.000000  1.095968  0.999483  0.449646
6127  0.000000  0.000000  0.000000  1.095455  0.999061  0.449329
6128  0.000000  0.000000  0.000000  1.094941  0.998642  0.449010
6129  0.000000  0.000000  0.000000  1.094427  0.998224  0.448687
6130  0.000000  0.000000  0.000000  1.093913  0.997807  0.448361
6131  0.000000  0.000000  0.000000  1.093400  0.997392  0.448032
6132  0.000000  0.000000  0.000000  1.092887  0.996978  0.447700
6133  0.000000  0.000000  0.000000  1.092373  0.996566  0.447365
6134  0.000000  0.000000  0.000000  1.091860  0.996156  0.447027
6135  0.000000  0.000000  0.000000  1.091347  0.995747  0.446685
6136  0.000000  0.000000  0.000000  1.090834  0.995339  0.446340
6137  0.000000  0.000000  0.000000  1.090321  0.994933  0.445993
6138  0.000000  0.000000  0.000000  1.089809  0.994528  0.445642
6139  0.000000  0.000000  0.000000  1.089296  0.994125  0.445288
6140  0.000000  0.000000  0.000000  1.088784  0.993724  0.444931
6141  0.000000  0.000000  0.000000  1.088271  0.993323  0.444571
6142  0.000000  0.000000  0.000000  1.087759  0.992925  0.444207
6143  0.000000  0.000000  0.000000  1.087247  0.992528  0.443841
6144  0.000000  0.000000  0.000000  1.086735  0.992132  0.443471
6145  0.000000  0.000000  0.000000  1.086223  0.991738  0.443099
6146  0.000000  0.000000  0.000000  1.085711  0.991345  0.442723
6147  0.000000  0.000000  0.000000  1.085200  0.990954  0.442344
6148  0.000000  0.000000  0.000000  1.084688  0.990565  0.441962
6149  0.000000  0.000000  0.000000  1.084177  0.990176  0.441577
6150  0.000000  0.000000  0.000000  1.083666  0.989790  0.441189
6151  0.000000  0.000000  0.000000  1.083155  0.989405  0.440797
6152  0.000000  0.000000  0.000000  1.082644  0.989021  0.440403
6153  0.000000  0.000000  0.000000  1.082133  0.988639  0.440005
6154  0.000000  0.000000  0.000000  1.081622  0.988258  0.439605
6155  0.000000  0.000000  0.000000  1.081111  0.987879  0.439201
6156  0.000000  0.000000  0.000000  1.080601  0.987501  0.438794
6157  0.000000  0.000000  0.000000  1.080091  0.987125  0.438384
6158  0.000000  0.000000  0.000000  1.079581  0.986750  0.437971
6159  0.000000  0.000000  0.000000  1.079071  0.986377  0.437555
6160  0.000000  0.000000  0.000000  1.078561  0.986005  0.437136
6161  0.000000  0.000000  0.000000  1.078051  0.985634  0.436714
6162  0.000000  0.000000  0.000000  1.077541  0.985265  0.436288
6163  0.000000  0.000000  0.000000  1.077032  0.984898  0.435860
6164  0.000000  0.000000  0.000000  1.076523  0.984532  0.435428
6165  0.000000  0.000000  0.000000  1.076014  0.984168  0.434994
6166  0.000000  0.000000  0.000000  1.075505  0.983805  0.434556
6167  0.000000  0.000000  0.000000  1.074996  0.983443  0.434115
6168  0.000000  0.000000  0.000000  1.074487  0.983083  0.433671
6169  0.000000  0.000000  0.000000  1.073979  0.982724  0.433224
6170  0.000000  0.000000  0.000000  1.073470  0.982367  0.432774
6171  0.000000  0.000000  0.000000  1.072962  0.982011  0.432321
6172  0.000000  0.000000  0.000000  1.072454  0.981657  0.431864
6173  0.000000  0.000000  0.000000  1.071946  0.981304  0.431405
6174  0.000000  0.000000  0.000000  1.071438  0.980953  0.430943
6175  0.000000  0.000000  0.000000  1.070931  0.980603  0.430477
6176  0.000000  0.000000  0.000000  1.070424  0.980255  0.430009
6177  0.000000  0.000000  0.000000  1.069916  0.979908  0.429537
6178  0.000000  0.000000  0.000000  1.069409  0.979562  0.429062
6179  0.000000  0.000000  0.000000  1.068903  0.979218  0.428584
6180  0.000000  0.000000  0.000000  1.068396  0.978876  0.428103
6181  0.000000  0.000000  0.000000  1.067889  0.978534  0.427619
6182  0.000000  0.000000  0.000000  1.067383  0.978195  0.427132
6183  0.000000  0.000000  0.000000  1.066877  0.977856  0.426642
6184  0.000000  0.000000  0.000000  1.066371  0.977520  0.426149
6185  0.000000  0.000000  0.000000  1.065866  0.977184  0.425653
6186  0.000000  0.000000  0.000000  1.065360  0.976850  0.425154
6187  0.000000  0.000000  0.000000  1.064855  0.976518  0.424651
6188  0.000000  0.000000  0.000000  1.064350  0.976187  0.424146
6189  0.000000  0.000000  0.000000  1.063845  0.975857  0.423637
6190  0.000000  0.000000  0.000000  1.063340  0.975529  0.423126
6191  0.000000  0.000000  0.000000  1.062835  0.975202  0.422611
6192  0.000000  0.000000  0.000000  1.062331  0.974877  0.422094
6193  0.000000  0.000000  0.000000  1.061827  0.974553  0.421573
6194  0.000000  0.000000  0.000000  1.061323  0.974230  0.421049
6195  0.000000  0.000000  0.000000  1.060819  0.973909  0.420522
6196  0.000000  0.000000  0.000000  1.060316  0.973589  0.419992
6197  0.000000  0.000000  0.000000  1.059813  0.973271  0.419459
6198  0.000000  0.000000  0.000000  1.059310  0.972954  0.418923
6199  0.000000  0.000000  0.000000  1.058807  0.972639  0.418384
6200  0.000000  0.000000  0.000000  1.058304  0.972325  0.417842
6201  0.000000  0.000000  0.000000  1.057802  0.972013  0.417297
6202  0.000000  0.000000  0.000000  1.057300  0.971701  0.416749
6203  0.000000  0.000000  0.000000  1.056798  0.971392  0.416197
6204  0.000000  0.000000  0.000000  1.056296  0.971083  0.415643
6205  0.000000  0.000000  0.000000  1.055795  0.970777  0.415086
6206  0.000000  0.000000  0.000000  1.055294  0.970471  0.414525
6207  0.000000  0.000000  0.000000  1.054793  0.970167  0.413962
6208  0.000000  0.000000  0.000000  1.054292  0.969864  0.413395
6209  0.000000  0.000000  0.000000  1.053792  0.969563  0.412826
6210  0.000000  0.000000  0.000000  1.053292  0.969263  0.412253
6211  0.000000  0.000000  0.000000  1.052792  0.968965  0.411678
6212  0.000000  0.000000  0.000000  1.052292  0.968668  0.411099
6213  0.000000  0.000000  0.000000  1.051793  0.968372  0.410517
6214  0.000000  0.000000  0.000000  1.051294  0.968078  0.409932
6215  0.000000  0.000000  0.000000  1.050795  0.967785  0.409345
6216  0.000000  0.000000  0.000000  1.050297  0.967493  0.408754
6217  0.000000  0.000000  0.000000  1.049798  0.967203  0.408160
6218  0.000000  0.000000  0.000000  1.049300  0.966914  0.407563
6219  0.000000  0.000000  0.000000  1.048803  0.966627  0.406963
6220  0.000000  0.000000  0.000000  1.048305  0.966341  0.406360
6221  0.000000  0.000000  0.000000  1.047808  0.966057  0.405754
6222  0.000000  0.000000  0.000000  1.047311  0.965773  0.405145
6223  0.000000  0.000000  0.000000  1.046815  0.965491  0.404533
6224  0.000000  0.000000  0.000000  1.046318  0.965211  0.403918
6225  0.000000  0.000000  0.000000  1.045822  0.964932  0.403300
6226  0.000000  0.000000  0.000000  1.045327  0.964654  0.402679
6227  0.000000  0.000000  0.000000  1.044831  0.964378  0.402054
6228  0.000000  0.000000  0.000000  1.044336  0.964103  0.401427
6229  0.000000  0.000000  0.000000  1.043842  0.963829  0.400797
6230  0.000000  0.000000  0.000000  1.043347  0.963557  0.400164
6231  0.000000  0.000000  0.000000  1.042853  0.963286  0.399527
6232  0.000000  0.000000  0.000000  1.042359  0.963017  0.398888
6233  0.000000  0.000000  0.000000  1.041866  0.962749  0.398246
6234  0.000000  0.000000  0.000000  1.041373  0.962482  0.397600
6235  0.000000  0.000000  0.000000  1.040880  0.962216  0.396952
6236  0.000000  0.000000  0.000000  1.040388  0.961952  0.396301
6237  0.000000  0.000000  0.000000  1.039896  0.961690  0.395646
6238  0.000000  0.000000  0.000000  1.039404  0.961428  0.394989
6239  0.000000  0.000000  0.000000  1.038912  0.961168  0.394328
6240  0.000000  0.000000  0.000000  1.038421  0.960909  0.393665
6241  0.000000  0.000000  0.000000  1.037931  0.960652  0.392998
6242  0.000000  0.000000  0.000000  1.037440  0.960396  0.392329
6243  0.000000  0.000000  0.000000  1.036950  0.960141  0.391656
6244  0.000000  0.000000  0.000000  1.036461  0.959888  0.390981
6245  0.000000  0.000000  0.000000  1.035972  0.959636  0.390302
6246  0.000000  0.000000  0.000000  1.035483  0.959385  0.389621
6247  0.000000  0.000000  0.000000  1.034994  0.959136  0.388936
6248  0.000000  0.000000  0.000000  1.034506  0.958888  0.388249
6249  0.000000  0.000000  0.000000  1.034019  0.958641  0.387558
6250  0.000000  0.000000  0.000000  1.033531  0.958396  0.386864
6251  0.000000  0.000000  0.000000  1.033044  0.958152  0.386168
6252  0.000000  0.000000  0.000000  1.032558  0.957909  0.385468
6253  0.000000  0.000000  0.000000  1.032072  0.957668  0.384766
6254  0.000000  0.000000  0.000000  1.031586  0.957428  0.384060
6255  0.000000  0.000000  0.000000  1.031101  0.957189  0.383351
6256  0.000000  0.000000  0.000000  1.030616  0.956952  0.382640
6257  0.000000  0.000000  0.000000  1.030132  0.956715  0.381925
6258  0.000000  0.000000  0.000000  1.029648  0.956481  0.381207
6259  0.000000  0.000000  0.000000  1.029164  0.956247  0.380487
6260  0.000000  0.000000  0.000000  1.028681  0.956015  0.379763
6261  0.000000  0.000000  0.000000  1.028198  0.955784  0.379036
6262  0.000000  0.000000  0.000000  1.027716  0.955554  0.378307
6263  0.000000  0.000000  0.000000  1.027234  0.955326  0.377574
6264  0.000000  0.000000  0.000000  1.026753  0.955099  0.376839
6265  0.000000  0.000000  0.000000  1.026272  0.954873  0.376100
6266  0.000000  0.000000  0.000000  1.025791  0.954649  0.375358
6267  0.000000  0.000000  0.000000  1.025311  0.954425  0.374614
6268  0.000000  0.000000  0.000000  1.024832  0.954204  0.373866
6269  0.000000  0.000000  0.000000  1.024353  0.953983  0.373115
6270  0.000000  0.000000  0.000000  1.023874  0.953764  0.372362
6271  0.000000  0.000000  0.000000  1.023396  0.953546  0.371605
6272  0.000000  0.000000  0.000000  1.022918  0.953329  0.370846
6273  0.000000  0.000000  0.000000  1.022441  0.953113  0.370083
6274  0.000000  0.000000  0.000000  1.021965  0.952899  0.369317
6275  0.000000  0.000000  0.000000  1.021489  0.952686  0.368549
6276  0.000000  0.000000  0.000000  1.021013  0.952474  0.367777
6277  0.000000  0.000000  0.000000  1.020538  0.952264  0.367003
6278  0.000000  0.000000  0.000000  1.020063  0.952055  0.366225
6279  0.000000  0.000000  0.000000  1.019589  0.951847  0.365445
6280  0.000000  0.000000  0.000000  1.019116  0.951640  0.364661
6281  0.000000  0.000000  0.000000  1.018643  0.951435  0.363874
6282  0.000000  0.000000  0.000000  1.018170  0.951231  0.363085
6283  0.000000  0.000000  0.000000  1.017698  0.951028  0.362293
6284  0.000000  0.000000  0.000000  1.017227  0.950826  0.361497
6285  0.000000  0.000000  0.000000  1.016756  0.950626  0.360699
6286  0.000000  0.000000  0.000000  1.016286  0.950426  0.359897
6287  0.000000  0.000000  0.000000  1.015816  0.950229  0.359093
6288  0.000000  0.000000  0.000000  1.015347  0.950032  0.358285
6289  0.000000  0.000000  0.000000  1.014878  0.949836  0.357475
6290  0.000000  0.000000  0.000000  1.014410  0.949642  0.356662
6291  0.000000  0.000000  0.000000  1.013943  0.949449  0.355845
6292  0.000000  0.000000  0.000000  1.013476  0.949257  0.355026
6293  0.000000  0.000000  0.000000  1.013009  0.949067  0.354204
6294  0.000000  0.000000  0.000000  1.012544  0.948878  0.353378
6295  0.000000  0.000000  0.000000  1.012079  0.948689  0.352550
6296  0.000000  0.000000  0.000000  1.011614  0.948503  0.351719
6297  0.000000  0.000000  0.000000  1.011150  0.948317  0.350884
6298  0.000000  0.000000  0.000000  1.010687  0.948132  0.350047
6299  0.000000  0.000000  0.000000  1.010224  0.947949  0.349207
6300  0.000000  0.036465  0.000000  0.028224  -0.002163  0.028141
6301  0.000000  0.036534  0.000000  0.028216  -0.002137  0.028135
6302  0.000000  0.036603  0.000000  0.028207  -0.002111  0.028128
6303  0.000000  0.036673  0.000000  0.028199  -0.002085  0.028122
6304  0.000000  0.036742  0.000000  0.028190  -0.002058  0.028115
6305  0.000000  0.036812  0.000000  0.028182  -0.002032  0.028109
6306  0.000000  0.036881  0.000000  0.028174  -0.002006  0.028102
6307  0.000000  0.036951  0.000000  0.028166  -0.001980  0.028096
6308  0.000000  0.037020  0.000000  0.028157  -0.001953  0.028089
6309  0.000000  0.037090  0.000000  0.028149  -0.001927  0.028083
6310  0.000000  0.037159  0.000000  0.028141  -0.001901  0.028077
6311  0.000000  0.037229  0.000000  0.028133  -0.001875  0.028070
6312  0.000000  0.037298  0.000000  0.028125  -0.001849  0.028064
6313  0.000000  0.037368  0.000000  0.028116  -0.001823  0.028057
6314  0.000000  0.037437  0.000000  0.028108  -0.001796  0.028051
6315  0.000000  0.037507  0.000000  0.028100  -0.001770  0.028045
6316  0.000000  0.037577  0.000000  0.028092  -0.001744  0.028038
6317  0.000000  0.037646  0.000000  0.028084  -0.001718  0.028032
6318  0.000000  0.037716  0.000000  0.028076  -0.001692  0.028025
6319  0.000000  0.037785  0.000000  0.028068  -0.001666  0.028019
6320  0.000000  0.037855  0.000000  0.028060  -0.001639  0.028013
6321  0.000000  0.037924  0.000000  0.028053  -0.001613  0.028006
6322  0.000000  0.037994  0.000000  0.028045  -0.001587  0.028000
6323  0.000000  0.038064  0.000000  0.028037  -0.001561  0.027993
6324  0.000000  0.038133  0.000000  0.028029  -0.001535  0.027987
6325  0.000000  0.038203  0.000000  0.028021  -0.001509  0.027981
6326  0.000000  0.038273  0.000000  0.028014  -0.001483  0.027974
6327  0.000000  0.038342  0.000000  0.028006  -0.001456  0.027968
6328  0.000000  0.038412  0.000000  0.027998  -0.001430  0.027962
6329  0.000000  0.038482  0.000000  0.027990  -0.001404  0.027955
6330  0.000000  0.038551  0.000000  0.027983  -0.001378  0.027949
6331  0.000000  0.038621  0.000000  0.027975  -0.001352  0.027942
6332  0.000000  0.038691  0.000000  0.027968  -0.001326  0.027936
6333  0.000000  0.038761  0.000000  0.027960  -0.001300  0.027930
6334  0.000000  0.038830  0.000000  0.027952  -0.001274  0.027923
6335  0.000000  0.038900  0.000000  0.027945  -0.001248  0.027917
6336  0.000000  0.038970  0.000000  0.027937  -0.001221  0.027911
6337  0.000000  0.039040  0.000000  0.027930  -0.001195  0.027904
6338  0.000000  0.039109  0.000000  0.027923  -0.001169  0.027898
6339  0.000000  0.039179  0.000000  0.027915  -0.001143  0.027892
6340  0.000000  0.039249  0.000000  0.027908  -0.001117  0.027885
6341  0.000000  0.039319  0.000000  0.027900  -0.001091  0.027879
6342  0.000000  0.039389  0.000000  0.027893  -0.001065  0.027873
6343  0.000000  0.039458  0.000000  0.027886  -0.001039  0.027866
6344  0.000000  0.039528  0.000000  0.027879  -0.001013  0.027860
6345  0.000000  0.039598  0.000000  0.027871  -0.000987  0.027854
6346  0.000000  0.039668  0.000000  0.027864  -0.000961  0.027847
6347  0.000000  0.039738  0.000000  0.027857  -0.000935  0.027841
6348  0.000000  0.039808  0.000000  0.027850  -0.000909  0.027835
6349  0.000000  0.039878  0.000000  0.027843  -0.000883  0.027829
6350  0.000000  0.039947  0.000000  0.027835  -0.000857  0.027822
6351  0.000000  0.040017  0.000000  0.027828  -0.000830  0.027816
6352  0.000000  0.040087  0.000000  0.027821  -0.000804  0.027810
6353  0.000000  0.040157  0.000000  0.027814  -0.000778  0.027803
6354  0.000000  0.040227  0.000000  0.027807  -0.000752  0.027797
6355  0.000000  0.040297  0.000000  0.027800  -0.000726  0.027791
6356  0.000000  0.040367  0.000000  0.027793  -0.000700  0.027785
6357  0.000000  0.040437  0.000000  0.027786  -0.000674  0.027778
6358  0.000000  0.040507  0.000000  0.027780  -0.000648  0.027772
6359  0.000000  0.040577  0.000000  0.027773  -0.000622  0.027766
6360  0.000000  0.040647  0.000000  0.027766  -0.000596  0.027759
6361  0.000000  0.040717  0.000000  0.027759  -0.000570  0.027753
6362  0.000000  0.040787  0.000000  0.027752  -0.000544  0.027747
6363  0.000000  0.040857  0.000000  0.027746  -0.000518  0.027741
6364  0.000000  0.040927  0.000000  0.027739  -0.000492  0.027734
6365  0.000000  0.040997  0.000000  0.027732  -0.000466  0.027728
6366  0.000000  0.041067  0.000000  0.027725  -0.000440  0.027722
6367  0.000000  0.041137  0.000000  0.027719  -0.000414  0.027716
6368  0.000000  0.041207  0.000000  0.027712  -0.000388  0.027709
6369  0.000000  0.041277  0.000000  0.027706  -0.000363  0.027703
6370  0.000000  0.041347  0.000000  0.027699  -0.000337  0.027697
6371  0.000000  0.041417  0.000000  0.027693  -0.000311  0.027691
6372  0.000000  0.041487  0.000000  0.027686  -0.000285  0.027685
6373  0.000000  0.041557  0.000000  0.027680  -0.000259  0.027678
6374  0.000000  0.041627  0.000000  0.027673  -0.000233  0.027672
6375  0.000000  0.041698  0.000000  0.027667  -0.000207  0.027666
6376  0.000000  0.041768  0.000000  0.027660  -0.000181  0.027660
6377  0.000000  0.041838  0.000000  0.027654  -0.000155  0.027653
6378  0.000000  0.041908  0.000000  0.027648  -0.000129  0.027647
6379  0.000000  0.041978  0.000000  0.027641  -0.000103  0.027641
6380  0.000000  0.042048  0.000000  0.027635  -0.000077  0.027635
6381  0.000000  0.042118  0.000000  0.027629  -0.000051  0.027629
6382  0.000000  0.042189  0.000000  0.027622  -0.000025  0.027622
6383  0.000000  0.042259  0.000000  0.027616  0.000001  0.027616
6384  0.000000  0.042329  0.000000  0.027610  0.000026  0.027610
6385  0.000000  0.042399  0.000000  0.027604  0.000052  0.027604
6386  0.000000  0.042469  0.000000  0.027598  0.000078  0.027598
6387  0.000000  0.042539  0.000000  0.027592  0.000104  0.027592
6388  0.000000  0.042610  0.000000  0.027586  0.000130  0.027585
6389  0.000000  0.042680  0.000000  0.027580  0.000156  0.027579
6390  0.000000  0.042750  0.000000  0.027574  0.000182  0.027573
6391  0.000000  0.042820  0.000000  0.027568  0.000208  0.027567
6392  0.000000  0.042891  0.000000  0.027562  0.000234  0.027561
6393  0.000000  0.042961  0.000000  0.027556  0.000259  0.027554
6394  0.000000  0.043031  0.000000  0.027550  0.000285  0.027548
6395  0.000000  0.043101  0.000000  0.027544  0.000311  0.027542
6396  0.000000  0.043172  0.000000  0.027538  0.000337  0.027536
6397  0.000000  0.043242  0.000000  0.027532  0.000363  0.027530
6398  0.000000  0.043312  0.000000  0.027526  0.000389  0.027524
6399  0.000000  0.043383  0.000000  0.027521  0.000415  0.027518
6400  0.000000  0.043453  0.000000  0.027515  0.000440  0.027511
6401  0.000000  0.043523  0.000000  0.027509  0.000466  0.027505
6402  0.000000  0.043594  0.000000  0.027504  0.000492  0.027499
6403  0.000000  0.043664  0.000000  0.027498  0.000518  0.027493
6404  0.000000  0.043734  0.000000  0.027492  0.000544  0.027487
6405  0.000000  0.043805  0.000000  0.027487  0.000570  0.027481
6406  0.000000  0.043875  0.000000  0.027481  0.000595  0.027475
6407  0.000000  0.043945  0.000000  0.027476  0.000621  0.027469
6408  0.000000  0.044016  0.000000  0.027470  0.000647  0.027462
6409  0.000000  0.044086  0.000000  0.027465  0.000673  0.027456
6410  0.000000  0.044157  0.000000  0.027459  0.000699  0.027450
6411  0.000000  0.044227  0.000000  0.027454  0.000724  0.027444
6412  0.000000  0.044297  0.000000  0.027448  0.000750  0.027438
6413  0.000000  0.044368  0.000000  0.027443  0.000776  0.027432
6414  0.000000  0.044438  0.000000  0.027438  0.000802  0.027426
6415  0.000000  0.044509  0.000000  0.027432  0.000827  0.027420
6416  0.000000  0.044579  0.000000  0.027427  0.000853  0.027414
6417  0.000000  0.044650  0.000000  0.027422  0.000879  0.027408
6418  0.000000  0.044720  0.000000  0.027416  0.000905  0.027401
6419  0.000000  0.044790  0.000000  0.027411  0.000931  0.027395
6420  0.000000  0.044861  0.000000  0.027406  0.000956  0.027389
6421  0.000000  0.044931  0.000000  0.027401  0.000982  0.027383
6422  0.000000  0.045002  0.000000  0.027396  0.001008  0.027377
6423  0.000000  0.045072  0.000000  0.027391  0.001034  0.027371
6424  0.000000  0.045143  0.000000  0.027385  0.001059  0.027365
6425  0.000000  0.045213  0.000000  0.027380  0.001085  0.027359
6426  0.000000  0.045284  0.000000  0.027375  0.001111  0.027353
6427  0.000000  0.045354  0.000000  0.027370  0.001137  0.027347
6428  0.000000  0.045425  0.000000  0.027365  0.001162  0.027341
6429  0.000000  0.045496  0.000000  0.027360  0.001188  0.027335
6430  0.000000  0.045566  0.000000  0.027356  0.001214  0.027329
6431  0.000000  0.045637  0.000000  0.027351  0.001239  0.027323
6432  0.000000  0.045707  0.000000  0.027346  0.001265  0.027317
6433  0.000000  0.045778  0.000000  0.027341  0.001291  0.027311
6434  0.000000  0.045848  0.000000  0.027336  0.001316  0.027304
6435  0.000000  0.045919  0.000000  0.027331  0.001342  0.027298
6436  0.000000  0.045989  0.000000  0.027327  0.001368  0.027292
6437  0.000000  0.046060  0.000000  0.027322  0.001394  0.027286
6438  0.000000  0.046131  0.000000  0.027317  0.001419  0.027280
6439  0.000000  0.046201  0.000000  0.027313  0.001445  0.027274
6440  0.000000  0.046272  0.000000  0.027308  0.001471  0.027268
6441  0.000000  0.046343  0.000000  0.027303  0.001496  0.027262
6442  0.000000  0.046413  0.000000  0.027299  0.001522  0.027256
6443  0.000000  0.046484  0.000000  0.027294  0.001548  0.027250
6444  0.000000  0.046554  0.000000  0.027290  0.001573  0.027244
6445  0.000000  0.046625  0.000000  0.027285  0.001599  0.027238
6446  0.000000  0.046696  0.000000  0.027281  0.001625  0.027232
6447  0.000000  0.046766  0.000000  0.027276  0.001650  0.027226
6448  0.000000  0.046837  0.000000  0.027272  0.001676  0.027220
6449  0.000000  0.046908  0.000000  0.027267  0.001701  0.027214
6450  0.000000  0.046978  0.000000  0.027263  0.001727  0.027208
6451  0.000000  0.047049  0.000000  0.027259  0.001753  0.027202
6452  0.000000  0.047120  0.000000  0.027254  0.001778  0.027196
6453  0.000000  0.047191  0.000000  0.027250  0.001804  0.027190
6454  0.000000  0.047261  0.000000  0.027246  0.001830  0.027184
6455  0.000000  0.047332  0.000000  0.027242  0.001855  0.027178
6456  0.000000  0.047403  0.000000  0.027237  0.001881  0.027172
6457  0.000000  0.047473  0.000000  0.027233  0.001906  0.027166
6458  0.000000  0.047544  0.000000  0.027229  0.001932  0.027161
6459  0.000000  0.047615  0.000000  0.027225  0.001958  0.027155
6460  0.000000  0.047686  0.000000  0.027221  0.001983  0.027149
6461  0.000000  0.047756  0.000000  0.027217  0.002009  0.027143
6462  0.000000  0.047827  0.000000  0.027213  0.002034  0.027137
6463  0.000000  0.047898  0.000000  0.027209  0.002060  0.027131
6464  0.000000  0.047969  0.000000  0.027205  0.002085  0.027125
6465  0.000000  0.048040  0.000000  0.027201  0.002111  0.027119
6466  0.000000  0.048110  0.000000  0.027197  0.002137  0.027113
6467  0.000000  0.048181  0.000000  0.027193  0.002162  0.027107
6468  0.000000  0.048252  0.000000  0.027189  0.002188  0.027101
6469  0.000000  0.048323  0.000000  0.027185  0.002213  0.027095
6470  0.000000  0.048394  0.000000  0.027182  0.002239  0.027089
6471  0.000000  0.048464  0.000000  0.027178  0.002264  0.027083
6472  0.000000  0.048535  0.000000  0.027174  0.002290  0.027077
6473  0.000000  0.048606  0.000000  0.027170  0.002315  0.027071
6474  0.000000  0.048677  0.000000  0.027167  0.002341  0.027066
6475  0.000000  0.048748  0.000000  0.027163  0.002366  0.027060
6476  0.000000  0.048819  0.000000  0.027159  0.002392  0.027054
6477  0.000000  0.048889  0.000000  0.027156  0.002417  0.027048
6478  0.000000  0.048960  0.000000  0.027152  0.002443  0.027042
6479  0.000000  0.049031  0.000000  0.027148  0.002468  0.027036
6480  0.000000  0.049102  0.000000  0.027145  0.002494  0.027030
6481  0.000000  0.049173  0.000000  0.027141  0.002519  0.027024
6482  0.000000  0.049244  0.000000  0.027138  0.002545  0.027018
6483  0.000000  0.049315  0.000000  0.027134  0.002570  0.027012
6484  0.000000  0.049386  0.000000  0.027131  0.002596  0.027007
6485  0.000000  0.049456  0.000000  0.027128  0.002621  0.027001
6486  0.000000  0.049527  0.000000  0.027124  0.002647  0.026995
6487  0.000000  0.049598  0.000000  0.027121  0.002672  0.026989
6488  0.000000  0.049669  0.000000  0.027118  0.002698  0.026983
6489  0.000000  0.049740  0.000000  0.027114  0.002723  0.026977
6490  0.000000  0.049811  0.000000  0.027111  0.002749  0.026971
6491  0.000000  0.049882  0.000000  0.027108  0.002774  0.026965
6492  0.000000  0.049953  0.000000  0.027105  0.002800  0.026960
6493  0.000000  0.050024  0.000000  0.027101  0.002825  0.026954
6494  0.000000  0.050095  0.000000  0.027098  0.002850  0.026948
6495  0.000000  0.050166  0.000000  0.027095  0.002876  0.026942
6496  0.000000  0.050237  0.000000  0.027092  0.002901  0.026936
6497  0.000000  0.050308  0.000000  0.027089  0.002927  0.026930
6498  0.000000  0.050379  0.000000  0.027086  0.002952  0.026924
6499  0.000000  0.050450  0.000000  0.027083  0.002978  0.026919
6500  0.000000  0.050521  0.000000  0.027080  0.003003  0.026913
6501  0.000000  0.050592  0.000000  0.027077  0.003028  0.026907
6502  0.000000  0.050663  0.000000  0.027074  0.003054  0.026901
6503  0.000000  0.050734  0.000000  0.027071  0.003079  0.026895
6504  0.000000  0.050805  0.000000  0.027068  0.003105  0.026889
6505  0.000000  0.050876  0.000000  0.027065  0.003130  0.026884
6506  0.000000  0.050947  0.000000  0.027062  0.003155  0.026878
6507  0.000000  0.051018  0.000000  0.027060  0.003181  0.026872
6508  0.000000  0.051089  0.000000  0.027057  0.003206  0.026866
6509  0.000000  0.051160  0.000000  0.027054  0.003231  0.026860
6510  0.000000  0.051231  0.000000  0.027051  0.003257  0.026855
6511  0.000000  0.051302  0.000000  0.027049  0.003282  0.026849
6512  0.000000  0.051373  0.000000  0.027046  0.003307  0.026843
6513  0.000000  0.051444  0.000000  0.027043  0.003333  0.026837
6514  0.000000  0.051515  0.000000  0.027041  0.003358  0.026831
6515  0.000000  0.051586  0.000000  0.027038  0.003384  0.026826
6516  0.000000  0.051657  0.000000  0.027036  0.003409  0.026820
6517  0.000000  0.051728  0.000000  0.027033  0.003434  0.026814
6518  0.000000  0.051799  0.000000  0.027031  0.003460  0.026808
6519  0.000000  0.051870  0.000000  0.027028  0.003485  0.026802
6520  0.000000  0.051941  0.000000  0.027026  0.003510  0.026797
6521  0.000000  0.052012  0.000000  0.027023  0.003535  0.026791
6522  0.000000  0.052083  0.000000  0.027021  0.003561  0.026785
6523  0.000000  0.052155  0.000000  0.027018  0.003586  0.026779
6524  0.000000  0.052226  0.000000  0.027016  0.003611  0.026774
6525  0.000000  0.052297  0.000000  0.027014  0.003637  0.026768
6526  0.000000  0.052368  0.000000  0.027011  0.003662  0.026762
6527  0.000000  0.052439  0.000000  0.027009  0.003687  0.026756
6528  0.000000  0.052510  0.000000  0.027007  0.003713  0.026751
6529  0.000000  0.052581  0.000000  0.027005  0.003738  0.026745
6530  0.000000  0.052652  0.000000  0.027003  0.003763  0.026739
6531  0.000000  0.052723  0.000000  0.027000  0.003788  0.026733
6532  0.000000  0.052795  0.000000  0.026998  0.003814  0.026728
6533  0.000000  0.052866  0.000000  0.026996  0.003839  0.026722
6534  0.000000  0.052937  0.000000  0.026994  0.003864  0.026716
6535  0.000000  0.053008  0.000000  0.026992  0.003889  0.026710
6536  0.000000  0.053079  0.000000  0.026990  0.003915  0.026705
6537  0.000000  0.053150  0.000000  0.026988  0.003940  0.026699
6538  0.000000  0.053221  0.000000  0.026986  0.003965  0.026693
6539  0.000000  0.053293  0.000000  0.026984  0.003990  0.026688
6540  0.000000  0.053364  0.000000  0.026982  0.004016  0.026682
6541  0.000000  0.053435  0.000000  0.026980  0.004041  0.026676
6542  0.000000  0.053506  0.000000  0.026979  0.004066  0.026670
6543  0.000000  0.053577  0.000000  0.026977  0.004091  0.026665
6544  0.000000  0.053648  0.000000  0.026975  0.004116  0.026659
6545  0.000000  0.053720  0.000000  0.026973  0.004142  0.026653
6546  0.000000  0.053791  0.000000  0.026971  0.004167  0.026648
6547  0.000000  0.053862  0.000000  0.026970  0.004192  0.026642
6548  0.000000  0.053933  0.000000  0.026968  0.004217  0.026636
6549  0.000000  0.054004  0.000000  0.026966  0.004242  0.026630
6550  0.000000  0.054075  0.000000  0.026965  0.004267  0.026625
6551  0.000000  0.054147  0.000000  0.026963  0.004293  0.026619
6552  0.000000  0.054218  0.000000  0.026961  0.004318  0.026613
6553  0.000000  0.054289  0.000000  0.026960  0.004343  0.026608
6554  0.000000  0.054360  0.000000  0.026958  0.004368  0.026602
6555  0.000000  0.054431  0.000000  0.026957  0.004393  0.026596
6556  0.000000  0.054503  0.000000  0.026955  0.004418  0.026591
6557  0.000000  0.054574  0.000000  0.026954  0.004444  0.026585
6558  0.000000  0.054645  0.000000  0.026952  0.004469  0.026579
6559  0.000000  0.054716  0.000000  0.026951  0.004494  0.026574
6560  0.000000  0.054788  0.000000  0.026950  0.004519  0.026568
6561  0.000000  0.054859  0.000000  0.026948  0.004544  0.026562
6562  0.000000  0.054930  0.000000  0.026947  0.004569  0.026557
6563  0.000000  0.055001  0.000000  0.026946  0.004594  0.026551
6564  0.000000  0.055073  0.000000  0.026944  0.004619  0.026545
6565  0.000000  0.055144  0.000000  0.026943  0.004645  0.026540
6566  0.000000  0.055215  0.000000  0.026942  0.004670  0.026534
6567  0.000000  0.055286  0.000000  0.026941  0.004695  0.026529
6568  0.000000  0.055358  0.000000  0.026940  0.004720  0.026523
6569  0.000000  0.055429  0.000000  0.026938  0.004745  0.026517
6570  0.000000  0.055500  0.000000  0.026937  0.004770  0.026512
6571  0.000000  0.055571  0.000000  0.026936  0.004795  0.026506
6572  0.000000  0.055643  0.000000  0.026935  0.004820  0.026500
6573  0.000000  0.055714  0.000000  0.026934  0.004845  0.026495
6574  0.000000  0.055785  0.000000  0.026933  0.004870  0.026489
6575  0.000000  0.055856  0.000000  0.026932  0.004895  0.026484
6576  0.000000  0.055928  0.000000  0.026931  0.004920  0.026478
6577  0.000000  0.055999  0.000000  0.026930  0.004945  0.026472
6578  0.000000  0.056070  0.000000  0.026929  0.004970  0.026467
6579  0.000000  0.056141  0.000000  0.026929  0.004995  0.026461
6580  0.000000  0.056213  0.000000  0.026928  0.005021  0.026456
6581  0.000000  0.056284  0.000000  0.026927  0.005046  0.026450
6582  0.000000  0.056355  0.000000  0.026926  0.005071  0.026444
6583  0.000000  0.056427  0.000000  0.026925  0.005096  0.026439
6584  0.000000  0.056498  0.000000  0.026925  0.005121  0.026433
6585  0.000000  0.056569  0.000000  0.026924  0.005146  0.026428
6586  0.000000  0.056640  0.000000  0.026923  0.005171  0.026422
6587  0.000000  0.056712  0.000000  0.026922  0.005196  0.026416
6588  0.000000  0.056783  0.000000  0.026922  0.005221  0.026411
6589  0.000000  0.056854  0.000000  0.026921  0.005246  0.026405
6590  0.000000  0.056926  0.000000  0.026921  0.005271  0.026400
6591  0.000000  0.056997  0.000000  0.026920  0.005296  0.026394
6592  0.000000  0.057068  0.000000  0.026920  0.005321  0.026389
6593  0.000000  0.057140  0.000000  0.026919  0.005345  0.026383
6594  0.000000  0.057211  0.000000  0.026919  0.005370  0.026377
6595  0.000000  0.057282  0.000000  0.026918  0.005395  0.026372
6596  0.000000  0.057354  0.000000  0.026918  0.005420  0.026366
6597  0.000000  0.057425  0.000000  0.026917  0.005445  0.026361
6598  0.000000  0.057496  0.000000  0.026917  0.005470  0.026355
6599  0.000000  0.057568  0.000000  0.026917  0.005495  0.026350
6600  0.000000  0.057639  0.000000  0.026916  0.005520  0.026344
6601  0.000000  0.057710  0.000000  0.026916  0.005545  0.026339
6602  0.000000  0.057782  0.000000  0.026916  0.005570  0.026333
6603  0.000000  0.057853  0.000000  0.026915  0.005595  0.026328
6604  0.000000  0.057924  0.000000  0.026915  0.005620  0.026322
6605  0.000000  0.057996  0.000000  0.026915  0.005645  0.026316
6606  0.000000  0.058067  0.000000  0.026915  0.005670  0.026311
6607  0.000000  0.058138  0.000000  0.026915  0.005695  0.026305
6608  0.000000  0.058210  0.000000  0.026915  0.005719  0.026300
6609  0.000000  0.058281  0.000000  0.026915  0.005744  0.026294
6610  0.000000  0.058352  0.000000  0.026914  0.005769  0.026289
6611  0.000000  0.058424  0.000000  0.026914  0.005794  0.026283
6612  0.000000  0.058495  0.000000  0.026914  0.005819  0.026278
6613  0.000000  0.058566  0.000000  0.026914  0.005844  0.026272
6614  0.000000  0.058638  0.000000  0.026914  0.005869  0.026267
6615  0.000000  0.058709  0.000000  0.026915  0.005894  0.026261
6616  0.000000  0.058780  0.000000  0.026915  0.005918  0.026256
6617  0.000000  0.058852  0.000000  0.026915  0.005943  0.026250
6618  0.000000  0.058923  0.000000  0.026915  0.005968  0.026245
6619  0.000000  0.058994  0.000000  0.026915  0.005993  0.026239
6620  0.000000  0.059066  0.000000  0.026915  0.006018  0.026234
6621  0.000000  0.059137  0.000000  0.026915  0.006043  0.026228
6622  0.000000  0.059208  0.000000  0.026916  0.006067  0.026223
6623  0.000000  0.059280  0.000000  0.026916  0.006092  0.026217
6624  0.000000  0.059351  0.000000  0.026916  0.006117  0.026212
6625  0.000000  0.059422  0.000000  0.026917  0.006142  0.026207
6626  0.000000  0.059494  0.000000  0.026917  0.006167  0.026201
6627  0.000000  0.059565  0.000000  0.026917  0.006191  0.026196
6628  0.000000  0.059636  0.000000  0.026918  0.006216  0.026190
6629  0.000000  0.059708  0.000000  0.026918  0.006241  0.026185
6630  0.000000  0.059779  0.000000  0.026919  0.006266  0.026179
6631  0.000000  0.059851  0.000000  0.026919  0.006291  0.026174
6632  0.000000  0.059922  0.000000  0.026920  0.006315  0.026168
6633  0.000000  0.059993  0.000000  0.026920  0.006340  0.026163
6634  0.000000  0.060065  0.000000  0.026921  0.006365  0.026157
6635  0.000000  0.060136  0.000000  0.026921  0.006390  0.026152
6636  0.000000  0.060207  0.000000  0.026922  0.006414  0.026147
6637  0.000000  0.060279  0.000000  0.026923  0.006439  0.026141
6638  0.000000  0.060350  0.000000  0.026923  0.006464  0.026136
6639  0.000000  0.060421  0.000000  0.026924  0.006489  0.026130
6640  0.000000  0.060493  0.000000  0.026925  0.006513  0.026125
6641  0.000000  0.060564  0.000000  0.026925  0.006538  0.026119
6642  0.000000  0.060636  0.000000  0.026926  0.006563  0.026114
6643  0.000000  0.060707  0.000000  0.026927  0.006587  0.026109
6644  0.000000  0.060778  0.000000  0.026928  0.006612  0.026103
6645  0.000000  0.060850  0.000000  0.026928  0.006637  0.026098
6646  0.000000  0.060921  0.000000  0.026929  0.006662  0.026092
6647  0.000000  0.060992  0.000000  0.026930  0.006686  0.026087
6648  0.000000  0.061064  0.000000  0.026931  0.006711  0.026082
6649  0.000000  0.061135  0.000000  0.026932  0.006736  0.026076
6650  0.000000  0.061206  0.000000  0.026933  0.006760  0.026071
6651  0.000000  0.061278  0.000000  0.026934  0.006785  0.026065
6652  0.000000  0.061349  0.000000  0.026935  0.006810  0.026060
6653  0.000000  0.061421  0.000000  0.026936  0.006834  0.026055
6654  0.000000  0.061492  0.000000  0.026937  0.006859  0.026049
6655  0.000000  0.061563  0.000000  0.026938  0.006884  0.026044
6656  0.000000  0.061635  0.000000  0.026939  0.006908  0.026038
6657  0.000000  0.061706  0.000000  0.026940  0.006933  0.026033
6658  0.000000  0.061777  0.000000  0.026942  0.006958  0.026028
6659  0.000000  0.061849  0.000000  0.026943  0.006982  0.026022
6660  0.000000  0.061920  0.000000  0.026944  0.007007  0.026017
6661  0.000000  0.061991  0.000000  0.026945  0.007031  0.026012
6662  0.000000  0.062063  0.000000  0.026946  0.007056  0.026006
6663  0.000000  0.062134  0.000000  0.026948  0.007081  0.026001
6664  0.000000  0.062206  0.000000  0.026949  0.007105  0.025995
6665  0.000000  0.062277  0.000000  0.026950  0.007130  0.025990
6666  0.000000  0.062348  0.000000  0.026952  0.007154  0.025985
6667  0.000000  0.062420  0.000000  0.026953  0.007179  0.025979
6668  0.000000  0.062491  0.000000  0.026955  0.007204  0.025974
6669  0.000000  0.062562  0.000000  0.026956  0.007228  0.025969
6670  0.000000  0.062634  0.000000  0.026957  0.007253  0.025963
6671  0.000000  0.062705  0.000000  0.026959  0.007277  0.025958
6672  0.000000  0.062776  0.000000  0.026960  0.007302  0.025953
6673  0.000000  0.062848  0.000000  0.026962  0.007326  0.025947
6674  0.000000  0.062919  0.000000  0.026963  0.007351  0.025942
6675  0.000000  0.062990  0.000000  0.026965  0.007376  0.025937
6676  0.000000  0.063062  0.000000  0.026967  0.007400  0.025931
6677  0.000000  0.063133  0.000000  0.026968  0.007425  0.025926
6678  0.000000  0.063204  0.000000  0.026970  0.007449  0.025921
6679  0.000000  0.063276  0.000000  0.026972  0.007474  0.025915
6680  0.000000  0.063347  0.000000  0.026973  0.007498  0.025910
6681  0.000000  0.063419  0.000000  0.026975  0.007523  0.025905
6682  0.000000  0.063490  0.000000  0.026977  0.007547  0.025900
6683  0.000000  0.063561  0.000000  0.026979  0.007572  0.025894
6684  0.000000  0.063633  0.000000  0.026980  0.007596  0.025889
6685  0.000000  0.063704  0.000000  0.026982  0.007621  0.025884
6686  0.000000  0.063775  0.000000  0.026984  0.007645  0.025878
6687  0.000000  0.063847  0.000000  0.026986  0.007670  0.025873
6688  0.000000  0.063918  0.000000  0.026988  0.007694  0.025868
6689  0.000000  0.063989  0.000000  0.026990  0.007719  0.025862
6690  0.000000  0.064061  0.000000  0.026992  0.007743  0.025857
6691  0.000000  0.064132  0.000000  0.026994  0.007768  0.025852
6692  0.000000  0.064203  0.000000  0.026996  0.007792  0.025847
6693  0.000000  0.064275  0.000000  0.026998  0.007816  0.025841
6694  0.000000  0.064346  0.000000  0.027000  0.007841  0.025836
6695  0.000000  0.064417  0.000000  0.027002  0.007865  0.025831
6696  0.000000  0.064489  0.000000  0.027004  0.007890  0.025826
6697  0.000000  0.064560  0.000000  0.027006  0.007914  0.025820
6698  0.000000  0.064631  0.000000  0.027008  0.007939  0.025815
6699  0.000000  0.064702  0.000000  0.027010  0.007963  0.025810
6700  0.000000  0.064774  0.000000  0.027012  0.007987  0.025805
6701  0.000000  0.064845  0.000000  0.027015  0.008012  0.025799
6702  0.000000  0.064916  0.000000  0.027017  0.008036  0.025794
6703  0.000000  0.064988  0.000000  0.027019  0.008061  0.025789
6704  0.000000  0.065059  0.000000  0.027021  0.008085  0.025784
6705  0.000000  0.065130  0.000000  0.027024  0.008109  0.025778
6706  0.000000  0.065202  0.000000  0.027026  0.008134  0.025773
6707  0.000000  0.065273  0.000000  0.027028  0.008158  0.025768
6708  0.000000  0.065344  0.000000  0.027031  0.008183  0.025763
6709  0.000000  0.065416  0.000000  0.027033  0.008207  0.025757
6710  0.000000  0.065487  0.000000  0.027036  0.008231  0.025752
6711  0.000000  0.065558  0.000000  0.027038  0.008256  0.025747
6712  0.000000  0.065629  0.000000  0.027041  0.008280  0.025742
6713  0.000000  0.065701  0.000000  0.027043  0.008304  0.025736
6714  0.000000  0.065772  0.000000  0.027046  0.008329  0.025731
6715  0.000000  0.065843  0.000000  0.027048  0.008353  0.025726
6716  0.000000  0.065915  0.000000  0.027051  0.008377  0.025721
6717  0.000000  0.065986  0.000000  0.027053  0.008402  0.025716
6718  0.000000  0.066057  0.000000  0.027056  0.008426  0.025710
6719  0.000000  0.066128  0.000000  0.027059  0.008450  0.025705
6720  0.000000  0.066200  0.000000  0.027061  0.008475  0.025700
6721  0.000000  0.066271  0.000000  0.027064  0.008499  0.025695
6722  0.000000  0.066342  0.000000  0.027067  0.008523  0.025690
6723  0.000000  0.066413  0.000000  0.027069  0.008547  0.025684
6724  0.000000  0.066485  0.000000  0.027072  0.008572  0.025679
6725  0.000000  0.066556  0.000000  0.027075  0.008596  0.025674
6726  0.000000  0.066627  0.000000  0.027078  0.008620  0.025669
6727  0.000000  0.066699  0.000000  0.027080  0.008645  0.025664
6728  0.000000  0.066770  0.000000  0.027083  0.008669  0.025659
6729  0.000000  0.066841  0.000000  0.027086  0.008693  0.025653
6730  0.000000  0.066912  0.000000  0.027089  0.008717  0.025648
6731  0.000000  0.066984  0.000000  0.027092  0.008742  0.025643
6732  0.000000  0.067055  0.000000  0.027095  0.008766  0.025638
6733  0.000000  0.067126  0.000000  0.027098  0.008790  0.025633
6734  0.000000  0.067197  0.000000  0.027101  0.008814  0.025627
6735  0.000000  0.067268  0.000000  0.027104  0.008838  0.025622
6736  0.000000  0.067340  0.000000  0.027107  0.008863  0.025617
6737  0.000000  0.067411  0.000000  0.027110  0.008887  0.025612
6738  0.000000  0.067482  0.000000  0.027113  0.008911  0.025607
6739  0.000000  0.067553  0.000000  0.027116  0.008935  0.025602
6740  0.000000  0.067625  0.000000  0.027119  0.008959  0.025597
6741  0.000000  0.067696  0.000000  0.027122  0.008984  0.025591
6742  0.000000  0.067767  0.000000  0.027126  0.009008  0.025586
6743  0.000000  0.067838  0.000000  0.027129  0.009032  0.025581
6744  0.000000  0.067909  0.000000  0.027132  0.009056  0.025576
6745  0.000000  0.067981  0.000000  0.027135  0.009080  0.025571
6746  0.000000  0.068052  0.000000  0.027139  0.009104  0.025566
6747  0.000000  0.068123  0.000000  0.027142  0.009129  0.025561
6748  0.000000  0.068194  0.000000  0.027145  0.009153  0.025556
6749  0.000000  0.068265  0.000000  0.027148  0.009177  0.025550
6750  0.000000  0.068336  0.000000  0.027152  0.009201  0.025545
6751  0.000000  0.068408  0.000000  0.027155  0.009225  0.025540
6752  0.000000  0.068479  0.000000  0.027159  0.009249  0.025535
6753  0.000000  0.068550  0.000000  0.027162  0.009273  0.025530
6754  0.000000  0.068621  0.000000  0.027165  0.009298  0.025525
6755  0.000000  0.068692  0.000000  0.027169  0.009322  0.025520
6756  0.000000  0.068763  0.000000  0.027172  0.009346  0.025515
6757  0.000000  0.068835  0.000000  0.027176  0.009370  0.025510
6758  0.000000  0.068906  0.000000  0.027179  0.009394  0.025504
6759  0.000000  0.068977  0.000000  0.027183  0.009418  0.025499
6760  0.000000  0.069048  0.000000  0.027187  0.009442  0.025494
6761  0.000000  0.069119  0.000000  0.027190  0.009466  0.025489
6762  0.000000  0.069190  0.000000  0.027194  0.009490  0.025484
6763  0.000000  0.069261  0.000000  0.027197  0.009514  0.025479
6764  0.000000  0.069333  0.000000  0.027201  0.009538  0.025474
6765  0.000000  0.069404  0.000000  0.027205  0.009562  0.025469
6766  0.000000  0.069475  0.000000  0.027209  0.009586  0.025464
6767  0.000000  0.069546  0.000000  0.027212  0.009610  0.025459
6768  0.000000  0.069617  0.000000  0.027216  0.009634  0.025454
6769  0.000000  0.069688  0.000000  0.027220  0.009658  0.025449
6770  0.000000  0.069759  0.000000  0.027224  0.009683  0.025444
6771  0.000000  0.069830  0.000000  0.027227  0.009707  0.025439
6772  0.000000  0.069901  0.000000  0.027231  0.009731  0.025433
6773  0.000000  0.069973  0.000000  0.027235  0.009755  0.025428
6774  0.000000  0.070044  0.000000  0.027239  0.009779  0.025423
6775  0.000000  0.070115  0.000000  0.027243  0.009803  0.025418
6776  0.000000  0.070186  0.000000  0.027247  0.009827  0.025413
6777  0.000000  0.070257  0.000000  0.027251  0.009850  0.025408
6778  0.000000  0.070328  0.000000  0.027255  0.009874  0.025403
6779  0.000000  0.070399  0.000000  0.027259  0.009898  0.025398
6780  0.000000  0.070470  0.000000  0.027263  0.009922  0.025393
6781  0.000000  0.070541  0.000000  0.027267  0.009946  0.025388
6782  0.000000  0.070612  0.000000  0.027271  0.009970  0.025383
6783  0.000000  0.070683  0.000000  0.027275  0.009994  0.025378
6784  0.000000  0.070754  0.000000  0.027279  0.010018  0.025373
6785  0.000000  0.070825  0.000000  0.027283  0.010042  0.025368
6786  0.000000  0.070896  0.000000  0.027287  0.010066  0.025363
6787  0.000000  0.070967  0.000000  0.027292  0.010090  0.025358
6788  0.000000  0.071038  0.000000  0.027296  0.010114  0.025353
6789  0.000000  0.071109  0.000000  0.027300  0.010138  0.025348
6790  0.000000  0.071180  0.000000  0.027304  0.010162  0.025343
6791  0.000000  0.071251  0.000000  0.027309  0.010186  0.025338
6792  0.000000  0.071322  0.000000  0.027313  0.010209  0.025333
6793  0.000000  0.071393  0.000000  0.027317  0.010233  0.025328
6794  0.000000  0.071464  0.000000  0.027321  0.010257  0.025323
6795  0.000000  0.071535  0.000000  0.027326  0.010281  0.025318
6796  0.000000  0.071606  0.000000  0.027330  0.010305  0.025313
6797  0.000000  0.071677  0.000000  0.027335  0.010329  0.025308
6798  0.000000  0.071748  0.000000  0.027339  0.010353  0.025303
6799  0.000000  0.071819  0.000000  0.027343  0.010377  0.025298
6800  0.000000  0.071890  0.000000  0.027348  0.010400  0.025293
6801  0.000000  0.071961  0.000000  0.027352  0.010424  0.025288
6802  0.000000  0.072032  0.000000  0.027357  0.010448  0.025283
6803  0.000000  0.072103  0.000000  0.027361  0.010472  0.025278
6804  0.000000  0.072174  0.000000  0.027366  0.010496  0.025273
6805  0.000000  0.072245  0.000000  0.027370  0.010520  0.025268
6806  0.000000  0.072316  0.000000  0.027375  0.010543  0.025263
6807  0.000000  0.072387  0.000000  0.027380  0.010567  0.025258
6808  0.000000  0.072457  0.000000  0.027384  0.010591  0.025253
6809  0.000000  0.072528  0.000000  0.027389  0.010615  0.025248
6810  0.000000  0.072599  0.000000  0.027394  0.010639  0.025243
6811  0.000000  0.072670  0.000000  0.027398  0.010662  0.025238
6812  0.000000  0.072741  0.000000  0.027403  0.010686  0.025234
6813  0.000000  0.072812  0.000000  0.027408  0.010710  0.025229
6814  0.000000  0.072883  0.000000  0.027412  0.010734  0.025224
6815  0.000000  0.072954  0.000000  0.027417  0.010757  0.025219
6816  0.000000  0.073025  0.000000  0.027422  0.010781  0.025214
6817  0.000000  0.073095  0.000000  0.027427  0.010805  0.025209
6818  0.000000  0.073166  0.000000  0.027432  0.010829  0.025204
6819  0.000000  0.073237  0.000000  0.027437  0.010852  0.025199
6820  0.000000  0.073308  0.000000  0.027441  0.010876  0.025194
6821  0.000000  0.073379  0.000000  0.027446  0.010900  0.025189
6822  0.000000  0.073450  0.000000  0.027451  0.010924  0.025184
6823  0.000000  0.073520  0.000000  0.027456  0.010947  0.025179
6824  0.000000  0.073591  0.000000  0.027461  0.010971  0.025174
6825  0.000000  0.073662  0.000000  0.027466  0.010995  0.025169
6826  0.000000  0.073733  0.000000  0.027471  0.011018  0.025165
6827  0.000000  0.073804  0.000000  0.027476  0.011042  0.025160
6828  0.000000  0.073874  0.000000  0.027481  0.011066  0.025155
6829  0.000000  0.073945  0.000000  0.027486  0.011089  0.025150
6830  0.000000  0.074016  0.000000  0.027491  0.011113  0.025145
6831  0.000000  0.074087  0.000000  0.027496  0.011137  0.025140
6832  0.000000  0.074158  0.000000  0.027501  0.011160  0.025135
6833  0.000000  0.074228  0.000000  0.027507  0.011184  0.025130
6834  0.000000  0.074299  0.000000  0.027512  0.011208  0.025125
6835  0.000000  0.074370  0.000000  0.027517  0.011231  0.025121
6836  0.000000  0.074441  0.000000  0.027522  0.011255  0.025116
6837  0.000000  0.074511  0.000000  0.027527  0.011279  0.025111
6838  0.000000  0.074582  0.000000  0.027533  0.011302  0.025106
6839  0.000000  0.074653  0.000000  0.027538  0.011326  0.025101
6840  0.000000  0.074723  0.000000  0.027543  0.011349  0.025096
6841  0.000000  0.074794  0.000000  0.027548  0.011373  0.025091
6842  0.000000  0.074865  0.000000  0.027554  0.011397  0.025086
6843  0.000000  0.074935  0.000000  0.027559  0.011420  0.025082
6844  0.000000  0.075006  0.000000  0.027564  0.011444  0.025077
6845  0.000000  0.075077  0.000000  0.027570  0.011467  0.025072
6846  0.000000  0.075148  0.000000  0.027575  0.011491  0.025067
6847  0.000000  0.075218  0.000000  0.027581  0.011514  0.025062
6848  0.000000  0.075289  0.000000  0.027586  0.011538  0.025057
6849  0.000000  0.075359  0.000000  0.027592  0.011562  0.025052
6850  0.000000  0.075430  0.000000  0.027597  0.011585  0.025048
6851  0.000000  0.075501  0.000000  0.027603  0.011609  0.025043
6852  0.000000  0.075571  0.000000  0.027608  0.011632  0.025038
6853  0.000000  0.075642  0.000000  0.027614  0.011656  0.025033
6854  0.000000  0.075713  0.000000  0.027619  0.011679  0.025028
6855  0.000000  0.075783  0.000000  0.027625  0.011703  0.025023
6856  0.000000  0.075854  0.000000  0.027630  0.011726  0.025019
6857  0.000000  0.075924  0.000000  0.027636  0.011750  0.025014
6858  0.000000  0.075995  0.000000  0.027642  0.011773  0.025009
6859  0.000000  0.076066  0.000000  0.027647  0.011797  0.025004
6860  0.000000  0.076136  0.000000  0.027653  0.011820  0.024999
6861  0.000000  0.076207  0.000000  0.027659  0.011844  0.024995
6862  0.000000  0.076277  0.000000  0.027664  0.011867  0.024990
6863  0.000000  0.076348  0.000000  0.027670  0.011891  0.024985
6864  0.000000  0.076418  0.000000  0.027676  0.011914  0.024980
6865  0.000000  0.076489  0.000000  0.027682  0.011937  0.024975
6866  0.000000  0.076559  0.000000  0.027687  0.011961  0.024971
6867  0.000000  0.076630  0.000000  0.027693  0.011984  0.024966
6868  0.000000  0.076700  0.000000  0.027699  0.012008  0.024961
6869  0.000000  0.076771  0.000000  0.027705  0.012031  0.024956
6870  0.000000  0.076841  0.000000  0.027711  0.012055  0.024951
6871  0.000000  0.076912  0.000000  0.027717  0.012078  0.024947
6872  0.000000  0.076982  0.000000  0.027723  0.012101  0.024942
6873  0.000000  0.077053  0.000000  0.027728  0.012125  0.024937
6874  0.000000  0.077123  0.000000  0.027734  0.012148  0.024932
6875  0.000000  0.077194  0.000000  0.027740  0.012172  0.024927
6876  0.000000  0.077264  0.000000  0.027746  0.012195  0.024923
6877  0.000000  0.077335  0.000000  0.027752  0.012218  0.024918
6878  0.000000  0.077405  0.000000  0.027758  0.012242  0.024913
6879  0.000000  0.077476  0.000000  0.027764  0.012265  0.024908
6880  0.000000  0.077546  0.000000  0.027770  0.012289  0.024904
6881  0.000000  0.077616  0.000000  0.027777  0.012312  0.024899
6882  0.000000  0.077687  0.000000  0.027783  0.012335  0.024894
6883  0.000000  0.077757  0.000000  0.027789  0.012359  0.024889
6884  0.000000  0.077828  0.000000  0.027795  0.012382  0.024885
6885  0.000000  0.077898  0.000000  0.027801  0.012405  0.024880
6886  0.000000  0.077968  0.000000  0.027807  0.012429  0.024875
6887  0.000000  0.078039  0.000000  0.027813  0.012452  0.024870
6888  0.000000  0.078109  0.000000  0.027820  0.012475  0.024866
6889  0.000000  0.078179  0.000000  0.027826  0.012498  0.024861
6890  0.000000  0.078250  0.000000  0.027832  0.012522  0.024856
6891  0.000000  0.078320  0.000000  0.027838  0.012545  0.024851
6892  0.000000  0.078390  0.000000  0.027845  0.012568  0.024847
6893  0.000000  0.078461  0.000000  0.027851  0.012592  0.024842
6894  0.000000  0.078531  0.000000  0.027857  0.012615  0.024837
6895  0.000000  0.078601  0.000000  0.027864  0.012638  0.024833
6896  0.000000  0.078671  0.000000  0.027870  0.012661  0.024828
6897  0.000000  0.078742  0.000000  0.027876  0.012685  0.024823
6898  0.000000  0.078812  0.000000  0.027883  0.012708  0.024818
6899  0.000000  0.078882  0.000000  0.027889  0.012731  0.024814
6900  0.000000  0.078952  0.000000  0.027895  0.012754  0.024809
6901  0.000000  0.079023  0.000000  0.027902  0.012778  0.024804
6902  0.000000  0.079093  0.000000  0.027908  0.012801  0.024800
6903  0.000000  0.079163  0.000000  0.027915  0.012824  0.024795
6904  0.000000  0.079233  0.000000  0.027921  0.012847  0.024790
6905  0.000000  0.079304  0.000000  0.027928  0.012870  0.024785
6906  0.000000  0.079374  0.000000  0.027934  0.012894  0.024781
6907  0.000000  0.079444  0.000000  0.027941  0.012917  0.024776
6908  0.000000  0.079514  0.000000  0.027948  0.012940  0.024771
6909  0.000000  0.079584  0.000000  0.027954  0.012963  0.024767
6910  0.000000  0.079654  0.000000  0.027961  0.012986  0.024762
6911  0.000000  0.079725  0.000000  0.027967  0.013010  0.024757
6912  0.000000  0.079795  0.000000  0.027974  0.013033  0.024753
6913  0.000000  0.079865  0.000000  0.027981  0.013056  0.024748
6914  0.000000  0.079935  0.000000  0.027987  0.013079  0.024743
6915  0.000000  0.080005  0.000000  0.027994  0.013102  0.024739
6916  0.000000  0.080075  0.000000  0.028001  0.013125  0.024734
6917  0.000000  0.080145  0.000000  0.028007  0.013148  0.024729
6918  0.000000  0.080215  0.000000  0.028014  0.013171  0.024725
6919  0.000000  0.080285  0.000000  0.028021  0.013195  0.024720
6920  0.000000  0.080356  0.000000  0.028028  0.013218  0.024715
6921  0.000000  0.080426  0.000000  0.028035  0.013241  0.024711
6922  0.000000  0.080496  0.000000  0.028041  0.013264  0.024706
6923  0.000000  0.080566  0.000000  0.028048  0.013287  0.024701
6924  0.000000  0.080636  0.000000  0.028055  0.013310  0.024697
6925  0.000000  0.080706  0.000000  0.028062  0.013333  0.024692
6926  0.000000  0.080776  0.000000  0.028069  0.013356  0.024687
6927  0.000000  0.080846  0.000000  0.028076  0.013379  0.024683
6928  0.000000  0.080916  0.000000  0.028083  0.013402  0.024678
6929  0.000000  0.080986  0.000000  0.028090  0.013425  0.024674
6930  0.000000  0.081056  0.000000  0.028097  0.013448  0.024669
6931  0.000000  0.081126  0.000000  0.028103  0.013471  0.024664
6932  0.000000  0.081196  0.000000  0.028110  0.013494  0.024660
6933  0.000000  0.081265  0.000000  0.028117  0.013517  0.024655
6934  0.000000  0.081335  0.000000  0.028125  0.013540  0.024650
6935  0.000000  0.081405  0.000000  0.028132  0.013563  0.024646
6936  0.000000  0.081475  0.000000  0.028139  0.013586  0.024641
6937  0.000000  0.081545  0.000000  0.028146  0.013609  0.024637
6938  0.000000  0.081615  0.000000  0.028153  0.013632  0.024632
6939  0.000000  0.081685  0.000000  0.028160  0.013655  0.024627
6940  0.000000  0.081755  0.000000  0.028167  0.013678  0.024623
6941  0.000000  0.081825  0.000000  0.028174  0.013701  0.024618
6942  0.000000  0.081894  0.000000  0.028181  0.013724  0.024614
6943  0.000000  0.081964  0.000000  0.028188  0.013747  0.024609
6944  0.000000  0.082034  0.000000  0.028196  0.013770  0.024604
6945  0.000000  0.082104  0.000000  0.028203  0.013793  0.024600
6946  0.000000  0.082174  0.000000  0.028210  0.013816  0.024595
6947  0.000000  0.082244  0.000000  0.028217  0.013839  0.024591
6948  0.000000  0.082313  0.000000  0.028225  0.013862  0.024586
6949  0.000000  0.082383  0.000000  0.028232  0.013885  0.024581
6950  0.000000  0.082453  0.000000  0.028239  0.013908  0.024577
6951  0.000000  0.082523  0.000000  0.028246  0.013931  0.024572
6952  0.000000  0.082592  0.000000  0.028254  0.013954  0.024568
6953  0.000000  0.082662  0.000000  0.028261  0.013976  0.024563
6954  0.000000  0.082732  0.000000  0.028268  0.013999  0.024559
6955  0.000000  0.082802  0.000000  0.028276  0.014022  0.024554
6956  0.000000  0.082871  0.000000  0.028283  0.014045  0.024550
6957  0.000000  0.082941  0.000000  0.028291  0.014068  0.024545
6958  0.000000  0.083011  0.000000  0.028298  0.014091  0.024540
6959  0.000000  0.083080  0.000000  0.028306  0.014114  0.024536
6960  0.000000  0.083150  0.000000  0.028313  0.014136  0.024531
6961  0.000000  0.083220  0.000000  0.028320  0.014159  0.024527
6962  0.000000  0.083289  0.000000  0.028328  0.014182  0.024522
6963  0.000000  0.083359  0.000000  0.028335  0.014205  0.024518
6964  0.000000  0.083429  0.000000  0.028343  0.014228  0.024513
6965  0.000000  0.083498  0.000000  0.028350  0.014251  0.024509
6966  0.000000  0.083568  0.000000  0.028358  0.014273  0.024504
6967  0.000000  0.083637  0.000000  0.028366  0.014296  0.024500
6968  0.000000  0.083707  0.000000  0.028373  0.014319  0.024495
6969  0.000000  0.083776  0.000000  0.028381  0.014342  0.024490
6970  0.000000  0.083846  0.000000  0.028388  0.014365  0.024486
6971  0.000000  0.083916  0.000000  0.028396  0.014387  0.024481
6972  0.000000  0.083985  0.000000  0.028404  0.014410  0.024477
6973  0.000000  0.084055  0.000000  0.028411  0.014433  0.024472
6974  0.000000  0.084124  0.000000  0.028419  0.014456  0.024468
6975  0.000000  0.084194  0.000000  0.028427  0.014478  0.024463
6976  0.000000  0.084263  0.000000  0.028434  0.014501  0.024459
6977  0.000000  0.084333  0.000000  0.028442  0.014524  0.024454
6978  0.000000  0.084402  0.000000  0.028450  0.014546  0.024450
6979  0.000000  0.084471  0.000000  0.028458  0.014569  0.024445
6980  0.000000  0.084541  0.000000  0.028465  0.014592  0.024441
6981  0.000000  0.084610  0.000000  0.028473  0.014615  0.024436
6982  0.000000  0.084680  0.000000  0.028481  0.014637  0.024432
6983  0.000000  0.084749  0.000000  0.028489  0.014660  0.024427
6984  0.000000  0.084819  0.000000  0.028497  0.014683  0.024423
6985  0.000000  0.084888  0.000000  0.028504  0.014705  0.024418
6986  0.000000  0.084957  0.000000  0.028512  0.014728  0.024414
6987  0.000000  0.085027  0.000000  0.028520  0.014751  0.024409
6988  0.000000  0.085096  0.000000  0.028528  0.014773  0.024405
6989  0.000000  0.085165  0.000000  0.028536  0.014796  0.024400
6990  0.000000  0.085235  0.000000  0.028544  0.014819  0.024396
6991  0.000000  0.085304  0.000000  0.028552  0.014841  0.024392
6992  0.000000  0.085373  0.000000  0.028560  0.014864  0.024387
6993  0.000000  0.085443  0.000000  0.028568  0.014887  0.024383
6994  0.000000  0.085512  0.000000  0.028576  0.014909  0.024378
6995  0.000000  0.085581  0.000000  0.028584  0.014932  0.024374
6996  0.000000  0.085650  0.000000  0.028592  0.014954  0.024369
6997  0.000000  0.085720  0.000000  0.028600  0.014977  0.024365
6998  0.000000  0.085789  0.000000  0.028608  0.015000  0.024360
6999  0.000000  0.085858  0.000000  0.028616  0.015022  0.024356
7000  0.000000  0.085927  0.000000  0.028624  0.015045  0.024351
7001  0.000000  0.085997  0.000000  0.028632  0.015067  0.024347
7002  0.000000  0.086066  0.000000  0.028640  0.015090  0.024343
7003  0.000000  0.086135  0.000000  0.028648  0.015112  0.024338
7004  0.000000  0.086204  0.000000  0.028656  0.015135  0.024334
7005  0.000000  0.086273  0.000000  0.028665  0.015157  0.024329
7006  0.000000  0.086342  0.000000  0.028673  0.015180  0.024325
7007  0.000000  0.086411  0.000000  0.028681  0.015202  0.024320
7008  0.000000  0.086481  0.000000  0.028689  0.015225  0.024316
7009  0.000000  0.086550  0.000000  0.028697  0.015248  0.024312
7010  0.000000  0.086619  0.000000  0.028706  0.015270  0.024307
7011  0.000000  0.086688  0.000000  0.028714  0.015293  0.024303
7012  0.000000  0.086757  0.000000  0.028722  0.015315  0.024298
7013  0.000000  0.086826  0.000000  0.028730  0.015337  0.024294
7014  0.000000  0.086895  0.000000  0.028739  0.015360  0.024289
7015  0.000000  0.086964  0.000000  0.028747  0.015382  0.024285
7016  0.000000  0.087033  0.000000  0.028755  0.015405  0.024281
7017  0.000000  0.087102  0.000000  0.028763  0.015427  0.024276
7018  0.000000  0.087171  0.000000  0.028772  0.015450  0.024272
7019  0.000000  0.087240  0.000000  0.028780  0.015472  0.024267
7020  0.000000  0.087309  0.000000  0.028789  0.015495  0.024263
7021  0.000000  0.087378  0.000000  0.028797  0.015517  0.024259
7022  0.000000  0.087447  0.000000  0.028805  0.015540  0.024254
7023  0.000000  0.087516  0.000000  0.028814  0.015562  0.024250
7024  0.000000  0.087585  0.000000  0.028822  0.015584  0.024245
7025  0.000000  0.087654  0.000000  0.028831  0.015607  0.024241
7026  0.000000  0.087722  0.000000  0.028839  0.015629  0.024237
7027  0.000000  0.087791  0.000000  0.028847  0.015652  0.024232
7028  0.000000  0.087860  0.000000  0.028856  0.015674  0.024228
7029  0.000000  0.087929  0.000000  0.028864  0.015696  0.024224
7030  0.000000  0.087998  0.000000  0.028873  0.015719  0.024219
7031  0.000000  0.088067  0.000000  0.028881  0.015741  0.024215
7032  0.000000  0.088135  0.000000  0.028890  0.015763  0.024211
7033  0.000000  0.088204  0.000000  0.028899  0.015786  0.024206
7034  0.000000  0.088273  0.000000  0.028907  0.015808  0.024202
7035  0.000000  0.088342  0.000000  0.028916  0.015830  0.024197
7036  0.000000  0.088411  0.000000  0.028924  0.015853  0.024193
7037  0.000000  0.088479  0.000000  0.028933  0.015875  0.024189
7038  0.000000  0.088548  0.000000  0.028941  0.015897  0.024184
7039  0.000000  0.088617  0.000000  0.028950  0.015920  0.024180
7040  0.000000  0.088685  0.000000  0.028959  0.015942  0.024176
7041  0.000000  0.088754  0.000000  0.028967  0.015964  0.024171
7042  0.000000  0.088823  0.000000  0.028976  0.015986  0.024167
7043  0.000000  0.088891  0.000000  0.028985  0.016009  0.024163
7044  0.000000  0.088960  0.000000  0.028993  0.016031  0.024158
7045  0.000000  0.089029  0.000000  0.029002  0.016053  0.024154
7046  0.000000  0.089097  0.000000  0.029011  0.016076  0.024150
7047  0.000000  0.089166  0.000000  0.029020  0.016098  0.024145
7048  0.000000  0.089235  0.000000  0.029028  0.016120  0.024141
7049  0.000000  0.089303  0.000000  0.029037  0.016142  0.024137
7050  0.000000  0.089372  0.000000  0.029046  0.016164  0.024132
7051  0.000000  0.089440  0.000000  0.029055  0.016187  0.024128
7052  0.000000  0.089509  0.000000  0.029063  0.016209  0.024124
7053  0.000000  0.089577  0.000000  0.029072  0.016231  0.024119
7054  0.000000  0.089646  0.000000  0.029081  0.016253  0.024115
7055  0.000000  0.089714  0.000000  0.029090  0.016275  0.024111
7056  0.000000  0.089783  0.000000  0.029099  0.016298  0.024107
7057  0.000000  0.089851  0.000000  0.029108  0.016320  0.024102
7058  0.000000  0.089920  0.000000  0.029117  0.016342  0.024098
7059  0.000000  0.089988  0.000000  0.029125  0.016364  0.024094
7060  0.000000  0.090057  0.000000  0.029134  0.016386  0.024089
7061  0.000000  0.090125  0.000000  0.029143  0.016408  0.024085
7062  0.000000  0.090194  0.000000  0.029152  0.016431  0.024081
7063  0.000000  0.090262  0.000000  0.029161  0.016453  0.024076
7064  0.000000  0.090330  0.000000  0.029170  0.016475  0.024072
7065  0.000000  0.090399  0.000000  0.029179  0.016497  0.024068
7066  0.000000  0.090467  0.000000  0.029188  0.016519  0.024064
7067  0.000000  0.090535  0.000000  0.029197  0.016541  0.024059
7068  0.000000  0.090604  0.000000  0.029206  0.016563  0.024055
7069  0.000000  0.090672  0.000000  0.029215  0.016585  0.024051
7070  0.000000  0.090740  0.000000  0.029224  0.016607  0.024047
7071  0.000000  0.090809  0.000000  0.029233  0.016630  0.024042
7072  0.000000  0.090877  0.000000  0.029242  0.016652  0.024038
7073  0.000000  0.090945  0.000000  0.029251  0.016674  0.024034
7074  0.000000  0.091013  0.000000  0.029260  0.016696  0.024030
7075  0.000000  0.091082  0.000000  0.029269  0.016718  0.024025
7076  0.000000  0.091150  0.000000  0.029279  0.016740  0.024021
7077  0.000000  0.091218  0.000000  0.029288  0.016762  0.024017
7078  0.000000  0.091286  0.000000  0.029297  0.016784  0.024013
7079  0.000000  0.091354  0.000000  0.029306  0.016806  0.024008
7080  0.000000  0.091422  0.000000  0.029315  0.016828  0.024004
7081  0.000000  0.091491  0.000000  0.029324  0.016850  0.024000
7082  0.000000  0.091559  0.000000  0.029333  0.016872  0.023996
7083  0.000000  0.091627  0.000000  0.029343  0.016894  0.023991
7084  0.000000  0.091695  0.000000  0.029352  0.016916  0.023987
7085  0.000000  0.091763  0.000000  0.029361  0.016938  0.023983
7086  0.000000  0.091831  0.000000  0.029370  0.016960  0.023979
7087  0.000000  0.091899  0.000000  0.029379  0.016982  0.023974
7088  0.000000  0.091967  0.000000  0.029389  0.017004  0.023970
7089  0.000000  0.092035  0.000000  0.029398  0.017026  0.023966
7090  0.000000  0.092103  0.000000  0.029407  0.017048  0.023962
7091  0.000000  0.092171  0.000000  0.029417  0.017070  0.023958
7092  0.000000  0.092239  0.000000  0.029426  0.017091  0.023953
7093  0.000000  0.092307  0.000000  0.029435  0.017113  0.023949
7094  0.000000  0.092375  0.000000  0.029444  0.017135  0.023945
7095  0.000000  0.092443  0.000000  0.029454  0.017157  0.023941
7096  0.000000  0.092511  0.000000  0.029463  0.017179  0.023937
7097  0.000000  0.092579  0.000000  0.029473  0.017201  0.023932
7098  0.000000  0.092647  0.000000  0.029482  0.017223  0.023928
7099  0.000000  0.092715  0.000000  0.029491  0.017245  0.023924
7100  0.000000  0.092782  0.000000  0.029501  0.017267  0.023920
7101  0.000000  0.092850  0.000000  0.029510  0.017288  0.023916
7102  0.000000  0.092918  0.000000  0.029519  0.017310  0.023911
7103  0.000000  0.092986  0.000000  0.029529  0.017332  0.023907
7104  0.000000  0.093054  0.000000  0.029538  0.017354  0.023903
7105  0.000000  0.093121  0.000000  0.029548  0.017376  0.023899
7106  0.000000  0.093189  0.000000  0.029557  0.017398  0.023895
7107  0.000000  0.093257  0.000000  0.029567  0.017419  0.023890
7108  0.000000  0.093325  0.000000  0.029576  0.017441  0.023886
7109  0.000000  0.093392  0.000000  0.029586  0.017463  0.023882
7110  0.000000  0.093460  0.000000  0.029595  0.017485  0.023878
7111  0.000000  0.093528  0.000000  0.029605  0.017507  0.023874
7112  0.000000  0.093595  0.000000  0.029614  0.017528  0.023870
7113  0.000000  0.093663  0.000000  0.029624  0.017550  0.023865
7114  0.000000  0.093731  0.000000  0.029633  0.017572  0.023861
7115  0.000000  0.093798  0.000000  0.029643  0.017594  0.023857
7116  0.000000  0.093866  0.000000  0.029652  0.017615  0.023853
7117  0.000000  0.093934  0.000000  0.029662  0.017637  0.023849
7118  0.000000  0.094001  0.000000  0.029672  0.017659  0.023845
7119  0.000000  0.094069  0.000000  0.029681  0.017681  0.023841
7120  0.000000  0.094136  0.000000  0.029691  0.017702  0.023836
7121  0.000000  0.094204  0.000000  0.029701  0.017724  0.023832
7122  0.000000  0.094271  0.000000  0.029710  0.017746  0.023828
7123  0.000000  0.094339  0.000000  0.029720  0.017768  0.023824
7124  0.000000  0.094406  0.000000  0.029729  0.017789  0.023820
7125  0.000000  0.094474  0.000000  0.029739  0.017811  0.023816
7126  0.000000  0.094541  0.000000  0.029749  0.017833  0.023812
7127  0.000000  0.094609  0.000000  0.029759  0.017854  0.023808
7128  0.000000  0.094676  0.000000  0.029768  0.017876  0.023803
7129  0.000000  0.094744  0.000000  0.029778  0.017898  0.023799
7130  0.000000  0.094811  0.000000  0.029788  0.017919  0.023795
7131  0.000000  0.094878  0.000000  0.029797  0.017941  0.023791
7132  0.000000  0.094946  0.000000  0.029807  0.017962  0.023787
7133  0.000000  0.095013  0.000000  0.029817  0.017984  0.023783
7134  0.000000  0.095080  0.000000  0.029827  0.018006  0.023779
7135  0.000000  0.095148  0.000000  0.029836  0.018027  0.023775
7136  0.000000  0.095215  0.000000  0.029846  0.018049  0.023771
7137  0.000000  0.095282  0.000000  0.029856  0.018070  0.023766
7138  0.000000  0.095350  0.000000  0.029866  0.018092  0.023762
7139  0.000000  0.095417  0.000000  0.029876  0.018114  0.023758
7140  0.000000  0.095484  0.000000  0.029886  0.018135  0.023754
7141  0.000000  0.095551  0.000000  0.029895  0.018157  0.023750
7142  0.000000  0.095618  0.000000  0.029905  0.018178  0.023746
7143  0.000000  0.095686  0.000000  0.029915  0.018200  0.023742
7144  0.000000  0.095753  0.000000  0.029925  0.018221  0.023738
7145  0.000000  0.095820  0.000000  0.029935  0.018243  0.023734
7146  0.000000  0.095887  0.000000  0.029945  0.018264  0.023730
7147  0.000000  0.095954  0.000000  0.029955  0.018286  0.023726
7148  0.000000  0.096021  0.000000  0.029965  0.018308  0.023721
7149  0.000000  0.096088  0.000000  0.029974  0.018329  0.023717
7150  0.000000  0.096155  0.000000  0.029984  0.018351  0.023713
7151  0.000000  0.096222  0.000000  0.029994  0.018372  0.023709
7152  0.000000  0.096290  0.000000  0.030004  0.018393  0.023705
7153  0.000000  0.096357  0.000000  0.030014  0.018415  0.023701
7154  0.000000  0.096424  0.000000  0.030024  0.018436  0.023697
7155  0.000000  0.096491  0.000000  0.030034  0.018458  0.023693
7156  0.000000  0.096558  0.000000  0.030044  0.018479  0.023689
7157  0.000000  0.096624  0.000000  0.030054  0.018501  0.023685
7158  0.000000  0.096691  0.000000  0.030064  0.018522  0.023681
7159  0.000000  0.096758  0.000000  0.030074  0.018544  0.023677
7160  0.000000  0.096825  0.000000  0.030084  0.018565  0.023673
7161  0.000000  0.096892  0.000000  0.030094  0.018586  0.023669
7162  0.000000  0.096959  0.000000  0.030104  0.018608  0.023665
7163  0.000000  0.097026  0.000000  0.030114  0.018629  0.023661
7164  0.000000  0.097093  0.000000  0.030124  0.018651  0.023657
7165  0.000000  0.097159  0.000000  0.030135  0.018672  0.023653
7166  0.000000  0.097226  0.000000  0.030145  0.018693  0.023649
7167  0.000000  0.097293  0.000000  0.030155  0.018715  0.023645
7168  0.000000  0.097360  0.000000  0.030165  0.018736  0.023641
7169  0.000000  0.097427  0.000000  0.030175  0.018757  0.023637
7170  0.000000  0.097493  0.000000  0.030185  0.018779  0.023633
7171  0.000000  0.097560  0.000000  0.030195  0.018800  0.023629
7172  0.000000  0.097627  0.000000  0.030205  0.018821  0.023625
7173  0.000000  0.097693  0.000000  0.030216  0.018843  0.023621
7174  0.000000  0.097760  0.000000  0.030226  0.018864  0.023617
7175  0.000000  0.097827  0.000000  0.030236  0.018885  0.023612
7176  0.000000  0.097893  0.000000  0.030246  0.018907  0.023608
7177  0.000000  0.097960  0.000000  0.030256  0.018928  0.023604
7178  0.000000  0.098027  0.000000  0.030266  0.018949  0.023600
7179  0.000000  0.098093  0.000000  0.030277  0.018971  0.023597
7180  0.000000  0.098160  0.000000  0.030287  0.018992  0.023593
7181  0.000000  0.098226  0.000000  0.030297  0.019013  0.023589
7182  0.000000  0.098293  0.000000  0.030307  0.019034  0.023585
7183  0.000000  0.098359  0.000000  0.030318  0.019056  0.023581
7184  0.000000  0.098426  0.000000  0.030328  0.019077  0.023577
7185  0.000000  0.098492  0.000000  0.030338  0.019098  0.023573
7186  0.000000  0.098559  0.000000  0.030348  0.019119  0.023569
7187  0.000000  0.098625  0.000000  0.030359  0.019140  0.023565
7188  0.000000  0.098692  0.000000  0.030369  0.019162  0.023561
7189  0.000000  0.098758  0.000000  0.030379  0.019183  0.023557
7190  0.000000  0.098824  0.000000  0.030390  0.019204  0.023553
7191  0.000000  0.098891  0.000000  0.030400  0.019225  0.023549
7192  0.000000  0.098957  0.000000  0.030410  0.019246  0.023545
7193  0.000000  0.099023  0.000000  0.030421  0.019268  0.023541
7194  0.000000  0.099090  0.000000  0.030431  0.019289  0.023537
7195  0.000000  0.099156  0.000000  0.030441  0.019310  0.023533
7196  0.000000  0.099222  0.000000  0.030452  0.019331  0.023529
7197  0.000000  0.099289  0.000000  0.030462  0.019352  0.023525
7198  0.000000  0.099355  0.000000  0.030472  0.019373  0.023521
7199  0.000000  0.099421  0.000000  0.030483  0.019394  0.023517
7200  0.000000  0.099487  0.000000  0.030493  0.019416  0.023513
7201  0.000000  0.099553  0.000000  0.030504  0.019437  0.023509
7202  0.000000  0.099620  0.000000  0.030514  0.019458  0.023505
7203  0.000000  0.099686  0.000000  0.030524  0.019479  0.023501
7204  0.000000  0.099752  0.000000  0.030535  0.019500  0.023497
7205  0.000000  0.099818  0.000000  0.030545  0.019521  0.023494
7206  0.000000  0.099884  0.000000  0.030556  0.019542  0.023490
7207  0.000000  0.099950  0.000000  0.030566  0.019563  0.023486
7208  0.000000  0.100016  0.000000  0.030577  0.019584  0.023482
7209  0.000000  0.100082  0.000000  0.030587  0.019605  0.023478
7210  0.000000  0.100148  0.000000  0.030598  0.019626  0.023474
7211  0.000000  0.100214  0.000000  0.030608  0.019647  0.023470
7212  0.000000  0.100280  0.000000  0.030619  0.019668  0.023466
7213  0.000000  0.100346  0.000000  0.030629  0.019689  0.023462
7214  0.000000  0.100412  0.000000  0.030640  0.019710  0.023458
7215  0.000000  0.100478  0.000000  0.030650  0.019731  0.023454
7216  0.000000  0.100544  0.000000  0.030661  0.019752  0.023450
7217  0.000000  0.100610  0.000000  0.030671  0.019773  0.023447
7218  0.000000  0.100676  0.000000  0.030682  0.019794  0.023443
7219  0.000000  0.100742  0.000000  0.030692  0.019815  0.023439
7220  0.000000  0.100808  0.000000  0.030703  0.019836  0.023435
7221  0.000000  0.100874  0.000000  0.030713  0.019857  0.023431
7222  0.000000  0.100939  0.000000  0.030724  0.019878  0.023427
7223  0.000000  0.101005  0.000000  0.030735  0.019899  0.023423
7224  0.000000  0.101071  0.000000  0.030745  0.019920  0.023419
7225  0.000000  0.101137  0.000000  0.030756  0.019941  0.023415
7226  0.000000  0.101202  0.000000  0.030766  0.019962  0.023412
7227  0.000000  0.101268  0.000000  0.030777  0.019983  0.023408
7228  0.000000  0.101334  0.000000  0.030788  0.020004  0.023404
7229  0.000000  0.101399  0.000000  0.030798  0.020024  0.023400
7230  0.000000  0.101465  0.000000  0.030809  0.020045  0.023396
7231  0.000000  0.101531  0.000000  0.030820  0.020066  0.023392
7232  0.000000  0.101596  0.000000  0.030830  0.020087  0.023388
7233  0.000000  0.101662  0.000000  0.030841  0.020108  0.023384
7234  0.000000  0.101728  0.000000  0.030852  0.020129  0.023381
7235  0.000000  0.101793  0.000000  0.030862  0.020150  0.023377
7236  0.000000  0.101859  0.000000  0.030873  0.020170  0.023373
7237  0.000000  0.101924  0.000000  0.030884  0.020191  0.023369
7238  0.000000  0.101990  0.000000  0.030894  0.020212  0.023365
7239  0.000000  0.102055  0.000000  0.030905  0.020233  0.023361
7240  0.000000  0.102121  0.000000  0.030916  0.020254  0.023357
7241  0.000000  0.102186  0.000000  0.030926  0.020274  0.023354
7242  0.000000  0.102252  0.000000  0.030937  0.020295  0.023350
7243  0.000000  0.102317  0.000000  0.030948  0.020316  0.023346
7244  0.000000  0.102382  0.000000  0.030959  0.020337  0.023342
7245  0.000000  0.102448  0.000000  0.030969  0.020358  0.023338
7246  0.000000  0.102513  0.000000  0.030980  0.020378  0.023334
7247  0.000000  0.102579  0.000000  0.030991  0.020399  0.023331
7248  0.000000  0.102644  0.000000  0.031002  0.020420  0.023327
7249  0.000000  0.102709  0.000000  0.031012  0.020441  0.023323
7250  0.000000  0.102774  0.000000  0.031023  0.020461  0.023319
7251  0.000000  0.102840  0.000000  0.031034  0.020482  0.023315
7252  0.000000  0.102905  0.000000  0.031045  0.020503  0.023312
7253  0.000000  0.102970  0.000000  0.031056  0.020523  0.023308
7254  0.000000  0.103035  0.000000  0.031067  0.020544  0.023304
7255  0.000000  0.103101  0.000000  0.031077  0.020565  0.023300
7256  0.000000  0.103166  0.000000  0.031088  0.020585  0.023296
7257  0.000000  0.103231  0.000000  0.031099  0.020606  0.023292
7258  0.000000  0.103296  0.000000  0.031110  0.020627  0.023289
7259  0.000000  0.103361  0.000000  0.031121  0.020647  0.023285
7260  0.000000  0.103426  0.000000  0.031132  0.020668  0.023281
7261  0.000000  0.103491  0.000000  0.031142  0.020689  0.023277
7262  0.000000  0.103556  0.000000  0.031153  0.020709  0.023273
7263  0.000000  0.103621  0.000000  0.031164  0.020730  0.023270
7264  0.000000  0.103686  0.000000  0.031175  0.020750  0.023266
7265  0.000000  0.103751  0.000000  0.031186  0.020771  0.023262
7266  0.000000  0.103816  0.000000  0.031197  0.020792  0.023258
7267  0.000000  0.103881  0.000000  0.031208  0.020812  0.023255
7268  0.000000  0.103946  0.000000  0.031219  0.020833  0.023251
7269  0.000000  0.104011  0.000000  0.031230  0.020853  0.023247
7270  0.000000  0.104076  0.000000  0.031240  0.020874  0.023243
7271  0.000000  0.104141  0.000000  0.031251  0.020894  0.023239
7272  0.000000  0.104206  0.000000  0.031262  0.020915  0.023236
7273  0.000000  0.104271  0.000000  0.031273  0.020936  0.023232
7274  0.000000  0.104335  0.000000  0.031284  0.020956  0.023228
7275  0.000000  0.104400  0.000000  0.031295  0.020977  0.023224
7276  0.000000  0.104465  0.000000  0.031306  0.020997  0.023221
7277  0.000000  0.104530  0.000000  0.031317  0.021018  0.023217
7278  0.000000  0.104594  0.000000  0.031328  0.021038  0.023213
7279  0.000000  0.104659  0.000000  0.031339  0.021059  0.023209
7280  0.000000  0.104724  0.000000  0.031350  0.021079  0.023206
7281  0.000000  0.104788  0.000000  0.031361  0.021100  0.023202
7282  0.000000  0.104853  0.000000  0.031372  0.021120  0.023198
7283  0.000000  0.104918  0.000000  0.031383  0.021140  0.023194
7284  0.000000  0.104982  0.000000  0.031394  0.021161  0.023191
7285  0.000000  0.105047  0.000000  0.031405  0.021181  0.023187
7286  0.000000  0.105112  0.000000  0.031416  0.021202  0.023183
7287  0.000000  0.105176  0.000000  0.031427  0.021222  0.023179
7288  0.000000  0.105241  0.000000  0.031438  0.021243  0.023176
7289  0.000000  0.105305  0.000000  0.031449  0.021263  0.023172
7290  0.000000  0.105370  0.000000  0.031460  0.021283  0.023168
7291  0.000000  0.105434  0.000000  0.031471  0.021304  0.023165
7292  0.000000  0.105499  0.000000  0.031482  0.021324  0.023161
7293  0.000000  0.105563  0.000000  0.031494  0.021345  0.023157
7294  0.000000  0.105627  0.000000  0.031505  0.021365  0.023153
7295  0.000000  0.105692  0.000000  0.031516  0.021385  0.023150
7296  0.000000  0.105756  0.000000  0.031527  0.021406  0.023146
7297  0.000000  0.105820  0.000000  0.031538  0.021426  0.023142
7298  0.000000  0.105885  0.000000  0.031549  0.021446  0.023139
7299  0.000000  0.105949  0.000000  0.031560  0.021467  0.023135
7300  0.000000  0.106013  0.000000  0.031571  0.021487  0.023131
7301  0.000000  0.106078  0.000000  0.031582  0.021507  0.023127
7302  0.000000  0.106142  0.000000  0.031593  0.021528  0.023124
7303  0.000000  0.106206  0.000000  0.031605  0.021548  0.023120
7304  0.000000  0.106270  0.000000  0.031616  0.021568  0.023116
7305  0.000000  0.106335  0.000000  0.031627  0.021588  0.023113
7306  0.000000  0.106399  0.000000  0.031638  0.021609  0.023109
7307  0.000000  0.106463  0.000000  0.031649  0.021629  0.023105
7308  0.000000  0.106527  0.000000  0.031660  0.021649  0.023102
7309  0.000000  0.106591  0.000000  0.031671  0.021669  0.023098
7310  0.000000  0.106655  0.000000  0.031683  0.021690  0.023094
7311  0.000000  0.106719  0.000000  0.031694  0.021710  0.023091
7312  0.000000  0.106783  0.000000  0.031705  0.021730  0.023087
7313  0.000000  0.106847  0.000000  0.031716  0.021750  0.023083
7314  0.000000  0.106911  0.000000  0.031727  0.021770  0.023080
7315  0.000000  0.106975  0.000000  0.031738  0.021791  0.023076
7316  0.000000  0.107039  0.000000  0.031750  0.021811  0.023072
7317  0.000000  0.107103  0.000000  0.031761  0.021831  0.023069
7318  0.000000  0.107167  0.000000  0.031772  0.021851  0.023065
7319  0.000000  0.107231  0.000000  0.031783  0.021871  0.023061
7320  0.000000  0.107295  0.000000  0.031795  0.021891  0.023058
7321  0.000000  0.107359  0.000000  0.031806  0.021912  0.023054
7322  0.000000  0.107422  0.000000  0.031817  0.021932  0.023050
7323  0.000000  0.107486  0.000000  0.031828  0.021952  0.023047
7324  0.000000  0.107550  0.000000  0.031839  0.021972  0.023043
7325  0.000000  0.107614  0.000000  0.031851  0.021992  0.023039
7326  0.000000  0.107678  0.000000  0.031862  0.022012  0.023036
7327  0.000000  0.107741  0.000000  0.031873  0.022032  0.023032
7328  0.000000  0.107805  0.000000  0.031884  0.022052  0.023028
7329  0.000000  0.107869  0.000000  0.031896  0.022072  0.023025
7330  0.000000  0.107932  0.000000  0.031907  0.022093  0.023021
7331  0.000000  0.107996  0.000000  0.031918  0.022113  0.023018
7332  0.000000  0.108060  0.000000  0.031930  0.022133  0.023014
7333  0.000000  0.108123  0.000000  0.031941  0.022153  0.023010
7334  0.000000  0.108187  0.000000  0.031952  0.022173  0.023007
7335  0.000000  0.108250  0.000000  0.031963  0.022193  0.023003
7336  0.000000  0.108314  0.000000  0.031975  0.022213  0.022999
7337  0.000000  0.108377  0.000000  0.031986  0.022233  0.022996
7338  0.000000  0.108441  0.000000  0.031997  0.022253  0.022992
7339  0.000000  0.108504  0.000000  0.032009  0.022273  0.022989
7340  0.000000  0.108568  0.000000  0.032020  0.022293  0.022985
7341  0.000000  0.108631  0.000000  0.032031  0.022313  0.022981
7342  0.000000  0.108695  0.000000  0.032043  0.022333  0.022978
7343  0.000000  0.108758  0.000000  0.032054  0.022353  0.022974
7344  0.000000  0.108821  0.000000  0.032065  0.022373  0.022971
7345  0.000000  0.108885  0.000000  0.032077  0.022393  0.022967
7346  0.000000  0.108948  0.000000  0.032088  0.022412  0.022963
7347  0.000000  0.109011  0.000000  0.032099  0.022432  0.022960
7348  0.000000  0.109075  0.000000  0.032111  0.022452  0.022956
7349  0.000000  0.109138  0.000000  0.032122  0.022472  0.022953
7350  0.000000  0.109201  0.000000  0.032133  0.022492  0.022949
7351  0.000000  0.109264  0.000000  0.032145  0.022512  0.022946
7352  0.000000  0.109327  0.000000  0.032156  0.022532  0.022942
7353  0.000000  0.109391  0.000000  0.032168  0.022552  0.022938
7354  0.000000  0.109454  0.000000  0.032179  0.022572  0.022935
7355  0.000000  0.109517  0.000000  0.032190  0.022591  0.022931
7356  0.000000  0.109580  0.000000  0.032202  0.022611  0.022928
7357  0.000000  0.109643  0.000000  0.032213  0.022631  0.022924
7358  0.000000  0.109706  0.000000  0.032224  0.022651  0.022921
7359  0.000000  0.109769  0.000000  0.032236  0.022671  0.022917
7360  0.000000  0.109832  0.000000  0.032247  0.022691  0.022913
7361  0.000000  0.109895  0.000000  0.032259  0.022710  0.022910
7362  0.000000  0.109958  0.000000  0.032270  0.022730  0.022906
7363  0.000000  0.110021  0.000000  0.032282  0.022750  0.022903
7364  0.000000  0.110084  0.000000  0.032293  0.022770  0.022899
7365  0.000000  0.110147  0.000000  0.032304  0.022790  0.022896
7366  0.000000  0.110210  0.000000  0.032316  0.022809  0.022892
7367  0.000000  0.110272  0.000000  0.032327  0.022829  0.022889
7368  0.000000  0.110335  0.000000  0.032339  0.022849  0.022885
7369  0.000000  0.110398  0.000000  0.032350  0.022869  0.022881
7370  0.000000  0.110461  0.000000  0.032362  0.022888  0.022878
7371  0.000000  0.110524  0.000000  0.032373  0.022908  0.022874
7372  0.000000  0.110586  0.000000  0.032385  0.022928  0.022871
7373  0.000000  0.110649  0.000000  0.032396  0.022947  0.022867
7374  0.000000  0.110712  0.000000  0.032407  0.022967  0.022864
7375  0.000000  0.110774  0.000000  0.032419  0.022987  0.022860
7376  0.000000  0.110837  0.000000  0.032430  0.023006  0.022857
7377  0.000000  0.110900  0.000000  0.032442  0.023026  0.022853
7378  0.000000  0.110962  0.000000  0.032453  0.023046  0.022850
7379  0.000000  0.111025  0.000000  0.032465  0.023065  0.022846
7380  0.000000  0.111087  0.000000  0.032476  0.023085  0.022843
7381  0.000000  0.111150  0.000000  0.032488  0.023105  0.022839
7382  0.000000  0.111213  0.000000  0.032499  0.023124  0.022836
7383  0.000000  0.111275  0.000000  0.032511  0.023144  0.022832
7384  0.000000  0.111338  0.000000  0.032522  0.023164  0.022829
7385  0.000000  0.111400  0.000000  0.032534  0.023183  0.022825
7386  0.000000  0.111462  0.000000  0.032545  0.023203  0.022822
7387  0.000000  0.111525  0.000000  0.032557  0.023222  0.022818
7388  0.000000  0.111587  0.000000  0.032568  0.023242  0.022815
7389  0.000000  0.111650  0.000000  0.032580  0.023261  0.022811
7390  0.000000  0.111712  0.000000  0.032591  0.023281  0.022808
7391  0.000000  0.111774  0.000000  0.032603  0.023301  0.022804
7392  0.000000  0.111836  0.000000  0.032614  0.023320  0.022801
7393  0.000000  0.111899  0.000000  0.032626  0.023340  0.022797
7394  0.000000  0.111961  0.000000  0.032638  0.023359  0.022794
7395  0.000000  0.112023  0.000000  0.032649  0.023379  0.022790
7396  0.000000  0.112085  0.000000  0.032661  0.023398  0.022787
7397  0.000000  0.112148  0.000000  0.032672  0.023418  0.022783
7398  0.000000  0.112210  0.000000  0.032684  0.023437  0.022780
7399  0.000000  0.112272  0.000000  0.032695  0.023457  0.022776
7400  0.000000  0.112334  0.000000  0.032707  0.023476  0.022773
7401  0.000000  0.112396  0.000000  0.032718  0.023496  0.022770
7402  0.000000  0.112458  0.000000  0.032730  0.023515  0.022766
7403  0.000000  0.112520  0.000000  0.032742  0.023534  0.022763
7404  0.000000  0.112582  0.000000  0.032753  0.023554  0.022759
7405  0.000000  0.112644  0.000000  0.032765  0.023573  0.022756
7406  0.000000  0.112706  0.000000  0.032776  0.023593  0.022752
7407  0.000000  0.112768  0.000000  0.032788  0.023612  0.022749
7408  0.000000  0.112830  0.000000  0.032799  0.023632  0.022745
7409  0.000000  0.112892  0.000000  0.032811  0.023651  0.022742
7410  0.000000  0.112954  0.000000  0.032823  0.023670  0.022738
7411  0.000000  0.113016  0.000000  0.032834  0.023690  0.022735
7412  0.000000  0.113077  0.000000  0.032846  0.023709  0.022732
7413  0.000000  0.113139  0.000000  0.032857  0.023728  0.022728
7414  0.000000  0.113201  0.000000  0.032869  0.023748  0.022725
7415  0.000000  0.113263  0.000000  0.032881  0.023767  0.022721
7416  0.000000  0.113324  0.000000  0.032892  0.023786  0.022718
7417  0.000000  0.113386  0.000000  0.032904  0.023806  0.022714
7418  0.000000  0.113448  0.000000  0.032915  0.023825  0.022711
7419  0.000000  0.113509  0.000000  0.032927  0.023844  0.022708
7420  0.000000  0.113571  0.000000  0.032939  0.023864  0.022704
7421  0.000000  0.113633  0.000000  0.032950  0.023883  0.022701
7422  0.000000  0.113694  0.000000  0.032962  0.023902  0.022697
7423  0.000000  0.113756  0.000000  0.032974  0.023922  0.022694
7424  0.000000  0.113817  0.000000  0.032985  0.023941  0.022691
7425  0.000000  0.113879  0.000000  0.032997  0.023960  0.022687
7426  0.000000  0.113940  0.000000  0.033008  0.023979  0.022684
7427  0.000000  0.114002  0.000000  0.033020  0.023999  0.022680
7428  0.000000  0.114063  0.000000  0.033032  0.024018  0.022677
7429  0.000000  0.114125  0.000000  0.033043  0.024037  0.022674
7430  0.000000  0.114186  0.000000  0.033055  0.024056  0.022670
7431  0.000000  0.114248  0.000000  0.033067  0.024075  0.022667
7432  0.000000  0.114309  0.000000  0.033078  0.024095  0.022663
7433  0.000000  0.114370  0.000000  0.033090  0.024114  0.022660
7434  0.000000  0.114432  0.000000  0.033102  0.024133  0.022657
7435  0.000000  0.114493  0.000000  0.033113  0.024152  0.022653
7436  0.000000  0.114554  0.000000  0.033125  0.024171  0.022650
7437  0.000000  0.114615  0.000000  0.033137  0.024190  0.022646
7438  0.000000  0.114677  0.000000  0.033148  0.024210  0.022643
7439  0.000000  0.114738  0.000000  0.033160  0.024229  0.022640
7440  0.000000  0.114799  0.000000  0.033172  0.024248  0.022636
7441  0.000000  0.114860  0.000000  0.033183  0.024267  0.022633
7442  0.000000  0.114921  0.000000  0.033195  0.024286  0.022630
7443  0.000000  0.114982  0.000000  0.033207  0.024305  0.022626
7444  0.000000  0.115043  0.000000  0.033218  0.024324  0.022623
7445  0.000000  0.115104  0.000000  0.033230  0.024343  0.022619
7446  0.000000  0.115165  0.000000  0.033242  0.024362  0.022616
7447  0.000000  0.115226  0.000000  0.033253  0.024381  0.022613
7448  0.000000  0.115287  0.000000  0.033265  0.024400  0.022609
7449  0.000000  0.115348  0.000000  0.033277  0.024420  0.022606
7450  0.000000  0.115409  0.000000  0.033288  0.024439  0.022603
7451  0.000000  0.115470  0.000000  0.033300  0.024458  0.022599
7452  0.000000  0.115531  0.000000  0.033312  0.024477  0.022596
7453  0.000000  0.115592  0.000000  0.033324  0.024496  0.022593
7454  0.000000  0.115653  0.000000  0.033335  0.024515  0.022589
7455  0.000000  0.115713  0.000000  0.033347  0.024534  0.022586
7456  0.000000  0.115774  0.000000  0.033359  0.024553  0.022583
7457  0.000000  0.115835  0.000000  0.033370  0.024572  0.022579
7458  0.000000  0.115896  0.000000  0.033382  0.024590  0.022576
7459  0.000000  0.115956  0.000000  0.033394  0.024609  0.022573
7460  0.000000  0.116017  0.000000  0.033406  0.024628  0.022569
7461  0.000000  0.116078  0.000000  0.033417  0.024647  0.022566
7462  0.000000  0.116138  0.000000  0.033429  0.024666  0.022563
7463  0.000000  0.116199  0.000000  0.033441  0.024685  0.022559
7464  0.000000  0.116259  0.000000  0.033452  0.024704  0.022556
7465  0.000000  0.116320  0.000000  0.033464  0.024723  0.022553
7466  0.000000  0.116381  0.000000  0.033476  0.024742  0.022549
7467  0.000000  0.116441  0.000000  0.033488  0.024761  0.022546
7468  0.000000  0.116502  0.000000  0.033499  0.024780  0.022543
7469  0.000000  0.116562  0.000000  0.033511  0.024798  0.022539
7470  0.000000  0.116622  0.000000  0.033523  0.024817  0.022536
7471  0.000000  0.116683  0.000000  0.033535  0.024836  0.022533
7472  0.000000  0.116743  0.000000  0.033546  0.024855  0.022530
7473  0.000000  0.116804  0.000000  0.033558  0.024874  0.022526
7474  0.000000  0.116864  0.000000  0.033570  0.024893  0.022523
7475  0.000000  0.116924  0.000000  0.033581  0.024911  0.022520
7476  0.000000  0.116984  0.000000  0.033593  0.024930  0.022516
7477  0.000000  0.117045  0.000000  0.033605  0.024949  0.022513
7478  0.000000  0.117105  0.000000  0.033617  0.024968  0.022510
7479  0.000000  0.117165  0.000000  0.033628  0.024987  0.022507
7480  0.000000  0.117225  0.000000  0.033640  0.025005  0.022503
7481  0.000000  0.117285  0.000000  0.033652  0.025024  0.022500
7482  0.000000  0.117346  0.000000  0.033664  0.025043  0.022497
7483  0.000000  0.117406  0.000000  0.033675  0.025062  0.022493
7484  0.000000  0.117466  0.000000  0.033687  0.025080  0.022490
7485  0.000000  0.117526  0.000000  0.033699  0.025099  0.022487
7486  0.000000  0.117586  0.000000  0.033711  0.025118  0.022484
7487  0.000000  0.117646  0.000000  0.033723  0.025136  0.022480
7488  0.000000  0.117706  0.000000  0.033734  0.025155  0.022477
7489  0.000000  0.117766  0.000000  0.033746  0.025174  0.022474
7490  0.000000  0.117826  0.000000  0.033758  0.025192  0.022471
7491  0.000000  0.117886  0.000000  0.033770  0.025211  0.022467
7492  0.000000  0.117946  0.000000  0.033781  0.025230  0.022464
7493  0.000000  0.118005  0.000000  0.033793  0.025248  0.022461
7494  0.000000  0.118065  0.000000  0.033805  0.025267  0.022458
7495  0.000000  0.118125  0.000000  0.033817  0.025286  0.022454
7496  0.000000  0.118185  0.000000  0.033828  0.025304  0.022451
7497  0.000000  0.118245  0.000000  0.033840  0.025323  0.022448
7498  0.000000  0.118304  0.000000  0.033852  0.025342  0.022445
7499  0.000000  0.118364  0.000000  0.033864  0.025360  0.022441
7500  0.000000  0.118424  0.000000  0.033876  0.025379  0.022438
7501  0.000000  0.118483  0.000000  0.033887  0.025397  0.022435
7502  0.000000  0.118543  0.000000  0.033899  0.025416  0.022432
7503  0.000000  0.118603  0.000000  0.033911  0.025434  0.022428
7504  0.000000  0.118662  0.000000  0.033923  0.025453  0.022425
7505  0.000000  0.118722  0.000000  0.033934  0.025472  0.022422
7506  0.000000  0.118781  0.000000  0.033946  0.025490  0.022419
7507  0.000000  0.118841  0.000000  0.033958  0.025509  0.022416
7508  0.000000  0.118900  0.000000  0.033970  0.025527  0.022412
7509  0.000000  0.118960  0.000000  0.033982  0.025546  0.022409
7510  0.000000  0.119019  0.000000  0.033993  0.025564  0.022406
7511  0.000000  0.119078  0.000000  0.034005  0.025583  0.022403
7512  0.000000  0.119138  0.000000  0.034017  0.025601  0.022400
7513  0.000000  0.119197  0.000000  0.034029  0.025619  0.022396
7514  0.000000  0.119256  0.000000  0.034040  0.025638  0.022393
7515  0.000000  0.119316  0.000000  0.034052  0.025656  0.022390
7516  0.000000  0.119375  0.000000  0.034064  0.025675  0.022387
7517  0.000000  0.119434  0.000000  0.034076  0.025693  0.022384
7518  0.000000  0.119493  0.000000  0.034088  0.025712  0.022380
7519  0.000000  0.119553  0.000000  0.034099  0.025730  0.022377
7520  0.000000  0.119612  0.000000  0.034111  0.025748  0.022374
7521  0.000000  0.119671  0.000000  0.034123  0.025767  0.022371
7522  0.000000  0.119730  0.000000  0.034135  0.025785  0.022368
7523  0.000000  0.119789  0.000000  0.034147  0.025804  0.022364
7524  0.000000  0.119848  0.000000  0.034158  0.025822  0.022361
7525  0.000000  0.119907  0.000000  0.034170  0.025840  0.022358
7526  0.000000  0.119966  0.000000  0.034182  0.025859  0.022355
7527  0.000000  0.120025  0.000000  0.034194  0.025877  0.022352
7528  0.000000  0.120084  0.000000  0.034206  0.025895  0.022349
7529  0.000000  0.120143  0.000000  0.034217  0.025914  0.022345
7530  0.000000  0.120202  0.000000  0.034229  0.025932  0.022342
7531  0.000000  0.120261  0.000000  0.034241  0.025950  0.022339
7532  0.000000  0.120320  0.000000  0.034253  0.025969  0.022336
7533  0.000000  0.120379  0.000000  0.034265  0.025987  0.022333
7534  0.000000  0.120437  0.000000  0.034276  0.026005  0.022330
7535  0.000000  0.120496  0.000000  0.034288  0.026023  0.022326
7536  0.000000  0.120555  0.000000  0.034300  0.026042  0.022323
7537  0.000000  0.120614  0.000000  0.034312  0.026060  0.022320
7538  0.000000  0.120672  0.000000  0.034324  0.026078  0.022317
7539  0.000000  0.120731  0.000000  0.034335  0.026096  0.022314
7540  0.000000  0.120790  0.000000  0.034347  0.026115  0.022311
7541  0.000000  0.120848  0.000000  0.034359  0.026133  0.022307
7542  0.000000  0.120907  0.000000  0.034371  0.026151  0.022304
7543  0.000000  0.120965  0.000000  0.034383  0.026169  0.022301
7544  0.000000  0.121024  0.000000  0.034394  0.026187  0.022298
7545  0.000000  0.121082  0.000000  0.034406  0.026205  0.022295
7546  0.000000  0.121141  0.000000  0.034418  0.026224  0.022292
7547  0.000000  0.121199  0.000000  0.034430  0.026242  0.022289
7548  0.000000  0.121258  0.000000  0.034442  0.026260  0.022286
7549  0.000000  0.121316  0.000000  0.034454  0.026278  0.022282
7550  0.000000  0.121375  0.000000  0.034465  0.026296  0.022279
7551  0.000000  0.121433  0.000000  0.034477  0.026314  0.022276
7552  0.000000  0.121491  0.000000  0.034489  0.026332  0.022273
7553  0.000000  0.121550  0.000000  0.034501  0.026351  0.022270
7554  0.000000  0.121608  0.000000  0.034513  0.026369  0.022267
7555  0.000000  0.121666  0.000000  0.034524  0.026387  0.022264
7556  0.000000  0.121724  0.000000  0.034536  0.026405  0.022261
7557  0.000000  0.121782  0.000000  0.034548  0.026423  0.022258
7558  0.000000  0.121841  0.000000  0.034560  0.026441  0.022254
7559  0.000000  0.121899  0.000000  0.034572  0.026459  0.022251
7560  0.000000  0.121957  0.000000  0.034583  0.026477  0.022248
7561  0.000000  0.122015  0.000000  0.034595  0.026495  0.022245
7562  0.000000  0.122073  0.000000  0.034607  0.026513  0.022242
7563  0.000000  0.122131  0.000000  0.034619  0.026531  0.022239
7564  0.000000  0.122189  0.000000  0.034631  0.026549  0.022236
7565  0.000000  0.122247  0.000000  0.034642  0.026567  0.022233
7566  0.000000  0.122305  0.000000  0.034654  0.026585  0.022230
7567  0.000000  0.122363  0.000000  0.034666  0.026603  0.022227
7568  0.000000  0.122421  0.000000  0.034678  0.026621  0.022224
7569  0.000000  0.122479  0.000000  0.034690  0.026639  0.022220
7570  0.000000  0.122536  0.000000  0.034701  0.026657  0.022217
7571  0.000000  0.122594  0.000000  0.034713  0.026675  0.022214
7572  0.000000  0.122652  0.000000  0.034725  0.026693  0.022211
7573  0.000000  0.122710  0.000000  0.034737  0.026710  0.022208
7574  0.000000  0.122768  0.000000  0.034749  0.026728  0.022205
7575  0.000000  0.122825  0.000000  0.034760  0.026746  0.022202
7576  0.000000  0.122883  0.000000  0.034772  0.026764  0.022199
7577  0.000000  0.122941  0.000000  0.034784  0.026782  0.022196
7578  0.000000  0.122998  0.000000  0.034796  0.026800  0.022193
7579  0.000000  0.123056  0.000000  0.034808  0.026818  0.022190
7580  0.000000  0.123113  0.000000  0.034819  0.026836  0.022187
7581  0.000000  0.123171  0.000000  0.034831  0.026853  0.022184
7582  0.000000  0.123228  0.000000  0.034843  0.026871  0.022181
7583  0.000000  0.123286  0.000000  0.034855  0.026889  0.022178
7584  0.000000  0.123343  0.000000  0.034867  0.026907  0.022175
7585  0.000000  0.123401  0.000000  0.034878  0.026925  0.022171
7586  0.000000  0.123458  0.000000  0.034890  0.026942  0.022168
7587  0.000000  0.123516  0.000000  0.034902  0.026960  0.022165
7588  0.000000  0.123573  0.000000  0.034914  0.026978  0.022162
7589  0.000000  0.123630  0.000000  0.034926  0.026996  0.022159
7590  0.000000  0.123688  0.000000  0.034937  0.027013  0.022156
7591  0.000000  0.123745  0.000000  0.034949  0.027031  0.022153
7592  0.000000  0.123802  0.000000  0.034961  0.027049  0.022150
7593  0.000000  0.123859  0.000000  0.034973  0.027067  0.022147
7594  0.000000  0.123917  0.000000  0.034985  0.027084  0.022144
7595  0.000000  0.123974  0.000000  0.034996  0.027102  0.022141
7596  0.000000  0.124031  0.000000  0.035008  0.027120  0.022138
7597  0.000000  0.124088  0.000000  0.035020  0.027137  0.022135
7598  0.000000  0.124145  0.000000  0.035032  0.027155  0.022132
7599  0.000000  0.124202  0.000000  0.035044  0.027173  0.022129
7600  0.000000  0.124259  0.000000  0.035055  0.027190  0.022126
7601  0.000000  0.124316  0.000000  0.035067  0.027208  0.022123
7602  0.000000  0.124373  0.000000  0.035079  0.027226  0.022120
7603  0.000000  0.124430  0.000000  0.035091  0.027243  0.022117
7604  0.000000  0.124487  0.000000  0.035103  0.027261  0.022114
7605  0.000000  0.124544  0.000000  0.035114  0.027278  0.022111
7606  0.000000  0.124601  0.000000  0.035126  0.027296  0.022108
7607  0.000000  0.124657  0.000000  0.035138  0.027314  0.022105
7608  0.000000  0.124714  0.000000  0.035150  0.027331  0.022102
7609  0.000000  0.124771  0.000000  0.035161  0.027349  0.022099
7610  0.000000  0.124828  0.000000  0.035173  0.027366  0.022096
7611  0.000000  0.124885  0.000000  0.035185  0.027384  0.022093
7612  0.000000  0.124941  0.000000  0.035197  0.027401  0.022090
7613  0.000000  0.124998  0.000000  0.035209  0.027419  0.022087
7614  0.000000  0.125054  0.000000  0.035220  0.027437  0.022084
7615  0.000000  0.125111  0.000000  0.035232  0.027454  0.022081
7616  0.000000  0.125168  0.000000  0.035244  0.027472  0.022078
7617  0.000000  0.125224  0.000000  0.035256  0.027489  0.022075
7618  0.000000  0.125281  0.000000  0.035267  0.027506  0.022072
7619  0.000000  0.125337  0.000000  0.035279  0.027524  0.022069
7620  0.000000  0.125394  0.000000  0.035291  0.027541  0.022066
7621  0.000000  0.125450  0.000000  0.035303  0.027559  0.022063
7622  0.000000  0.125507  0.000000  0.035315  0.027576  0.022060
7623  0.000000  0.125563  0.000000  0.035326  0.027594  0.022058
7624  0.000000  0.125619  0.000000  0.035338  0.027611  0.022055
7625  0.000000  0.125676  0.000000  0.035350  0.027629  0.022052
7626  0.000000  0.125732  0.000000  0.035362  0.027646  0.022049
7627  0.000000  0.125788  0.000000  0.035373  0.027663  0.022046
7628  0.000000  0.125844  0.000000  0.035385  0.027681  0.022043
7629  0.000000  0.125901  0.000000  0.035397  0.027698  0.022040
7630  0.000000  0.125957  0.000000  0.035409  0.027716  0.022037
7631  0.000000  0.126013  0.000000  0.035420  0.027733  0.022034
7632  0.000000  0.126069  0.000000  0.035432  0.027750  0.022031
7633  0.000000  0.126125  0.000000  0.035444  0.027768  0.022028
7634  0.000000  0.126181  0.000000  0.035456  0.027785  0.022025
7635  0.000000  0.126237  0.000000  0.035467  0.027802  0.022022
7636  0.000000  0.126293  0.000000  0.035479  0.027819  0.022019
7637  0.000000  0.126349  0.000000  0.035491  0.027837  0.022016
7638  0.000000  0.126405  0.000000  0.035503  0.027854  0.022013
7639  0.000000  0.126461  0.000000  0.035514  0.027871  0.022010
7640  0.000000  0.126517  0.000000  0.035526  0.027889  0.022008
7641  0.000000  0.126573  0.000000  0.035538  0.027906  0.022005
7642  0.000000  0.126629  0.000000  0.035550  0.027923  0.022002
7643  0.000000  0.126685  0.000000  0.035561  0.027940  0.021999
7644  0.000000  0.126740  0.000000  0.035573  0.027958  0.021996
7645  0.000000  0.126796  0.000000  0.035585  0.027975  0.021993
7646  0.000000  0.126852  0.000000  0.035597  0.027992  0.021990
7647  0.000000  0.126908  0.000000  0.035608  0.028009  0.021987
7648  0.000000  0.126963  0.000000  0.035620  0.028026  0.021984
7649  0.000000  0.127019  0.000000  0.035632  0.028044  0.021981
7650  0.000000  0.127075  0.000000  0.035644  0.028061  0.021978
7651  0.000000  0.127130  0.000000  0.035655  0.028078  0.021976
7652  0.000000  0.127186  0.000000  0.035667  0.028095  0.021973
7653  0.000000  0.127241  0.000000  0.035679  0.028112  0.021970
7654  0.000000  0.127297  0.000000  0.035690  0.028129  0.021967
7655  0.000000  0.127352  0.000000  0.035702  0.028146  0.021964
7656  0.000000  0.127408  0.000000  0.035714  0.028164  0.021961
7657  0.000000  0.127463  0.000000  0.035726  0.028181  0.021958
7658  0.000000  0.127518  0.000000  0.035737  0.028198  0.021955
7659  0.000000  0.127574  0.000000  0.035749  0.028215  0.021953
7660  0.000000  0.127629  0.000000  0.035761  0.028232  0.021950
7661  0.000000  0.127684  0.000000  0.035772  0.028249  0.021947
7662  0.000000  0.127740  0.000000  0.035784  0.028266  0.021944
7663  0.000000  0.127795  0.000000  0.035796  0.028283  0.021941
7664  0.000000  0.127850  0.000000  0.035808  0.028300  0.021938
7665  0.000000  0.127905  0.000000  0.035819  0.028317  0.021935
7666  0.000000  0.127960  0.000000  0.035831  0.028334  0.021932
7667  0.000000  0.128016  0.000000  0.035843  0.028351  0.021930
7668  0.000000  0.128071  0.000000  0.035854  0.028368  0.021927
7669  0.000000  0.128126  0.000000  0.035866  0.028385  0.021924
7670  0.000000  0.128181  0.000000  0.035878  0.028402  0.021921
7671  0.000000  0.128236  0.000000  0.035889  0.028419  0.021918
7672  0.000000  0.128291  0.000000  0.035901  0.028436  0.021915
7673  0.000000  0.128346  0.000000  0.035913  0.028453  0.021912
7674  0.000000  0.128401  0.000000  0.035924  0.028470  0.021910
7675  0.000000  0.128456  0.000000  0.035936  0.028487  0.021907
7676  0.000000  0.128510  0.000000  0.035948  0.028504  0.021904
7677  0.000000  0.128565  0.000000  0.035960  0.028521  0.021901
7678  0.000000  0.128620  0.000000  0.035971  0.028538  0.021898
7679  0.000000  0.128675  0.000000  0.035983  0.028554  0.021895
7680  0.000000  0.128730  0.000000  0.035995  0.028571  0.021893
7681  0.000000  0.128784  0.000000  0.036006  0.028588  0.021890
7682  0.000000  0.128839  0.000000  0.036018  0.028605  0.021887
7683  0.000000  0.128894  0.000000  0.036030  0.028622  0.021884
7684  0.000000  0.128948  0.000000  0.036041  0.028639  0.021881
7685  0.000000  0.129003  0.000000  0.036053  0.028656  0.021878
7686  0.000000  0.129057  0.000000  0.036065  0.028672  0.021876
7687  0.000000  0.129112  0.000000  0.036076  0.028689  0.021873
7688  0.000000  0.129166  0.000000  0.036088  0.028706  0.021870
7689  0.000000  0.129221  0.000000  0.036100  0.028723  0.021867
7690  0.000000  0.129275  0.000000  0.036111  0.028740  0.021864
7691  0.000000  0.129330  0.000000  0.036123  0.028756  0.021862
7692  0.000000  0.129384  0.000000  0.036134  0.028773  0.021859
7693  0.000000  0.129439  0.000000  0.036146  0.028790  0.021856
7694  0.000000  0.129493  0.000000  0.036158  0.028807  0.021853
7695  0.000000  0.129547  0.000000  0.036169  0.028823  0.021850
7696  0.000000  0.129602  0.000000  0.036181  0.028840  0.021848
7697  0.000000  0.129656  0.000000  0.036193  0.028857  0.021845
7698  0.000000  0.129710  0.000000  0.036204  0.028873  0.021842
7699  0.000000  0.129764  0.000000  0.036216  0.028890  0.021839
7700  0.000000  0.129818  0.000000  0.036228  0.028907  0.021836
7701  0.000000  0.129872  0.000000  0.036239  0.028924  0.021834
7702  0.000000  0.129927  0.000000  0.036251  0.028940  0.021831
7703  0.000000  0.129981  0.000000  0.036262  0.028957  0.021828
7704  0.000000  0.130035  0.000000  0.036274  0.028973  0.021825
7705  0.000000  0.130089  0.000000  0.036286  0.028990  0.021822
7706  0.000000  0.130143  0.000000  0.036297  0.029007  0.021820
7707  0.000000  0.130197  0.000000  0.036309  0.029023  0.021817
7708  0.000000  0.130251  0.000000  0.036320  0.029040  0.021814
7709  0.000000  0.130304  0.000000  0.036332  0.029057  0.021811
7710  0.000000  0.130358  0.000000  0.036344  0.029073  0.021809
7711  0.000000  0.130412  0.000000  0.036355  0.029090  0.021806
7712  0.000000  0.130466  0.000000  0.036367  0.029106  0.021803
7713  0.000000  0.130520  0.000000  0.036378  0.029123  0.021800
7714  0.000000  0.130573  0.000000  0.036390  0.029139  0.021798
7715  0.000000  0.130627  0.000000  0.036402  0.029156  0.021795
7716  0.000000  0.130681  0.000000  0.036413  0.029172  0.021792
7717  0.000000  0.130734  0.000000  0.036425  0.029189  0.021789
7718  0.000000  0.130788  0.000000  0.036436  0.029205  0.021787
7719  0.000000  0.130842  0.000000  0.036448  0.029222  0.021784
7720  0.000000  0.130895  0.000000  0.036460  0.029238  0.021781
7721  0.000000  0.130949  0.000000  0.036471  0.029255  0.021778
7722  0.000000  0.131002  0.000000  0.036483  0.029271  0.021776
7723  0.000000  0.131056  0.000000  0.036494  0.029288  0.021773
7724  0.000000  0.131109  0.000000  0.036506  0.029304  0.021770
7725  0.000000  0.131163  0.000000  0.036517  0.029321  0.021767
7726  0.000000  0.131216  0.000000  0.036529  0.029337  0.021765
7727  0.000000  0.131269  0.000000  0.036540  0.029353  0.021762
7728  0.000000  0.131323  0.000000  0.036552  0.029370  0.021759
7729  0.000000  0.131376  0.000000  0.036564  0.029386  0.021756
7730  0.000000  0.131429  0.000000  0.036575  0.029403  0.021754
7731  0.000000  0.131482  0.000000  0.036587  0.029419  0.021751
7732  0.000000  0.131536  0.000000  0.036598  0.029435  0.021748
7733  0.000000  0.131589  0.000000  0.036610  0.029452  0.021746
7734  0.000000  0.131642  0.000000  0.036621  0.029468  0.021743
7735  0.000000  0.131695  0.000000  0.036633  0.029484  0.021740
7736  0.000000  0.131748  0.000000  0.036644  0.029501  0.021737
7737  0.000000  0.131801  0.000000  0.036656  0.029517  0.021735
7738  0.000000  0.131854  0.000000  0.036667  0.029533  0.021732
7739  0.000000  0.131907  0.000000  0.036679  0.029550  0.021729
7740  0.000000  0.131960  0.000000  0.036690  0.029566  0.021727
7741  0.000000  0.132013  0.000000  0.036702  0.029582  0.021724
7742  0.000000  0.132066  0.000000  0.036713  0.029598  0.021721
7743  0.000000  0.132119  0.000000  0.036725  0.029615  0.021719
7744  0.000000  0.132172  0.000000  0.036736  0.029631  0.021716
7745  0.000000  0.132224  0.000000  0.036748  0.029647  0.021713
7746  0.000000  0.132277  0.000000  0.036759  0.029663  0.021710
7747  0.000000  0.132330  0.000000  0.036771  0.029680  0.021708
7748  0.000000  0.132383  0.000000  0.036782  0.029696  0.021705
7749  0.000000  0.132435  0.000000  0.036794  0.029712  0.021702
7750  0.000000  0.132488  0.000000  0.036805  0.029728  0.021700
7751  0.000000  0.132541  0.000000  0.036817  0.029744  0.021697
7752  0.000000  0.132593  0.000000  0.036828  0.029760  0.021694
7753  0.000000  0.132646  0.000000  0.036840  0.029777  0.021692
7754  0.000000  0.132698  0.000000  0.036851  0.029793  0.021689
7755  0.000000  0.132751  0.000000  0.036863  0.029809  0.021686
7756  0.000000  0.132803  0.000000  0.036874  0.029825  0.021684
7757  0.000000  0.132856  0.000000  0.036886  0.029841  0.021681
7758  0.000000  0.132908  0.000000  0.036897  0.029857  0.021678
7759  0.000000  0.132960  0.000000  0.036909  0.029873  0.021676
7760  0.000000  0.133013  0.000000  0.036920  0.029889  0.021673
7761  0.000000  0.133065  0.000000  0.036932  0.029905  0.021670
7762  0.000000  0.133117  0.000000  0.036943  0.029921  0.021668
7763  0.000000  0.133170  0.000000  0.036954  0.029938  0.021665
7764  0.000000  0.133222  0.000000  0.036966  0.029954  0.021662
7765  0.000000  0.133274  0.000000  0.036977  0.029970  0.021660
7766  0.000000  0.133326  0.000000  0.036989  0.029986  0.021657
7767  0.000000  0.133378  0.000000  0.037000  0.030002  0.021655
7768  0.000000  0.133430  0.000000  0.037012  0.030018  0.021652
7769  0.000000  0.133482  0.000000  0.037023  0.030034  0.021649
7770  0.000000  0.133534  0.000000  0.037034  0.030050  0.021647
7771  0.000000  0.133586  0.000000  0.037046  0.030066  0.021644
7772  0.000000  0.133638  0.000000  0.037057  0.030082  0.021641
7773  0.000000  0.133690  0.000000  0.037069  0.030097  0.021639
7774  0.000000  0.133742  0.000000  0.037080  0.030113  0.021636
7775  0.000000  0.133794  0.000000  0.037092  0.030129  0.021633
7776  0.000000  0.133846  0.000000  0.037103  0.030145  0.021631
7777  0.000000  0.133898  0.000000  0.037114  0.030161  0.021628
7778  0.000000  0.133950  0.000000  0.037126  0.030177  0.021626
7779  0.000000  0.134001  0.000000  0.037137  0.030193  0.021623
7780  0.000000  0.134053  0.000000  0.037148  0.030209  0.021620
7781  0.000000  0.134105  0.000000  0.037160  0.030225  0.021618
7782  0.000000  0.134156  0.000000  0.037171  0.030240  0.021615
7783  0.000000  0.134208  0.000000  0.037183  0.030256  0.021613
7784  0.000000  0.134260  0.000000  0.037194  0.030272  0.021610
7785  0.000000  0.134311  0.000000  0.037205  0.030288  0.021607
7786  0.000000  0.134363  0.000000  0.037217  0.030304  0.021605
7787  0.000000  0.134414  0.000000  0.037228  0.030320  0.021602
7788  0.000000  0.134466  0.000000  0.037239  0.030335  0.021600
7789  0.000000  0.134517  0.000000  0.037251  0.030351  0.021597
7790  0.000000  0.134569  0.000000  0.037262  0.030367  0.021594
7791  0.000000  0.134620  0.000000  0.037273  0.030383  0.021592
7792  0.000000  0.134671  0.000000  0.037285  0.030398  0.021589
7793  0.000000  0.134723  0.000000  0.037296  0.030414  0.021587
7794  0.000000  0.134774  0.000000  0.037308  0.030430  0.021584
7795  0.000000  0.134825  0.000000  0.037319  0.030446  0.021581
7796  0.000000  0.134876  0.000000  0.037330  0.030461  0.021579
7797  0.000000  0.134928  0.000000  0.037341  0.030477  0.021576
7798  0.000000  0.134979  0.000000  0.037353  0.030493  0.021574
7799  0.000000  0.135030  0.000000  0.037364  0.030508  0.021571
7800  0.000000  0.135081  0.000000  0.037375  0.030524  0.021569
7801  0.000000  0.135132  0.000000  0.037387  0.030540  0.021566
7802  0.000000  0.135183  0.000000  0.037398  0.030555  0.021563
7803  0.000000  0.135234  0.000000  0.037409  0.030571  0.021561
7804  0.000000  0.135285  0.000000  0.037421  0.030587  0.021558
7805  0.000000  0.135336  0.000000  0.037432  0.030602  0.021556
7806  0.000000  0.135387  0.000000  0.037443  0.030618  0.021553
7807  0.000000  0.135438  0.000000  0.037454  0.030633  0.021551
7808  0.000000  0.135489  0.000000  0.037466  0.030649  0.021548
7809  0.000000  0.135539  0.000000  0.037477  0.030665  0.021545
7810  0.000000  0.135590  0.000000  0.037488  0.030680  0.021543
7811  0.000000  0.135641  0.000000  0.037500  0.030696  0.021540
7812  0.000000  0.135692  0.000000  0.037511  0.030711  0.021538
7813  0.000000  0.135742  0.000000  0.037522  0.030727  0.021535
7814  0.000000  0.135793  0.000000  0.037533  0.030742  0.021533
7815  0.000000  0.135844  0.000000  0.037545  0.030758  0.021530
7816  0.000000  0.135894  0.000000  0.037556  0.030773  0.021528
7817  0.000000  0.135945  0.000000  0.037567  0.030789  0.021525
7818  0.000000  0.135995  0.000000  0.037578  0.030804  0.021523
7819  0.000000  0.136046  0.000000  0.037590  0.030820  0.021520
7820  0.000000  0.136096  0.000000  0.037601  0.030835  0.021518
7821  0.000000  0.136147  0.000000  0.037612  0.030851  0.021515
7822  0.000000  0.136197  0.000000  0.037623  0.030866  0.021512
7823  0.000000  0.136247  0.000000  0.037634  0.030882  0.021510
7824  0.000000  0.136298  0.000000  0.037646  0.030897  0.021507
7825  0.000000  0.136348  0.000000  0.037657  0.030912  0.021505
7826  0.000000  0.136398  0.000000  0.037668  0.030928  0.021502
7827  0.000000  0.136449  0.000000  0.037679  0.030943  0.021500
7828  0.000000  0.136499  0.000000  0.037690  0.030959  0.021497
7829  0.000000  0.136549  0.000000  0.037702  0.030974  0.021495
7830  0.000000  0.136599  0.000000  0.037713  0.030989  0.021492
7831  0.000000  0.136649  0.000000  0.037724  0.031005  0.021490
7832  0.000000  0.136699  0.000000  0.037735  0.031020  0.021487
7833  0.000000  0.136749  0.000000  0.037746  0.031035  0.021485
7834  0.000000  0.136799  0.000000  0.037758  0.031051  0.021482
7835  0.000000  0.136849  0.000000  0.037769  0.031066  0.021480
7836  0.000000  0.136899  0.000000  0.037780  0.031081  0.021477
7837  0.000000  0.136949  0.000000  0.037791  0.031097  0.021475
7838  0.000000  0.136999  0.000000  0.037802  0.031112  0.021472
7839  0.000000  0.137049  0.000000  0.037813  0.031127  0.021470
7840  0.000000  0.137099  0.000000  0.037825  0.031142  0.021467
7841  0.000000  0.137149  0.000000  0.037836  0.031158  0.021465
7842  0.000000  0.137198  0.000000  0.037847  0.031173  0.021462
7843  0.000000  0.137248  0.000000  0.037858  0.031188  0.021460
7844  0.000000  0.137298  0.000000  0.037869  0.031203  0.021457
7845  0.000000  0.137347  0.000000  0.037880  0.031218  0.021455
7846  0.000000  0.137397  0.000000  0.037891  0.031234  0.021453
7847  0.000000  0.137447  0.000000  0.037902  0.031249  0.021450
7848  0.000000  0.137496  0.000000  0.037914  0.031264  0.021448
7849  0.000000  0.137546  0.000000  0.037925  0.031279  0.021445
7850  0.000000  0.137595  0.000000  0.037936  0.031294  0.021443
7851  0.000000  0.137645  0.000000  0.037947  0.031309  0.021440
7852  0.000000  0.137694  0.000000  0.037958  0.031325  0.021438
7853  0.000000  0.137743  0.000000  0.037969  0.031340  0.021435
7854  0.000000  0.137793  0.000000  0.037980  0.031355  0.021433
7855  0.000000  0.137842  0.000000  0.037991  0.031370  0.021430
7856  0.000000  0.137891  0.000000  0.038002  0.031385  0.021428
7857  0.000000  0.137941  0.000000  0.038013  0.031400  0.021425
7858  0.000000  0.137990  0.000000  0.038024  0.031415  0.021423
7859  0.000000  0.138039  0.000000  0.038035  0.031430  0.021421
7860  0.000000  0.138088  0.000000  0.038047  0.031445  0.021418
7861  0.000000  0.138137  0.000000  0.038058  0.031460  0.021416
7862  0.000000  0.138187  0.000000  0.038069  0.031475  0.021413
7863  0.000000  0.138236  0.000000  0.038080  0.031490  0.021411
7864  0.000000  0.138285  0.000000  0.038091  0.031505  0.021408
7865  0.000000  0.138334  0.000000  0.038102  0.031520  0.021406
7866  0.000000  0.138383  0.000000  0.038113  0.031535  0.021404
7867  0.000000  0.138432  0.000000  0.038124  0.031550  0.021401
7868  0.000000  0.138481  0.000000  0.038135  0.031565  0.021399
7869  0.000000  0.138529  0.000000  0.038146  0.031580  0.021396
7870  0.000000  0.138578  0.000000  0.038157  0.031595  0.021394
7871  0.000000  0.138627  0.000000  0.038168  0.031610  0.021391
7872  0.000000  0.138676  0.000000  0.038179  0.031625  0.021389
7873  0.000000  0.138725  0.000000  0.038190  0.031640  0.021387
7874  0.000000  0.138773  0.000000  0.038201  0.031655  0.021384
7875  0.000000  0.138822  0.000000  0.038212  0.031670  0.021382
7876  0.000000  0.138871  0.000000  0.038223  0.031684  0.021379
7877  0.000000  0.138919  0.000000  0.038234  0.031699  0.021377
7878  0.000000  0.138968  0.000000  0.038245  0.031714  0.021375
7879  0.000000  0.139016  0.000000  0.038256  0.031729  0.021372
7880  0.000000  0.139065  0.000000  0.038267  0.031744  0.021370
7881  0.000000  0.139113  0.000000  0.038278  0.031759  0.021367
7882  0.000000  0.139162  0.000000  0.038289  0.031773  0.021365
7883  0.000000  0.139210  0.000000  0.038299  0.031788  0.021363
7884  0.000000  0.139259  0.000000  0.038310  0.031803  0.021360
7885  0.000000  0.139307  0.000000  0.038321  0.031818  0.021358
7886  0.000000  0.139355  0.000000  0.038332  0.031833  0.021355
7887  0.000000  0.139404  0.000000  0.038343  0.031847  0.021353
7888  0.000000  0.139452  0.000000  0.038354  0.031862  0.021351
7889  0.000000  0.139500  0.000000  0.038365  0.031877  0.021348
7890  0.000000  0.139548  0.000000  0.038376  0.031892  0.021346
7891  0.000000  0.139596  0.000000  0.038387  0.031906  0.021343
7892  0.000000  0.139644  0.000000  0.038398  0.031921  0.021341
7893  0.000000  0.139693  0.000000  0.038409  0.031936  0.021339
7894  0.000000  0.139741  0.000000  0.038420  0.031950  0.021336
7895  0.000000  0.139789  0.000000  0.038430  0.031965  0.021334
7896  0.000000  0.139837  0.000000  0.038441  0.031980  0.021332
7897  0.000000  0.139885  0.000000  0.038452  0.031994  0.021329
7898  0.000000  0.139932  0.000000  0.038463  0.032009  0.021327
7899  0.000000  0.139980  0.000000  0.038474  0.032024  0.021324
7900  0.000000  0.140028  0.000000  0.038485  0.032038  0.021322
7901  0.000000  0.140076  0.000000  0.038496  0.032053  0.021320
7902  0.000000  0.140124  0.000000  0.038507  0.032067  0.021317
7903  0.000000  0.140172  0.000000  0.038517  0.032082  0.021315
7904  0.000000  0.140219  0.000000  0.038528  0.032097  0.021313
7905  0.000000  0.140267  0.000000  0.038539  0.032111  0.021310
7906  0.000000  0.140315  0.000000  0.038550  0.032126  0.021308
7907  0.000000  0.140362  0.000000  0.038561  0.032140  0.021306
7908  0.000000  0.140410  0.000000  0.038572  0.032155  0.021303
7909  0.000000  0.140457  0.000000  0.038582  0.032169  0.021301
7910  0.000000  0.140505  0.000000  0.038593  0.032184  0.021299
7911  0.000000  0.140552  0.000000  0.038604  0.032198  0.021296
7912  0.000000  0.140600  0.000000  0.038615  0.032213  0.021294
7913  0.000000  0.140647  0.000000  0.038626  0.032227  0.021292
7914  0.000000  0.140695  0.000000  0.038636  0.032242  0.021289
7915  0.000000  0.140742  0.000000  0.038647  0.032256  0.021287
7916  0.000000  0.140789  0.000000  0.038658  0.032271  0.021285
7917  0.000000  0.140837  0.000000  0.038669  0.032285  0.021282
7918  0.000000  0.140884  0.000000  0.038679  0.032300  0.021280
7919  0.000000  0.140931  0.000000  0.038690  0.032314  0.021278
7920  0.000000  0.140978  0.000000  0.038701  0.032328  0.021275
7921  0.000000  0.141025  0.000000  0.038712  0.032343  0.021273
7922  0.000000  0.141072  0.000000  0.038722  0.032357  0.021271
7923  0.000000  0.141120  0.000000  0.038733  0.032372  0.021268
7924  0.000000  0.141167  0.000000  0.038744  0.032386  0.021266
7925  0.000000  0.141214  0.000000  0.038755  0.032400  0.021264
7926  0.000000  0.141261  0.000000  0.038765  0.032415  0.021262
7927  0.000000  0.141308  0.000000  0.038776  0.032429  0.021259
7928  0.000000  0.141354  0.000000  0.038787  0.032443  0.021257
7929  0.000000  0.141401  0.000000  0.038798  0.032458  0.021255
7930  0.000000  0.141448  0.000000  0.038808  0.032472  0.021252
7931  0.000000  0.141495  0.000000  0.038819  0.032486  0.021250
7932  0.000000  0.141542  0.000000  0.038830  0.032500  0.021248
7933  0.000000  0.141589  0.000000  0.038840  0.032515  0.021245
7934  0.000000  0.141635  0.000000  0.038851  0.032529  0.021243
7935  0.000000  0.141682  0.000000  0.038862  0.032543  0.021241
7936  0.000000  0.141729  0.000000  0.038872  0.032557  0.021239
7937  0.000000  0.141775  0.000000  0.038883  0.032572  0.021236
7938  0.000000  0.141822  0.000000  0.038894  0.032586  0.021234
7939  0.000000  0.141868  0.000000  0.038904  0.032600  0.021232
7940  0.000000  0.141915  0.000000  0.038915  0.032614  0.021229
7941  0.000000  0.141961  0.000000  0.038926  0.032628  0.021227
7942  0.000000  0.142008  0.000000  0.038936  0.032643  0.021225
7943  0.000000  0.142054  0.000000  0.038947  0.032657  0.021223
7944  0.000000  0.142100  0.000000  0.038958  0.032671  0.021220
7945  0.000000  0.142147  0.000000  0.038968  0.032685  0.021218
7946  0.000000  0.142193  0.000000  0.038979  0.032699  0.021216
7947  0.000000  0.142239  0.000000  0.038989  0.032713  0.021214
7948  0.000000  0.142286  0.000000  0.039000  0.032727  0.021211
7949  0.000000  0.142332  0.000000  0.039011  0.032741  0.021209
7950  0.000000  0.142378  0.000000  0.039021  0.032755  0.021207
7951  0.000000  0.142424  0.000000  0.039032  0.032770  0.021205
7952  0.000000  0.142470  0.000000  0.039042  0.032784  0.021202
7953  0.000000  0.142516  0.000000  0.039053  0.032798  0.021200
7954  0.000000  0.142562  0.000000  0.039063  0.032812  0.021198
7955  0.000000  0.142608  0.000000  0.039074  0.032826  0.021196
7956  0.000000  0.142654  0.000000  0.039085  0.032840  0.021193
7957  0.000000  0.142700  0.000000  0.039095  0.032854  0.021191
7958  0.000000  0.142746  0.000000  0.039106  0.032868  0.021189
7959  0.000000  0.142792  0.000000  0.039116  0.032882  0.021187
7960  0.000000  0.142838  0.000000  0.039127  0.032896  0.021184
7961  0.000000  0.142884  0.000000  0.039137  0.032910  0.021182
7962  0.000000  0.142929  0.000000  0.039148  0.032924  0.021180
7963  0.000000  0.142975  0.000000  0.039158  0.032938  0.021178
7964  0.000000  0.143021  0.000000  0.039169  0.032951  0.021175
7965  0.000000  0.143066  0.000000  0.039179  0.032965  0.021173
7966  0.000000  0.143112  0.000000  0.039190  0.032979  0.021171
7967  0.000000  0.143158  0.000000  0.039200  0.032993  0.021169
7968  0.000000  0.143203  0.000000  0.039211  0.033007  0.021167
7969  0.000000  0.143249  0.000000  0.039221  0.033021  0.021164
7970  0.000000  0.143294  0.000000  0.039232  0.033035  0.021162
7971  0.000000  0.143340  0.000000  0.039242  0.033049  0.021160
7972  0.000000  0.143385  0.000000  0.039253  0.033063  0.021158
7973  0.000000  0.143430  0.000000  0.039263  0.033076  0.021156
7974  0.000000  0.143476  0.000000  0.039274  0.033090  0.021153
7975  0.000000  0.143521  0.000000  0.039284  0.033104  0.021151
7976  0.000000  0.143566  0.000000  0.039295  0.033118  0.021149
7977  0.000000  0.143612  0.000000  0.039305  0.033132  0.021147
7978  0.000000  0.143657  0.000000  0.039315  0.033145  0.021145
7979  0.000000  0.143702  0.000000  0.039326  0.033159  0.021142
7980  0.000000  0.143747  0.000000  0.039336  0.033173  0.021140
7981  0.000000  0.143792  0.000000  0.039347  0.033187  0.021138
7982  0.000000  0.143837  0.000000  0.039357  0.033200  0.021136
7983  0.000000  0.143882  0.000000  0.039368  0.033214  0.021134
7984  0.000000  0.143927  0.000000  0.039378  0.033228  0.021131
7985  0.000000  0.143972  0.000000  0.039388  0.033241  0.021129
7986  0.000000  0.144017  0.000000  0.039399  0.033255  0.021127
7987  0.000000  0.144062  0.000000  0.039409  0.033269  0.021125
7988  0.000000  0.144107  0.000000  0.039419  0.033282  0.021123
7989  0.000000  0.144152  0.000000  0.039430  0.033296  0.021121
7990  0.000000  0.144197  0.000000  0.039440  0.033310  0.021118
7991  0.000000  0.144241  0.000000  0.039451  0.033323  0.021116
7992  0.000000  0.144286  0.000000  0.039461  0.033337  0.021114
7993  0.000000  0.144331  0.000000  0.039471  0.033351  0.021112
7994  0.000000  0.144375  0.000000  0.039482  0.033364  0.021110
7995  0.000000  0.144420  0.000000  0.039492  0.033378  0.021108
7996  0.000000  0.144465  0.000000  0.039502  0.033391  0.021105
7997  0.000000  0.144509  0.000000  0.039512  0.033405  0.021103
7998  0.000000  0.144554  0.000000  0.039523  0.033419  0.021101
7999  0.000000  0.144598  0.000000  0.039533  0.033432  0.021099
8000  0.000000  0.144643  0.000000  0.039543  0.033446  0.021097
8001  0.000000  0.144687  0.000000  0.039554  0.033459  0.021095
8002  0.000000  0.144731  0.000000  0.039564  0.033473  0.021092
8003  0.000000  0.144776  0.000000  0.039574  0.033486  0.021090
8004  0.000000  0.144820  0.000000  0.039585  0.033500  0.021088
8005  0.000000  0.144864  0.000000  0.039595  0.033513  0.021086
8006  0.000000  0.144908  0.000000  0.039605  0.033527  0.021084
8007  0.000000  0.144953  0.000000  0.039615  0.033540  0.021082
8008  0.000000  0.144997  0.000000  0.039626  0.033553  0.021080
8009  0.000000  0.145041  0.000000  0.039636  0.033567  0.021078
8010  0.000000  0.145085  0.000000  0.039646  0.033580  0.021075
8011  0.000000  0.145129  0.000000  0.039656  0.033594  0.021073
8012  0.000000  0.145173  0.000000  0.039667  0.033607  0.021071
8013  0.000000  0.145217  0.000000  0.039677  0.033621  0.021069
8014  0.000000  0.145261  0.000000  0.039687  0.033634  0.021067
8015  0.000000  0.145305  0.000000  0.039697  0.033647  0.021065
8016  0.000000  0.145349  0.000000  0.039707  0.033661  0.021063
8017  0.000000  0.145393  0.000000  0.039718  0.033674  0.021061
8018  0.000000  0.145437  0.000000  0.039728  0.033687  0.021058
8019  0.000000  0.145480  0.000000  0.039738  0.033701  0.021056
8020  0.000000  0.145524  0.000000  0.039748  0.033714  0.021054
8021  0.000000  0.145568  0.000000  0.039758  0.033727  0.021052
8022  0.000000  0.145611  0.000000  0.039768  0.033741  0.021050
8023  0.000000  0.145655  0.000000  0.039779  0.033754  0.021048
8024  0.000000  0.145699  0.000000  0.039789  0.033767  0.021046
8025  0.000000  0.145742  0.000000  0.039799  0.033780  0.021044
8026  0.000000  0.145786  0.000000  0.039809  0.033794  0.021042
8027  0.000000  0.145829  0.000000  0.039819  0.033807  0.021039
8028  0.000000  0.145873  0.000000  0.039829  0.033820  0.021037
8029  0.000000  0.145916  0.000000  0.039839  0.033833  0.021035
8030  0.000000  0.145960  0.000000  0.039849  0.033846  0.021033
8031  0.000000  0.146003  0.000000  0.039860  0.033860  0.021031
8032  0.000000  0.146046  0.000000  0.039870  0.033873  0.021029
8033  0.000000  0.146089  0.000000  0.039880  0.033886  0.021027
8034  0.000000  0.146133  0.000000  0.039890  0.033899  0.021025
8035  0.000000  0.146176  0.000000  0.039900  0.033912  0.021023
8036  0.000000  0.146219  0.000000  0.039910  0.033925  0.021021
8037  0.000000  0.146262  0.000000  0.039920  0.033939  0.021019
8038  0.000000  0.146305  0.000000  0.039930  0.033952  0.021017
8039  0.000000  0.146348  0.000000  0.039940  0.033965  0.021015
8040  0.000000  0.146391  0.000000  0.039950  0.033978  0.021012
8041  0.000000  0.146434  0.000000  0.039960  0.033991  0.021010
8042  0.000000  0.146477  0.000000  0.039970  0.034004  0.021008
8043  0.000000  0.146520  0.000000  0.039980  0.034017  0.021006
8044  0.000000  0.146563  0.000000  0.039990  0.034030  0.021004
8045  0.000000  0.146606  0.000000  0.040000  0.034043  0.021002
8046  0.000000  0.146649  0.000000  0.040010  0.034056  0.021000
8047  0.000000  0.146692  0.000000  0.040020  0.034069  0.020998
8048  0.000000  0.146734  0.000000  0.040030  0.034082  0.020996
8049  0.000000  0.146777  0.000000  0.040040  0.034095  0.020994
8050  0.000000  0.146820  0.000000  0.040050  0.034108  0.020992
8051  0.000000  0.146863  0.000000  0.040060  0.034121  0.020990
8052  0.000000  0.146905  0.000000  0.040070  0.034134  0.020988
8053  0.000000  0.146948  0.000000  0.040080  0.034147  0.020986
8054  0.000000  0.146990  0.000000  0.040090  0.034160  0.020984
8055  0.000000  0.147033  0.000000  0.040100  0.034173  0.020982
8056  0.000000  0.147075  0.000000  0.040110  0.034186  0.020980
8057  0.000000  0.147118  0.000000  0.040120  0.034199  0.020978
8058  0.000000  0.147160  0.000000  0.040130  0.034212  0.020976
8059  0.000000  0.147202  0.000000  0.040140  0.034224  0.020974
8060  0.000000  0.147245  0.000000  0.040150  0.034237  0.020972
8061  0.000000  0.147287  0.000000  0.040160  0.034250  0.020969
8062  0.000000  0.147329  0.000000  0.040169  0.034263  0.020967
8063  0.000000  0.147371  0.000000  0.040179  0.034276  0.020965
8064  0.000000  0.147414  0.000000  0.040189  0.034289  0.020963
8065  0.000000  0.147456  0.000000  0.040199  0.034301  0.020961
8066  0.000000  0.147498  0.000000  0.040209  0.034314  0.020959
8067  0.000000  0.147540  0.000000  0.040219  0.034327  0.020957
8068  0.000000  0.147582  0.000000  0.040229  0.034340  0.020955
8069  0.000000  0.147624  0.000000  0.040239  0.034353  0.020953
8070  0.000000  0.147666  0.000000  0.040248  0.034365  0.020951
8071  0.000000  0.147708  0.000000  0.040258  0.034378  0.020949
8072  0.000000  0.147750  0.000000  0.040268  0.034391  0.020947
8073  0.000000  0.147792  0.000000  0.040278  0.034404  0.020945
8074  0.000000  0.147833  0.000000  0.040288  0.034416  0.020943
8075  0.000000  0.147875  0.000000  0.040298  0.034429  0.020941
8076  0.000000  0.147917  0.000000  0.040307  0.034442  0.020939
8077  0.000000  0.147959  0.000000  0.040317  0.034454  0.020937
8078  0.000000  0.148000  0.000000  0.040327  0.034467  0.020935
8079  0.000000  0.148042  0.000000  0.040337  0.034480  0.020933
8080  0.000000  0.148084  0.000000  0.040346  0.034492  0.020931
8081  0.000000  0.148125  0.000000  0.040356  0.034505  0.020929
8082  0.000000  0.148167  0.000000  0.040366  0.034517  0.020927
8083  0.000000  0.148208  0.000000  0.040376  0.034530  0.020925
8084  0.000000  0.148250  0.000000  0.040386  0.034543  0.020923
8085  0.000000  0.148291  0.000000  0.040395  0.034555  0.020922
8086  0.000000  0.148333  0.000000  0.040405  0.034568  0.020920
8087  0.000000  0.148374  0.000000  0.040415  0.034580  0.020918
8088  0.000000  0.148415  0.000000  0.040424  0.034593  0.020916
8089  0.000000  0.148456  0.000000  0.040434  0.034606  0.020914
8090  0.000000  0.148498  0.000000  0.040444  0.034618  0.020912
8091  0.000000  0.148539  0.000000  0.040454  0.034631  0.020910
8092  0.000000  0.148580  0.000000  0.040463  0.034643  0.020908
8093  0.000000  0.148621  0.000000  0.040473  0.034656  0.020906
8094  0.000000  0.148662  0.000000  0.040483  0.034668  0.020904
8095  0.000000  0.148703  0.000000  0.040492  0.034681  0.020902
8096  0.000000  0.148744  0.000000  0.040502  0.034693  0.020900
8097  0.000000  0.148785  0.000000  0.040512  0.034705  0.020898
8098  0.000000  0.148826  0.000000  0.040521  0.034718  0.020896
8099  0.000000  0.148867  0.000000  0.040531  0.034730  0.020894
8100  0.000000  0.148908  0.000000  0.040541  0.034743  0.020892
8101  0.000000  0.148949  0.000000  0.040550  0.034755  0.020890
8102  0.000000  0.148990  0.000000  0.040560  0.034767  0.020888
8103  0.000000  0.149031  0.000000  0.040569  0.034780  0.020886
8104  0.000000  0.149071  0.000000  0.040579  0.034792  0.020884
8105  0.000000  0.149112  0.000000  0.040589  0.034805  0.020882
8106  0.000000  0.149153  0.000000  0.040598  0.034817  0.020881
8107  0.000000  0.149193  0.000000  0.040608  0.034829  0.020879
8108  0.000000  0.149234  0.000000  0.040617  0.034842  0.020877
8109  0.000000  0.149274  0.000000  0.040627  0.034854  0.020875
8110  0.000000  0.149315  0.000000  0.040637  0.034866  0.020873
8111  0.000000  0.149355  0.000000  0.040646  0.034878  0.020871
8112  0.000000  0.149396  0.000000  0.040656  0.034891  0.020869
8113  0.000000  0.149436  0.000000  0.040665  0.034903  0.020867
8114  0.000000  0.149477  0.000000  0.040675  0.034915  0.020865
8115  0.000000  0.149517  0.000000  0.040684  0.034928  0.020863
8116  0.000000  0.149557  0.000000  0.040694  0.034940  0.020861
8117  0.000000  0.149598  0.000000  0.040703  0.034952  0.020859
8118  0.000000  0.149638  0.000000  0.040713  0.034964  0.020857
8119  0.000000  0.149678  0.000000  0.040722  0.034976  0.020856
8120  0.000000  0.149718  0.000000  0.040732  0.034989  0.020854
8121  0.000000  0.149758  0.000000  0.040741  0.035001  0.020852
8122  0.000000  0.149798  0.000000  0.040751  0.035013  0.020850
8123  0.000000  0.149838  0.000000  0.040760  0.035025  0.020848
8124  0.000000  0.149878  0.000000  0.040770  0.035037  0.020846
8125  0.000000  0.149918  0.000000  0.040779  0.035049  0.020844
8126  0.000000  0.149958  0.000000  0.040789  0.035061  0.020842
8127  0.000000  0.149998  0.000000  0.040798  0.035074  0.020840
8128  0.000000  0.150038  0.000000  0.040807  0.035086  0.020839
8129  0.000000  0.150078  0.000000  0.040817  0.035098  0.020837
8130  0.000000  0.150118  0.000000  0.040826  0.035110  0.020835
8131  0.000000  0.150157  0.000000  0.040836  0.035122  0.020833
8132  0.000000  0.150197  0.000000  0.040845  0.035134  0.020831
8133  0.000000  0.150237  0.000000  0.040855  0.035146  0.020829
8134  0.000000  0.150276  0.000000  0.040864  0.035158  0.020827
8135  0.000000  0.150316  0.000000  0.040873  0.035170  0.020825
8136  0.000000  0.150356  0.000000  0.040883  0.035182  0.020823
8137  0.000000  0.150395  0.000000  0.040892  0.035194  0.020822
8138  0.000000  0.150435  0.000000  0.040901  0.035206  0.020820
8139  0.000000  0.150474  0.000000  0.040911  0.035218  0.020818
8140  0.000000  0.150513  0.000000  0.040920  0.035230  0.020816
8141  0.000000  0.150553  0.000000  0.040929  0.035242  0.020814
8142  0.000000  0.150592  0.000000  0.040939  0.035254  0.020812
8143  0.000000  0.150631  0.000000  0.040948  0.035266  0.020810
8144  0.000000  0.150671  0.000000  0.040957  0.035278  0.020809
8145  0.000000  0.150710  0.000000  0.040967  0.035290  0.020807
8146  0.000000  0.150749  0.000000  0.040976  0.035301  0.020805
8147  0.000000  0.150788  0.000000  0.040985  0.035313  0.020803
8148  0.000000  0.150827  0.000000  0.040995  0.035325  0.020801
8149  0.000000  0.150866  0.000000  0.041004  0.035337  0.020799
8150  0.000000  0.150906  0.000000  0.041013  0.035349  0.020797
8151  0.000000  0.150945  0.000000  0.041022  0.035361  0.020796
8152  0.000000  0.150984  0.000000  0.041032  0.035373  0.020794
8153  0.000000  0.151022  0.000000  0.041041  0.035384  0.020792
8154  0.000000  0.151061  0.000000  0.041050  0.035396  0.020790
8155  0.000000  0.151100  0.000000  0.041059  0.035408  0.020788
8156  0.000000  0.151139  0.000000  0.041069  0.035420  0.020786
8157  0.000000  0.151178  0.000000  0.041078  0.035431  0.020785
8158  0.000000  0.151217  0.000000  0.041087  0.035443  0.020783
8159  0.000000  0.151255  0.000000  0.041096  0.035455  0.020781
8160  0.000000  0.151294  0.000000  0.041105  0.035467  0.020779
8161  0.000000  0.151333  0.000000  0.041115  0.035478  0.020777
8162  0.000000  0.151371  0.000000  0.041124  0.035490  0.020776
8163  0.000000  0.151410  0.000000  0.041133  0.035502  0.020774
8164  0.000000  0.151448  0.000000  0.041142  0.035513  0.020772
8165  0.000000  0.151487  0.000000  0.041151  0.035525  0.020770
8166  0.000000  0.151525  0.000000  0.041160  0.035537  0.020768
8167  0.000000  0.151564  0.000000  0.041170  0.035548  0.020766
8168  0.000000  0.151602  0.000000  0.041179  0.035560  0.020765
8169  0.000000  0.151640  0.000000  0.041188  0.035572  0.020763
8170  0.000000  0.151679  0.000000  0.041197  0.035583  0.020761
8171  0.000000  0.151717  0.000000  0.041206  0.035595  0.020759
8172  0.000000  0.151755  0.000000  0.041215  0.035607  0.020757
8173  0.000000  0.151793  0.000000  0.041224  0.035618  0.020756
8174  0.000000  0.151832  0.000000  0.041233  0.035630  0.020754
8175  0.000000  0.151870  0.000000  0.041243  0.035641  0.020752
8176  0.000000  0.151908  0.000000  0.041252  0.035653  0.020750
8177  0.000000  0.151946  0.000000  0.041261  0.035664  0.020749
8178  0.000000  0.151984  0.000000  0.041270  0.035676  0.020747
8179  0.000000  0.152022  0.000000  0.041279  0.035687  0.020745
8180  0.000000  0.152060  0.000000  0.041288  0.035699  0.020743
8181  0.000000  0.152098  0.000000  0.041297  0.035710  0.020741
8182  0.000000  0.152135  0.000000  0.041306  0.035722  0.020740
8183  0.000000  0.152173  0.000000  0.041315  0.035733  0.020738
8184  0.000000  0.152211  0.000000  0.041324  0.035745  0.020736
8185  0.000000  0.152249  0.000000  0.041333  0.035756  0.020734
8186  0.000000  0.152286  0.000000  0.041342  0.035768  0.020732
8187  0.000000  0.152324  0.000000  0.041351  0.035779  0.020731
8188  0.000000  0.152362  0.000000  0.041360  0.035790  0.020729
8189  0.000000  0.152399  0.000000  0.041369  0.035802  0.020727
8190  0.000000  0.152437  0.000000  0.041378  0.035813  0.020725
8191  0.000000  0.152474  0.000000  0.041387  0.035824  0.020724
8192  0.000000  0.152512  0.000000  0.041396  0.035836  0.020722
8193  0.000000  0.152549  0.000000  0.041405  0.035847  0.020720
8194  0.000000  0.152587  0.000000  0.041414  0.035859  0.020718
8195  0.000000  0.152624  0.000000  0.041423  0.035870  0.020717
8196  0.000000  0.152661  0.000000  0.041431  0.035881  0.020715
8197  0.000000  0.152699  0.000000  0.041440  0.035892  0.020713
8198  0.000000  0.152736  0.000000  0.041449  0.035904  0.020711
8199  0.000000  0.152773  0.000000  0.041458  0.035915  0.020710
8200  0.000000  0.152810  0.000000  0.041467  0.035926  0.020708
8201  0.000000  0.152848  0.000000  0.041476  0.035938  0.020706
8202  0.000000  0.152885  0.000000  0.041485  0.035949  0.020704
8203  0.000000  0.152922  0.000000  0.041494  0.035960  0.020703
8204  0.000000  0.152959  0.000000  0.041503  0.035971  0.020701
8205  0.000000  0.152996  0.000000  0.041511  0.035982  0.020699
8206  0.000000  0.153033  0.000000  0.041520  0.035994  0.020698
8207  0.000000  0.153070  0.000000  0.041529  0.036005  0.020696
8208  0.000000  0.153106  0.000000  0.041538  0.036016  0.020694
8209  0.000000  0.153143  0.000000  0.041547  0.036027  0.020692
8210  0.000000  0.153180  0.000000  0.041556  0.036038  0.020691
8211  0.000000  0.153217  0.000000  0.041564  0.036049  0.020689
8212  0.000000  0.153254  0.000000  0.041573  0.036061  0.020687
8213  0.000000  0.153290  0.000000  0.041582  0.036072  0.020685
8214  0.000000  0.153327  0.000000  0.041591  0.036083  0.020684
8215  0.000000  0.153364  0.000000  0.041599  0.036094  0.020682
8216  0.000000  0.153400  0.000000  0.041608  0.036105  0.020680
8217  0.000000  0.153437  0.000000  0.041617  0.036116  0.020679
8218  0.000000  0.153473  0.000000  0.041626  0.036127  0.020677
8219  0.000000  0.153510  0.000000  0.041634  0.036138  0.020675
8220  0.000000  0.153546  0.000000  0.041643  0.036149  0.020674
8221  0.000000  0.153582  0.000000  0.041652  0.036160  0.020672
8222  0.000000  0.153619  0.000000  0.041661  0.036171  0.020670
8223  0.000000  0.153655  0.000000  0.041669  0.036182  0.020668
8224  0.000000  0.153691  0.000000  0.041678  0.036193  0.020667
8225  0.000000  0.153728  0.000000  0.041687  0.036204  0.020665
8226  0.000000  0.153764  0.000000  0.041695  0.036215  0.020663
8227  0.000000  0.153800  0.000000  0.041704  0.036226  0.020662
8228  0.000000  0.153836  0.000000  0.041713  0.036237  0.020660
8229  0.000000  0.153872  0.000000  0.041721  0.036248  0.020658
8230  0.000000  0.153908  0.000000  0.041730  0.036259  0.020657
8231  0.000000  0.153944  0.000000  0.041739  0.036270  0.020655
8232  0.000000  0.153980  0.000000  0.041747  0.036281  0.020653
8233  0.000000  0.154016  0.000000  0.041756  0.036291  0.020652
8234  0.000000  0.154052  0.000000  0.041765  0.036302  0.020650
8235  0.000000  0.154088  0.000000  0.041773  0.036313  0.020648
8236  0.000000  0.154124  0.000000  0.041782  0.036324  0.020647
8237  0.000000  0.154159  0.000000  0.041790  0.036335  0.020645
8238  0.000000  0.154195  0.000000  0.041799  0.036346  0.020643
8239  0.000000  0.154231  0.000000  0.041808  0.036356  0.020642
8240  0.000000  0.154267  0.000000  0.041816  0.036367  0.020640
8241  0.000000  0.154302  0.000000  0.041825  0.036378  0.020638
8242  0.000000  0.154338  0.000000  0.041833  0.036389  0.020637
8243  0.000000  0.154373  0.000000  0.041842  0.036400  0.020635
8244  0.000000  0.154409  0.000000  0.041850  0.036410  0.020633
8245  0.000000  0.154444  0.000000  0.041859  0.036421  0.020632
8246  0.000000  0.154480  0.000000  0.041867  0.036432  0.020630
8247  0.000000  0.154515  0.000000  0.041876  0.036443  0.020628
8248  0.000000  0.154551  0.000000  0.041884  0.036453  0.020627
8249  0.000000  0.154586  0.000000  0.041893  0.036464  0.020625
8250  0.000000  0.154621  0.000000  0.041901  0.036475  0.020623
8251  0.000000  0.154656  0.000000  0.041910  0.036485  0.020622
8252  0.000000  0.154692  0.000000  0.041918  0.036496  0.020620
8253  0.000000  0.154727  0.000000  0.041927  0.036507  0.020618
8254  0.000000  0.154762  0.000000  0.041935  0.036517  0.020617
8255  0.000000  0.154797  0.000000  0.041944  0.036528  0.020615
8256  0.000000  0.154832  0.000000  0.041952  0.036538  0.020614
8257  0.000000  0.154867  0.000000  0.041960  0.036549  0.020612
8258  0.000000  0.154902  0.000000  0.041969  0.036560  0.020610
8259  0.000000  0.154937  0.000000  0.041977  0.036570  0.020609
8260  0.000000  0.154972  0.000000  0.041986  0.036581  0.020607
8261  0.000000  0.155007  0.000000  0.041994  0.036591  0.020605
8262  0.000000  0.155042  0.000000  0.042003  0.036602  0.020604
8263  0.000000  0.155076  0.000000  0.042011  0.036612  0.020602
8264  0.000000  0.155111  0.000000  0.042019  0.036623  0.020601
8265  0.000000  0.155146  0.000000  0.042028  0.036633  0.020599
8266  0.000000  0.155180  0.000000  0.042036  0.036644  0.020597
8267  0.000000  0.155215  0.000000  0.042044  0.036654  0.020596
8268  0.000000  0.155250  0.000000  0.042053  0.036665  0.020594
8269  0.000000  0.155284  0.000000  0.042061  0.036675  0.020593
8270  0.000000  0.155319  0.000000  0.042069  0.036686  0.020591
8271  0.000000  0.155353  0.000000  0.042078  0.036696  0.020589
8272  0.000000  0.155388  0.000000  0.042086  0.036707  0.020588
8273  0.000000  0.155422  0.000000  0.042094  0.036717  0.020586
8274  0.000000  0.155456  0.000000  0.042103  0.036727  0.020585
8275  0.000000  0.155491  0.000000  0.042111  0.036738  0.020583
8276  0.000000  0.155525  0.000000  0.042119  0.036748  0.020581
8277  0.000000  0.155559  0.000000  0.042127  0.036758  0.020580
8278  0.000000  0.155593  0.000000  0.042136  0.036769  0.020578
8279  0.000000  0.155628  0.000000  0.042144  0.036779  0.020577
8280  0.000000  0.155662  0.000000  0.042152  0.036789  0.020575
8281  0.000000  0.155696  0.000000  0.042160  0.036800  0.020573
8282  0.000000  0.155730  0.000000  0.042169  0.036810  0.020572
8283  0.000000  0.155764  0.000000  0.042177  0.036820  0.020570
8284  0.000000  0.155798  0.000000  0.042185  0.036831  0.020569
8285  0.000000  0.155832  0.000000  0.042193  0.036841  0.020567
8286  0.000000  0.155866  0.000000  0.042201  0.036851  0.020566
8287  0.000000  0.155900  0.000000  0.042210  0.036861  0.020564
8288  0.000000  0.155933  0.000000  0.042218  0.036872  0.020562
8289  0.000000  0.155967  0.000000  0.042226  0.036882  0.020561
8290  0.000000  0.156001  0.000000  0.042234  0.036892  0.020559
8291  0.000000  0.156035  0.000000  0.042242  0.036902  0.020558
8292  0.000000  0.156068  0.000000  0.042250  0.036912  0.020556
8293  0.000000  0.156102  0.000000  0.042258  0.036923  0.020555
8294  0.000000  0.156136  0.000000  0.042267  0.036933  0.020553
8295  0.000000  0.156169  0.000000  0.042275  0.036943  0.020552
8296  0.000000  0.156203  0.000000  0.042283  0.036953  0.020550
8297  0.000000  0.156236  0.000000  0.042291  0.036963  0.020548
8298  0.000000  0.156269  0.000000  0.042299  0.036973  0.020547
8299  0.000000  0.156303  0.000000  0.042307  0.036983  0.020545
8300  0.000000  0.156336  0.000000  0.042315  0.036993  0.020544
8301  0.000000  0.156370  0.000000  0.042323  0.037004  0.020542
8302  0.000000  0.156403  0.000000  0.042331  0.037014  0.020541
8303  0.000000  0.156436  0.000000  0.042339  0.037024  0.020539
8304  0.000000  0.156469  0.000000  0.042347  0.037034  0.020538
8305  0.000000  0.156502  0.000000  0.042355  0.037044  0.020536
8306  0.000000  0.156536  0.000000  0.042363  0.037054  0.020535
8307  0.000000  0.156569  0.000000  0.042371  0.037064  0.020533
8308  0.000000  0.156602  0.000000  0.042379  0.037074  0.020532
8309  0.000000  0.156635  0.000000  0.042387  0.037084  0.020530
8310  0.000000  0.156668  0.000000  0.042395  0.037094  0.020529
8311  0.000000  0.156701  0.000000  0.042403  0.037104  0.020527
8312  0.000000  0.156733  0.000000  0.042411  0.037114  0.020526
8313  0.000000  0.156766  0.000000  0.042419  0.037123  0.020524
8314  0.000000  0.156799  0.000000  0.042427  0.037133  0.020522
8315  0.000000  0.156832  0.000000  0.042435  0.037143  0.020521
8316  0.000000  0.156865  0.000000  0.042443  0.037153  0.020519
8317  0.000000  0.156897  0.000000  0.042451  0.037163  0.020518
8318  0.000000  0.156930  0.000000  0.042459  0.037173  0.020516
8319  0.000000  0.156963  0.000000  0.042467  0.037183  0.020515
8320  0.000000  0.156995  0.000000  0.042475  0.037193  0.020513
8321  0.000000  0.157028  0.000000  0.042483  0.037202  0.020512
8322  0.000000  0.157060  0.000000  0.042490  0.037212  0.020510
8323  0.000000  0.157093  0.000000  0.042498  0.037222  0.020509
8324  0.000000  0.157125  0.000000  0.042506  0.037232  0.020507
8325  0.000000  0.157157  0.000000  0.042514  0.037242  0.020506
8326  0.000000  0.157190  0.000000  0.042522  0.037251  0.020504
8327  0.000000  0.157222  0.000000  0.042530  0.037261  0.020503
8328  0.000000  0.157254  0.000000  0.042537  0.037271  0.020501
8329  0.000000  0.157287  0.000000  0.042545  0.037281  0.020500
8330  0.000000  0.157319  0.000000  0.042553  0.037290  0.020499
8331  0.000000  0.157351  0.000000  0.042561  0.037300  0.020497
8332  0.000000  0.157383  0.000000  0.042569  0.037310  0.020496
8333  0.000000  0.157415  0.000000  0.042576  0.037320  0.020494
8334  0.000000  0.157447  0.000000  0.042584  0.037329  0.020493
8335  0.000000  0.157479  0.000000  0.042592  0.037339  0.020491
8336  0.000000  0.157511  0.000000  0.042600  0.037349  0.020490
8337  0.000000  0.157543  0.000000  0.042608  0.037358  0.020488
8338  0.000000  0.157575  0.000000  0.042615  0.037368  0.020487
8339  0.000000  0.157607  0.000000  0.042623  0.037377  0.020485
8340  0.000000  0.157638  0.000000  0.042631  0.037387  0.020484
8341  0.000000  0.157670  0.000000  0.042638  0.037397  0.020482
8342  0.000000  0.157702  0.000000  0.042646  0.037406  0.020481
8343  0.000000  0.157734  0.000000  0.042654  0.037416  0.020479
8344  0.000000  0.157765  0.000000  0.042662  0.037425  0.020478
8345  0.000000  0.157797  0.000000  0.042669  0.037435  0.020477
8346  0.000000  0.157828  0.000000  0.042677  0.037444  0.020475
8347  0.000000  0.157860  0.000000  0.042685  0.037454  0.020474
8348  0.000000  0.157891  0.000000  0.042692  0.037463  0.020472
8349  0.000000  0.157923  0.000000  0.042700  0.037473  0.020471
8350  0.000000  0.157954  0.000000  0.042707  0.037482  0.020469
8351  0.000000  0.157986  0.000000  0.042715  0.037492  0.020468
8352  0.000000  0.158017  0.000000  0.042723  0.037501  0.020466
8353  0.000000  0.158048  0.000000  0.042730  0.037511  0.020465
8354  0.000000  0.158079  0.000000  0.042738  0.037520  0.020464
8355  0.000000  0.158111  0.000000  0.042745  0.037530  0.020462
8356  0.000000  0.158142  0.000000  0.042753  0.037539  0.020461
8357  0.000000  0.158173  0.000000  0.042761  0.037549  0.020459
8358  0.000000  0.158204  0.000000  0.042768  0.037558  0.020458
8359  0.000000  0.158235  0.000000  0.042776  0.037567  0.020456
8360  0.000000  0.158266  0.000000  0.042783  0.037577  0.020455
8361  0.000000  0.158297  0.000000  0.042791  0.037586  0.020454
8362  0.000000  0.158328  0.000000  0.042798  0.037595  0.020452
8363  0.000000  0.158359  0.000000  0.042806  0.037605  0.020451
8364  0.000000  0.158390  0.000000  0.042813  0.037614  0.020449
8365  0.000000  0.158421  0.000000  0.042821  0.037623  0.020448
8366  0.000000  0.158451  0.000000  0.042828  0.037633  0.020446
8367  0.000000  0.158482  0.000000  0.042836  0.037642  0.020445
8368  0.000000  0.158513  0.000000  0.042843  0.037651  0.020444
8369  0.000000  0.158543  0.000000  0.042851  0.037660  0.020442
8370  0.000000  0.158574  0.000000  0.042858  0.037670  0.020441
8371  0.000000  0.158605  0.000000  0.042866  0.037679  0.020439
8372  0.000000  0.158635  0.000000  0.042873  0.037688  0.020438
8373  0.000000  0.158666  0.000000  0.042881  0.037697  0.020437
8374  0.000000  0.158696  0.000000  0.042888  0.037707  0.020435
8375  0.000000  0.158726  0.000000  0.042895  0.037716  0.020434
8376  0.000000  0.158757  0.000000  0.042903  0.037725  0.020432
8377  0.000000  0.158787  0.000000  0.042910  0.037734  0.020431
8378  0.000000  0.158817  0.000000  0.042918  0.037743  0.020430
8379  0.000000  0.158848  0.000000  0.042925  0.037752  0.020428
8380  0.000000  0.158878  0.000000  0.042932  0.037761  0.020427
8381  0.000000  0.158908  0.000000  0.042940  0.037771  0.020426
8382  0.000000  0.158938  0.000000  0.042947  0.037780  0.020424
8383  0.000000  0.158968  0.000000  0.042954  0.037789  0.020423
8384  0.000000  0.158998  0.000000  0.042962  0.037798  0.020421
8385  0.000000  0.159028  0.000000  0.042969  0.037807  0.020420
8386  0.000000  0.159058  0.000000  0.042976  0.037816  0.020419
8387  0.000000  0.159088  0.000000  0.042984  0.037825  0.020417
8388  0.000000  0.159118  0.000000  0.042991  0.037834  0.020416
8389  0.000000  0.159148  0.000000  0.042998  0.037843  0.020415
8390  0.000000  0.159178  0.000000  0.043006  0.037852  0.020413
8391  0.000000  0.159208  0.000000  0.043013  0.037861  0.020412
8392  0.000000  0.159237  0.000000  0.043020  0.037870  0.020410
8393  0.000000  0.159267  0.000000  0.043027  0.037879  0.020409
8394  0.000000  0.159297  0.000000  0.043035  0.037888  0.020408
8395  0.000000  0.159326  0.000000  0.043042  0.037897  0.020406
8396  0.000000  0.159356  0.000000  0.043049  0.037906  0.020405
8397  0.000000  0.159386  0.000000  0.043056  0.037915  0.020404
8398  0.000000  0.159415  0.000000  0.043063  0.037924  0.020402
8399  0.000000  0.159445  0.000000  0.043071  0.037932  0.020401
8400  0.000000  0.159474  0.000000  0.043078  0.037941  0.020400
8401  0.000000  0.159503  0.000000  0.043085  0.037950  0.020398
8402  0.000000  0.159533  0.000000  0.043092  0.037959  0.020397
8403  0.000000  0.159562  0.000000  0.043099  0.037968  0.020396
8404  0.000000  0.159591  0.000000  0.043106  0.037977  0.020394
8405  0.000000  0.159620  0.000000  0.043114  0.037986  0.020393
8406  0.000000  0.159650  0.000000  0.043121  0.037994  0.020392
8407  0.000000  0.159679  0.000000  0.043128  0.038003  0.020390
8408  0.000000  0.159708  0.000000  0.043135  0.038012  0.020389
8409  0.000000  0.159737  0.000000  0.043142  0.038021  0.020388
8410  0.000000  0.159766  0.000000  0.043149  0.038030  0.020386
8411  0.000000  0.159795  0.000000  0.043156  0.038038  0.020385
8412  0.000000  0.159824  0.000000  0.043163  0.038047  0.020384
8413  0.000000  0.159853  0.000000  0.043170  0.038056  0.020382
8414  0.000000  0.159882  0.000000  0.043177  0.038064  0.020381
8415  0.000000  0.159910  0.000000  0.043184  0.038073  0.020380
8416  0.000000  0.159939  0.000000  0.043192  0.038082  0.020378
8417  0.000000  0.159968  0.000000  0.043199  0.038090  0.020377
8418  0.000000  0.159997  0.000000  0.043206  0.038099  0.020376
8419  0.000000  0.160025  0.000000  0.043213  0.038108  0.020375
8420  0.000000  0.160054  0.000000  0.043220  0.038116  0.020373
8421  0.000000  0.160083  0.000000  0.043227  0.038125  0.020372
8422  0.000000  0.160111  0.000000  0.043234  0.038134  0.020371
8423  0.000000  0.160140  0.000000  0.043241  0.038142  0.020369
8424  0.000000  0.160168  0.000000  0.043247  0.038151  0.020368
8425  0.000000  0.160196  0.000000  0.043254  0.038159  0.020367
8426  0.000000  0.160225  0.000000  0.043261  0.038168  0.020365
8427  0.000000  0.160253  0.000000  0.043268  0.038177  0.020364
8428  0.000000  0.160281  0.000000  0.043275  0.038185  0.020363
8429  0.000000  0.160310  0.000000  0.043282  0.038194  0.020362
8430  0.000000  0.160338  0.000000  0.043289  0.038202  0.020360
8431  0.000000  0.160366  0.000000  0.043296  0.038211  0.020359
8432  0.000000  0.160394  0.000000  0.043303  0.038219  0.020358
8433  0.000000  0.160422  0.000000  0.043310  0.038228  0.020356
8434  0.000000  0.160450  0.000000  0.043317  0.038236  0.020355
8435  0.000000  0.160478  0.000000  0.043324  0.038245  0.020354
8436  0.000000  0.160506  0.000000  0.043330  0.038253  0.020353
8437  0.000000  0.160534  0.000000  0.043337  0.038261  0.020351
8438  0.000000  0.160562  0.000000  0.043344  0.038270  0.020350
8439  0.000000  0.160590  0.000000  0.043351  0.038278  0.020349
8440  0.000000  0.160618  0.000000  0.043358  0.038287  0.020348
8441  0.000000  0.160646  0.000000  0.043364  0.038295  0.020346
8442  0.000000  0.160673  0.000000  0.043371  0.038303  0.020345
8443  0.000000  0.160701  0.000000  0.043378  0.038312  0.020344
8444  0.000000  0.160729  0.000000  0.043385  0.038320  0.020342
8445  0.000000  0.160756  0.000000  0.043392  0.038328  0.020341
8446  0.000000  0.160784  0.000000  0.043398  0.038337  0.020340
8447  0.000000  0.160812  0.000000  0.043405  0.038345  0.020339
8448  0.000000  0.160839  0.000000  0.043412  0.038353  0.020337
8449  0.000000  0.160867  0.000000  0.043419  0.038362  0.020336
8450  0.000000  0.160894  0.000000  0.043425  0.038370  0.020335
8451  0.000000  0.160921  0.000000  0.043432  0.038378  0.020334
8452  0.000000  0.160949  0.000000  0.043439  0.038386  0.020333
8453  0.000000  0.160976  0.000000  0.043445  0.038395  0.020331
8454  0.000000  0.161003  0.000000  0.043452  0.038403  0.020330
8455  0.000000  0.161030  0.000000  0.043459  0.038411  0.020329
8456  0.000000  0.161058  0.000000  0.043465  0.038419  0.020328
8457  0.000000  0.161085  0.000000  0.043472  0.038427  0.020326
8458  0.000000  0.161112  0.000000  0.043479  0.038436  0.020325
8459  0.000000  0.161139  0.000000  0.043485  0.038444  0.020324
8460  0.000000  0.161166  0.000000  0.043492  0.038452  0.020323
8461  0.000000  0.161193  0.000000  0.043499  0.038460  0.020321
8462  0.000000  0.161220  0.000000  0.043505  0.038468  0.020320
8463  0.000000  0.161247  0.000000  0.043512  0.038476  0.020319
8464  0.000000  0.161274  0.000000  0.043518  0.038484  0.020318
8465  0.000000  0.161300  0.000000  0.043525  0.038492  0.020317
8466  0.000000  0.161327  0.000000  0.043532  0.038501  0.020315
8467  0.000000  0.161354  0.000000  0.043538  0.038509  0.020314
8468  0.000000  0.161381  0.000000  0.043545  0.038517  0.020313
8469  0.000000  0.161407  0.000000  0.043551  0.038525  0.020312
8470  0.000000  0.161434  0.000000  0.043558  0.038533  0.020310
8471  0.000000  0.161460  0.000000  0.043564  0.038541  0.020309
8472  0.000000  0.161487  0.000000  0.043571  0.038549  0.020308
8473  0.000000  0.161513  0.000000  0.043577  0.038557  0.020307
8474  0.000000  0.161540  0.000000  0.043584  0.038565  0.020306
8475  0.000000  0.161566  0.000000  0.043590  0.038573  0.020304
8476  0.000000  0.161593  0.000000  0.043597  0.038581  0.020303
8477  0.000000  0.161619  0.000000  0.043603  0.038589  0.020302
8478  0.000000  0.161645  0.000000  0.043610  0.038596  0.020301
8479  0.000000  0.161671  0.000000  0.043616  0.038604  0.020300
8480  0.000000  0.161698  0.000000  0.043623  0.038612  0.020299
8481  0.000000  0.161724  0.000000  0.043629  0.038620  0.020297
8482  0.000000  0.161750  0.000000  0.043636  0.038628  0.020296
8483  0.000000  0.161776  0.000000  0.043642  0.038636  0.020295
8484  0.000000  0.161802  0.000000  0.043648  0.038644  0.020294
8485  0.000000  0.161828  0.000000  0.043655  0.038652  0.020293
8486  0.000000  0.161854  0.000000  0.043661  0.038659  0.020291
8487  0.000000  0.161880  0.000000  0.043668  0.038667  0.020290
8488  0.000000  0.161906  0.000000  0.043674  0.038675  0.020289
8489  0.000000  0.161932  0.000000  0.043680  0.038683  0.020288
8490  0.000000  0.161957  0.000000  0.043687  0.038691  0.020287
8491  0.000000  0.161983  0.000000  0.043693  0.038698  0.020286
8492  0.000000  0.162009  0.000000  0.043699  0.038706  0.020284
8493  0.000000  0.162035  0.000000  0.043706  0.038714  0.020283
8494  0.000000  0.162060  0.000000  0.043712  0.038722  0.020282
8495  0.000000  0.162086  0.000000  0.043718  0.038729  0.020281
8496  0.000000  0.162111  0.000000  0.043724  0.038737  0.020280
8497  0.000000  0.162137  0.000000  0.043731  0.038745  0.020279
8498  0.000000  0.162162  0.000000  0.043737  0.038752  0.020277
8499  0.000000  0.162188  0.000000  0.043743  0.038760  0.020276
8500  0.000000  0.162213  0.000000  0.043750  0.038768  0.020275
8501  0.000000  0.162239  0.000000  0.043756  0.038775  0.020274
8502  0.000000  0.162264  0.000000  0.043762  0.038783  0.020273
8503  0.000000  0.162289  0.000000  0.043768  0.038791  0.020272
8504  0.000000  0.162314  0.000000  0.043774  0.038798  0.020271
8505  0.000000  0.162340  0.000000  0.043781  0.038806  0.020269
8506  0.000000  0.162365  0.000000  0.043787  0.038813  0.020268
8507  0.000000  0.162390  0.000000  0.043793  0.038821  0.020267
8508  0.000000  0.162415  0.000000  0.043799  0.038829  0.020266
8509  0.000000  0.162440  0.000000  0.043805  0.038836  0.020265
8510  0.000000  0.162465  0.000000  0.043811  0.038844  0.020264
8511  0.000000  0.162490  0.000000  0.043818  0.038851  0.020263
8512  0.000000  0.162515  0.000000  0.043824  0.038859  0.020262
8513  0.000000  0.162540  0.000000  0.043830  0.038866  0.020260
8514  0.000000  0.162564  0.000000  0.043836  0.038874  0.020259
8515  0.000000  0.162589  0.000000  0.043842  0.038881  0.020258
8516  0.000000  0.162614  0.000000  0.043848  0.038888  0.020257
8517  0.000000  0.162639  0.000000  0.043854  0.038896  0.020256
8518  0.000000  0.162663  0.000000  0.043860  0.038903  0.020255
8519  0.000000  0.162688  0.000000  0.043866  0.038911  0.020254
8520  0.000000  0.162712  0.000000  0.043872  0.038918  0.020253
8521  0.000000  0.162737  0.000000  0.043879  0.038926  0.020252
8522  0.000000  0.162761  0.000000  0.043885  0.038933  0.020250
8523  0.000000  0.162786  0.000000  0.043891  0.038940  0.020249
8524  0.000000  0.162810  0.000000  0.043897  0.038948  0.020248
8525  0.000000  0.162835  0.000000  0.043903  0.038955  0.020247
8526  0.000000  0.162859  0.000000  0.043909  0.038962  0.020246
8527  0.000000  0.162883  0.000000  0.043915  0.038970  0.020245
8528  0.000000  0.162908  0.000000  0.043921  0.038977  0.020244
8529  0.000000  0.162932  0.000000  0.043927  0.038984  0.020243
8530  0.000000  0.162956  0.000000  0.043933  0.038992  0.020242
8531  0.000000  0.162980  0.000000  0.043938  0.038999  0.020241
8532  0.000000  0.163004  0.000000  0.043944  0.039006  0.020239
8533  0.000000  0.163028  0.000000  0.043950  0.039013  0.020238
8534  0.000000  0.163052  0.000000  0.043956  0.039021  0.020237
8535  0.000000  0.163076  0.000000  0.043962  0.039028  0.020236
8536  0.000000  0.163100  0.000000  0.043968  0.039035  0.020235
8537  0.000000  0.163124  0.000000  0.043974  0.039042  0.020234
8538  0.000000  0.163148  0.000000  0.043980  0.039049  0.020233
8539  0.000000  0.163172  0.000000  0.043986  0.039057  0.020232
8540  0.000000  0.163195  0.000000  0.043992  0.039064  0.020231
8541  0.000000  0.163219  0.000000  0.043997  0.039071  0.020230
8542  0.000000  0.163243  0.000000  0.044003  0.039078  0.020229
8543  0.000000  0.163266  0.000000  0.044009  0.039085  0.020228
8544  0.000000  0.163290  0.000000  0.044015  0.039092  0.020227
8545  0.000000  0.163313  0.000000  0.044021  0.039099  0.020226
8546  0.000000  0.163337  0.000000  0.044027  0.039106  0.020224
8547  0.000000  0.163360  0.000000  0.044032  0.039113  0.020223
8548  0.000000  0.163384  0.000000  0.044038  0.039121  0.020222
8549  0.000000  0.163407  0.000000  0.044044  0.039128  0.020221
8550  0.000000  0.163431  0.000000  0.044050  0.039135  0.020220
8551  0.000000  0.163454  0.000000  0.044055  0.039142  0.020219
8552  0.000000  0.163477  0.000000  0.044061  0.039149  0.020218
8553  0.000000  0.163500  0.000000  0.044067  0.039156  0.020217
8554  0.000000  0.163524  0.000000  0.044073  0.039163  0.020216
8555  0.000000  0.163547  0.000000  0.044078  0.039170  0.020215
8556  0.000000  0.163570  0.000000  0.044084  0.039177  0.020214
8557  0.000000  0.163593  0.000000  0.044090  0.039183  0.020213
8558  0.000000  0.163616  0.000000  0.044095  0.039190  0.020212
8559  0.000000  0.163639  0.000000  0.044101  0.039197  0.020211
8560  0.000000  0.163662  0.000000  0.044107  0.039204  0.020210
8561  0.000000  0.163685  0.000000  0.044112  0.039211  0.020209
8562  0.000000  0.163707  0.000000  0.044118  0.039218  0.020208
8563  0.000000  0.163730  0.000000  0.044124  0.039225  0.020207
8564  0.000000  0.163753  0.000000  0.044129  0.039232  0.020206
8565  0.000000  0.163776  0.000000  0.044135  0.039239  0.020205
8566  0.000000  0.163798  0.000000  0.044141  0.039245  0.020204
8567  0.000000  0.163821  0.000000  0.044146  0.039252  0.020203
8568  0.000000  0.163844  0.000000  0.044152  0.039259  0.020202
8569  0.000000  0.163866  0.000000  0.044157  0.039266  0.020201
8570  0.000000  0.163889  0.000000  0.044163  0.039273  0.020200
8571  0.000000  0.163911  0.000000  0.044169  0.039279  0.020199
8572  0.000000  0.163934  0.000000  0.044174  0.039286  0.020198
8573  0.000000  0.163956  0.000000  0.044180  0.039293  0.020197
8574  0.000000  0.163978  0.000000  0.044185  0.039300  0.020196
8575  0.000000  0.164001  0.000000  0.044191  0.039306  0.020195
8576  0.000000  0.164023  0.000000  0.044196  0.039313  0.020194
8577  0.000000  0.164045  0.000000  0.044202  0.039320  0.020193
8578  0.000000  0.164067  0.000000  0.044207  0.039326  0.020192
8579  0.000000  0.164090  0.000000  0.044213  0.039333  0.020191
8580  0.000000  0.164112  0.000000  0.044218  0.039340  0.020190
8581  0.000000  0.164134  0.000000  0.044224  0.039346  0.020189
8582  0.000000  0.164156  0.000000  0.044229  0.039353  0.020188
8583  0.000000  0.164178  0.000000  0.044234  0.039360  0.020187
8584  0.000000  0.164200  0.000000  0.044240  0.039366  0.020186
8585  0.000000  0.164222  0.000000  0.044245  0.039373  0.020185
8586  0.000000  0.164243  0.000000  0.044251  0.039379  0.020184
8587  0.000000  0.164265  0.000000  0.044256  0.039386  0.020183
8588  0.000000  0.164287  0.000000  0.044262  0.039393  0.020182
8589  0.000000  0.164309  0.000000  0.044267  0.039399  0.020181
8590  0.000000  0.164330  0.000000  0.044272  0.039406  0.020180
8591  0.000000  0.164352  0.000000  0.044278  0.039412  0.020179
8592  0.000000  0.164374  0.000000  0.044283  0.039419  0.020178
8593  0.000000  0.164395  0.000000  0.044288  0.039425  0.020177
8594  0.000000  0.164417  0.000000  0.044294  0.039432  0.020176
8595  0.000000  0.164438  0.000000  0.044299  0.039438  0.020175
8596  0.000000  0.164460  0.000000  0.044304  0.039445  0.020174
8597  0.000000  0.164481  0.000000  0.044310  0.039451  0.020173
8598  0.000000  0.164503  0.000000  0.044315  0.039457  0.020172
8599  0.000000  0.164524  0.000000  0.044320  0.039464  0.020171
8600  0.000000  0.164545  0.000000  0.044325  0.039470  0.020170
8601  0.000000  0.164566  0.000000  0.044331  0.039477  0.020169
8602  0.000000  0.164588  0.000000  0.044336  0.039483  0.020168
8603  0.000000  0.164609  0.000000  0.044341  0.039489  0.020167
8604  0.000000  0.164630  0.000000  0.044346  0.039496  0.020166
8605  0.000000  0.164651  0.000000  0.044352  0.039502  0.020165
8606  0.000000  0.164672  0.000000  0.044357  0.039508  0.020165
8607  0.000000  0.164693  0.000000  0.044362  0.039515  0.020164
8608  0.000000  0.164714  0.000000  0.044367  0.039521  0.020163
8609  0.000000  0.164735  0.000000  0.044372  0.039527  0.020162
8610  0.000000  0.164756  0.000000  0.044378  0.039534  0.020161
8611  0.000000  0.164776  0.000000  0.044383  0.039540  0.020160
8612  0.000000  0.164797  0.000000  0.044388  0.039546  0.020159
8613  0.000000  0.164818  0.000000  0.044393  0.039552  0.020158
8614  0.000000  0.164839  0.000000  0.044398  0.039559  0.020157
8615  0.000000  0.164859  0.000000  0.044403  0.039565  0.020156
8616  0.000000  0.164880  0.000000  0.044408  0.039571  0.020155
8617  0.000000  0.164900  0.000000  0.044413  0.039577  0.020154
8618  0.000000  0.164921  0.000000  0.044419  0.039583  0.020153
8619  0.000000  0.164941  0.000000  0.044424  0.039590  0.020152
8620  0.000000  0.164962  0.000000  0.044429  0.039596  0.020152
8621  0.000000  0.164982  0.000000  0.044434  0.039602  0.020151
8622  0.000000  0.165003  0.000000  0.044439  0.039608  0.020150
8623  0.000000  0.165023  0.000000  0.044444  0.039614  0.020149
8624  0.000000  0.165043  0.000000  0.044449  0.039620  0.020148
8625  0.000000  0.165064  0.000000  0.044454  0.039626  0.020147
8626  0.000000  0.165084  0.000000  0.044459  0.039632  0.020146
8627  0.000000  0.165104  0.000000  0.044464  0.039639  0.020145
8628  0.000000  0.165124  0.000000  0.044469  0.039645  0.020144
8629  0.000000  0.165144  0.000000  0.044474  0.039651  0.020143
8630  0.000000  0.165164  0.000000  0.044479  0.039657  0.020142
8631  0.000000  0.165184  0.000000  0.044484  0.039663  0.020142
8632  0.000000  0.165204  0.000000  0.044489  0.039669  0.020141
8633  0.000000  0.165224  0.000000  0.044494  0.039675  0.020140
8634  0.000000  0.165244  0.000000  0.044499  0.039681  0.020139
8635  0.000000  0.165264  0.000000  0.044504  0.039687  0.020138
8636  0.000000  0.165283  0.000000  0.044508  0.039693  0.020137
8637  0.000000  0.165303  0.000000  0.044513  0.039699  0.020136
8638  0.000000  0.165323  0.000000  0.044518  0.039704  0.020135
8639  0.000000  0.165342  0.000000  0.044523  0.039710  0.020135
8640  0.000000  0.165362  0.000000  0.044528  0.039716  0.020134
8641  0.000000  0.165382  0.000000  0.044533  0.039722  0.020133
8642  0.000000  0.165401  0.000000  0.044538  0.039728  0.020132
8643  0.000000  0.165421  0.000000  0.044543  0.039734  0.020131
8644  0.000000  0.165440  0.000000  0.044547  0.039740  0.020130
8645  0.000000  0.165459  0.000000  0.044552  0.039746  0.020129
8646  0.000000  0.165479  0.000000  0.044557  0.039751  0.020128
8647  0.000000  0.165498  0.000000  0.044562  0.039757  0.020128
8648  0.000000  0.165517  0.000000  0.044567  0.039763  0.020127
8649  0.000000  0.165537  0.000000  0.044571  0.039769  0.020126
8650  0.000000  0.165556  0.000000  0.044576  0.039775  0.020125
8651  0.000000  0.165575  0.000000  0.044581  0.039780  0.020124
8652  0.000000  0.165594  0.000000  0.044586  0.039786  0.020123
8653  0.000000  0.165613  0.000000  0.044590  0.039792  0.020122
8654  0.000000  0.165632  0.000000  0.044595  0.039798  0.020122
8655  0.000000  0.165651  0.000000  0.044600  0.039803  0.020121
8656  0.000000  0.165670  0.000000  0.044605  0.039809  0.020120
8657  0.000000  0.165689  0.000000  0.044609  0.039815  0.020119
8658  0.000000  0.165708  0.000000  0.044614  0.039820  0.020118
8659  0.000000  0.165727  0.000000  0.044619  0.039826  0.020117
8660  0.000000  0.165746  0.000000  0.044623  0.039832  0.020117
8661  0.000000  0.165764  0.000000  0.044628  0.039837  0.020116
8662  0.000000  0.165783  0.000000  0.044633  0.039843  0.020115
8663  0.000000  0.165802  0.000000  0.044637  0.039849  0.020114
8664  0.000000  0.165820  0.000000  0.044642  0.039854  0.020113
8665  0.000000  0.165839  0.000000  0.044646  0.039860  0.020112
8666  0.000000  0.165857  0.000000  0.044651  0.039865  0.020112
8667  0.000000  0.165876  0.000000  0.044656  0.039871  0.020111
8668  0.000000  0.165894  0.000000  0.044660  0.039876  0.020110
8669  0.000000  0.165913  0.000000  0.044665  0.039882  0.020109
8670  0.000000  0.165931  0.000000  0.044669  0.039887  0.020108
8671  0.000000  0.165949  0.000000  0.044674  0.039893  0.020107
8672  0.000000  0.165968  0.000000  0.044678  0.039899  0.020107
8673  0.000000  0.165986  0.000000  0.044683  0.039904  0.020106
8674  0.000000  0.166004  0.000000  0.044688  0.039909  0.020105
8675  0.000000  0.166022  0.000000  0.044692  0.039915  0.020104
8676  0.000000  0.166040  0.000000  0.044697  0.039920  0.020103
8677  0.000000  0.166058  0.000000  0.044701  0.039926  0.020103
8678  0.000000  0.166076  0.000000  0.044706  0.039931  0.020102
8679  0.000000  0.166094  0.000000  0.044710  0.039937  0.020101
8680  0.000000  0.166112  0.000000  0.044714  0.039942  0.020100
8681  0.000000  0.166130  0.000000  0.044719  0.039947  0.020099
8682  0.000000  0.166148  0.000000  0.044723  0.039953  0.020099
8683  0.000000  0.166166  0.000000  0.044728  0.039958  0.020098
8684  0.000000  0.166184  0.000000  0.044732  0.039964  0.020097
8685  0.000000  0.166201  0.000000  0.044737  0.039969  0.020096
8686  0.000000  0.166219  0.000000  0.044741  0.039974  0.020095
8687  0.000000  0.166237  0.000000  0.044745  0.039979  0.020095
8688  0.000000  0.166254  0.000000  0.044750  0.039985  0.020094
8689  0.000000  0.166272  0.000000  0.044754  0.039990  0.020093
8690  0.000000  0.166289  0.000000  0.044759  0.039995  0.020092
8691  0.000000  0.166307  0.000000  0.044763  0.040001  0.020091
8692  0.000000  0.166324  0.000000  0.044767  0.040006  0.020091
8693  0.000000  0.166342  0.000000  0.044772  0.040011  0.020090
8694  0.000000  0.166359  0.000000  0.044776  0.040016  0.020089
8695  0.000000  0.166376  0.000000  0.044780  0.040021  0.020088
8696  0.000000  0.166393  0.000000  0.044784  0.040027  0.020088
8697  0.000000  0.166411  0.000000  0.044789  0.040032  0.020087
8698  0.000000  0.166428  0.000000  0.044793  0.040037  0.020086
8699  0.000000  0.166445  0.000000  0.044797  0.040042  0.020085
8700  0.000000  0.166462  0.000000  0.044802  0.040047  0.020085
8701  0.000000  0.166479  0.000000  0.044806  0.040052  0.020084
8702  0.000000  0.166496  0.000000  0.044810  0.040058  0.020083
8703  0.000000  0.166513  0.000000  0.044814  0.040063  0.020082
8704  0.000000  0.166530  0.000000  0.044818  0.040068  0.020082
8705  0.000000  0.166547  0.000000  0.044823  0.040073  0.020081
8706  0.000000  0.166564  0.000000  0.044827  0.040078  0.020080
8707  0.000000  0.166581  0.000000  0.044831  0.040083  0.020079
8708  0.000000  0.166597  0.000000  0.044835  0.040088  0.020079
8709  0.000000  0.166614  0.000000  0.044839  0.040093  0.020078
8710  0.000000  0.166631  0.000000  0.044844  0.040098  0.020077
8711  0.000000  0.166647  0.000000  0.044848  0.040103  0.020076
8712  0.000000  0.166664  0.000000  0.044852  0.040108  0.020076
8713  0.000000  0.166680  0.000000  0.044856  0.040113  0.020075
8714  0.000000  0.166697  0.000000  0.044860  0.040118  0.020074
8715  0.000000  0.166713  0.000000  0.044864  0.040123  0.020073
8716  0.000000  0.166730  0.000000  0.044868  0.040128  0.020073
8717  0.000000  0.166746  0.000000  0.044872  0.040133  0.020072
8718  0.000000  0.166763  0.000000  0.044876  0.040138  0.020071
8719  0.000000  0.166779  0.000000  0.044880  0.040143  0.020070
8720  0.000000  0.166795  0.000000  0.044884  0.040148  0.020070
8721  0.000000  0.166811  0.000000  0.044889  0.040152  0.020069
8722  0.000000  0.166828  0.000000  0.044893  0.040157  0.020068
8723  0.000000  0.166844  0.000000  0.044897  0.040162  0.020068
8724  0.000000  0.166860  0.000000  0.044901  0.040167  0.020067
8725  0.000000  0.166876  0.000000  0.044905  0.040172  0.020066
8726  0.000000  0.166892  0.000000  0.044909  0.040177  0.020065
8727  0.000000  0.166908  0.000000  0.044913  0.040181  0.020065
8728  0.000000  0.166924  0.000000  0.044917  0.040186  0.020064
8729  0.000000  0.166940  0.000000  0.044920  0.040191  0.020063
8730  0.000000  0.166955  0.000000  0.044924  0.040196  0.020063
8731  0.000000  0.166971  0.000000  0.044928  0.040200  0.020062
8732  0.000000  0.166987  0.000000  0.044932  0.040205  0.020061
8733  0.000000  0.167003  0.000000  0.044936  0.040210  0.020061
8734  0.000000  0.167018  0.000000  0.044940  0.040215  0.020060
8735  0.000000  0.167034  0.000000  0.044944  0.040219  0.020059
8736  0.000000  0.167049  0.000000  0.044948  0.040224  0.020058
8737  0.000000  0.167065  0.000000  0.044952  0.040229  0.020058
8738  0.000000  0.167080  0.000000  0.044956  0.040233  0.020057
8739  0.000000  0.167096  0.000000  0.044959  0.040238  0.020056
8740  0.000000  0.167111  0.000000  0.044963  0.040243  0.020056
8741  0.000000  0.167127  0.000000  0.044967  0.040247  0.020055
8742  0.000000  0.167142  0.000000  0.044971  0.040252  0.020054
8743  0.000000  0.167157  0.000000  0.044975  0.040256  0.020054
8744  0.000000  0.167173  0.000000  0.044979  0.040261  0.020053
8745  0.000000  0.167188  0.000000  0.044982  0.040266  0.020052
8746  0.000000  0.167203  0.000000  0.044986  0.040270  0.020052
8747  0.000000  0.167218  0.000000  0.044990  0.040275  0.020051
8748  0.000000  0.167233  0.000000  0.044994  0.040279  0.020050
8749  0.000000  0.167248  0.000000  0.044997  0.040284  0.020050
8750  0.000000  0.167263  0.000000  0.045001  0.040288  0.020049
8751  0.000000  0.167278  0.000000  0.045005  0.040293  0.020048
8752  0.000000  0.167293  0.000000  0.045009  0.040297  0.020048
8753  0.000000  0.167308  0.000000  0.045012  0.040302  0.020047
8754  0.000000  0.167323  0.000000  0.045016  0.040306  0.020046
8755  0.000000  0.167337  0.000000  0.045020  0.040311  0.020046
8756  0.000000  0.167352  0.000000  0.045023  0.040315  0.020045
8757  0.000000  0.167367  0.000000  0.045027  0.040319  0.020044
8758  0.000000  0.167381  0.000000  0.045031  0.040324  0.020044
8759  0.000000  0.167396  0.000000  0.045034  0.040328  0.020043
8760  0.000000  0.167411  0.000000  0.045038  0.040333  0.020042
8761  0.000000  0.167425  0.000000  0.045042  0.040337  0.020042
8762  0.000000  0.167440  0.000000  0.045045  0.040341  0.020041
8763  0.000000  0.167454  0.000000  0.045049  0.040346  0.020040
8764  0.000000  0.167468  0.000000  0.045052  0.040350  0.020040
8765  0.000000  0.167483  0.000000  0.045056  0.040354  0.020039
8766  0.000000  0.167497  0.000000  0.045060  0.040359  0.020039
8767  0.000000  0.167511  0.000000  0.045063  0.040363  0.020038
8768  0.000000  0.167525  0.000000  0.045067  0.040367  0.020037
8769  0.000000  0.167540  0.000000  0.045070  0.040371  0.020037
8770  0.000000  0.167554  0.000000  0.045074  0.040376  0.020036
8771  0.000000  0.167568  0.000000  0.045077  0.040380  0.020035
8772  0.000000  0.167582  0.000000  0.045081  0.040384  0.020035
8773  0.000000  0.167596  0.000000  0.045084  0.040388  0.020034
8774  0.000000  0.167610  0.000000  0.045088  0.040393  0.020034
8775  0.000000  0.167624  0.000000  0.045091  0.040397  0.020033
8776  0.000000  0.167638  0.000000  0.045095  0.040401  0.020032
8777  0.000000  0.167652  0.000000  0.045098  0.040405  0.020032
8778  0.000000  0.167665  0.000000  0.045102  0.040409  0.020031
8779  0.000000  0.167679  0.000000  0.045105  0.040413  0.020031
8780  0.000000  0.167693  0.000000  0.045108  0.040417  0.020030
8781  0.000000  0.167706  0.000000  0.045112  0.040422  0.020029
8782  0.000000  0.167720  0.000000  0.045115  0.040426  0.020029
8783  0.000000  0.167734  0.000000  0.045119  0.040430  0.020028
8784  0.000000  0.167747  0.000000  0.045122  0.040434  0.020027
8785  0.000000  0.167761  0.000000  0.045125  0.040438  0.020027
8786  0.000000  0.167774  0.000000  0.045129  0.040442  0.020026
8787  0.000000  0.167788  0.000000  0.045132  0.040446  0.020026
8788  0.000000  0.167801  0.000000  0.045135  0.040450  0.020025
8789  0.000000  0.167814  0.000000  0.045139  0.040454  0.020025
8790  0.000000  0.167828  0.000000  0.045142  0.040458  0.020024
8791  0.000000  0.167841  0.000000  0.045145  0.040462  0.020023
8792  0.000000  0.167854  0.000000  0.045149  0.040466  0.020023
8793  0.000000  0.167867  0.000000  0.045152  0.040470  0.020022
8794  0.000000  0.167880  0.000000  0.045155  0.040474  0.020022
8795  0.000000  0.167893  0.000000  0.045159  0.040478  0.020021
8796  0.000000  0.167906  0.000000  0.045162  0.040482  0.020020
8797  0.000000  0.167919  0.000000  0.045165  0.040486  0.020020
8798  0.000000  0.167932  0.000000  0.045168  0.040490  0.020019
8799  0.000000  0.167945  0.000000  0.045171  0.040493  0.020019
8800  0.000000  0.167958  0.000000  0.045175  0.040497  0.020018
8801  0.000000  0.167971  0.000000  0.045178  0.040501  0.020018
8802  0.000000  0.167984  0.000000  0.045181  0.040505  0.020017
8803  0.000000  0.167996  0.000000  0.045184  0.040509  0.020016
8804  0.000000  0.168009  0.000000  0.045187  0.040513  0.020016
8805  0.000000  0.168022  0.000000  0.045191  0.040516  0.020015
8806  0.000000  0.168034  0.000000  0.045194  0.040520  0.020015
8807  0.000000  0.168047  0.000000  0.045197  0.040524  0.020014
8808  0.000000  0.168059  0.000000  0.045200  0.040528  0.020014
8809  0.000000  0.168072  0.000000  0.045203  0.040531  0.020013
8810  0.000000  0.168084  0.000000  0.045206  0.040535  0.020013
8811  0.000000  0.168097  0.000000  0.045209  0.040539  0.020012
8812  0.000000  0.168109  0.000000  0.045212  0.040543  0.020011
8813  0.000000  0.168121  0.000000  0.045216  0.040546  0.020011
8814  0.000000  0.168134  0.000000  0.045219  0.040550  0.020010
8815  0.000000  0.168146  0.000000  0.045222  0.040554  0.020010
8816  0.000000  0.168158  0.000000  0.045225  0.040557  0.020009
8817  0.000000  0.168170  0.000000  0.045228  0.040561  0.020009
8818  0.000000  0.168182  0.000000  0.045231  0.040565  0.020008
8819  0.000000  0.168194  0.000000  0.045234  0.040568  0.020008
8820  0.000000  0.168206  0.000000  0.045237  0.040572  0.020007
8821  0.000000  0.168218  0.000000  0.045240  0.040575  0.020007
8822  0.000000  0.168230  0.000000  0.045243  0.040579  0.020006
8823  0.000000  0.168242  0.000000  0.045246  0.040583  0.020006
8824  0.000000  0.168254  0.000000  0.045249  0.040586  0.020005
8825  0.000000  0.168266  0.000000  0.045252  0.040590  0.020005
8826  0.000000  0.168277  0.000000  0.045255  0.040593  0.020004
8827  0.000000  0.168289  0.000000  0.045257  0.040597  0.020003
8828  0.000000  0.168301  0.000000  0.045260  0.040600  0.020003
8829  0.000000  0.168312  0.000000  0.045263  0.040604  0.020002
8830  0.000000  0.168324  0.000000  0.045266  0.040607  0.020002
8831  0.000000  0.168335  0.000000  0.045269  0.040611  0.020001
8832  0.000000  0.168347  0.000000  0.045272  0.040614  0.020001
8833  0.000000  0.168358  0.000000  0.045275  0.040618  0.020000
8834  0.000000  0.168370  0.000000  0.045278  0.040621  0.020000
8835  0.000000  0.168381  0.000000  0.045281  0.040624  0.019999
8836  0.000000  0.168393  0.000000  0.045283  0.040628  0.019999
8837  0.000000  0.168404  0.000000  0.045286  0.040631  0.019998
8838  0.000000  0.168415  0.000000  0.045289  0.040635  0.019998
8839  0.000000  0.168426  0.000000  0.045292  0.040638  0.019997
8840  0.000000  0.168437  0.000000  0.045295  0.040641  0.019997
8841  0.000000  0.168448  0.000000  0.045297  0.040645  0.019996
8842  0.000000  0.168460  0.000000  0.045300  0.040648  0.019996
8843  0.000000  0.168471  0.000000  0.045303  0.040651  0.019995
8844  0.000000  0.168482  0.000000  0.045306  0.040655  0.019995
8845  0.000000  0.168493  0.000000  0.045308  0.040658  0.019994
8846  0.000000  0.168503  0.000000  0.045311  0.040661  0.019994
8847  0.000000  0.168514  0.000000  0.045314  0.040664  0.019994
8848  0.000000  0.168525  0.000000  0.045317  0.040668  0.019993
8849  0.000000  0.168536  0.000000  0.045319  0.040671  0.019993
8850  0.000000  0.168547  0.000000  0.045322  0.040674  0.019992
8851  0.000000  0.168557  0.000000  0.045325  0.040677  0.019992
8852  0.000000  0.168568  0.000000  0.045327  0.040681  0.019991
8853  0.000000  0.168578  0.000000  0.045330  0.040684  0.019991
8854  0.000000  0.168589  0.000000  0.045333  0.040687  0.019990
8855  0.000000  0.168600  0.000000  0.045335  0.040690  0.019990
8856  0.000000  0.168610  0.000000  0.045338  0.040693  0.019989
8857  0.000000  0.168620  0.000000  0.045340  0.040696  0.019989
8858  0.000000  0.168631  0.000000  0.045343  0.040700  0.019988
8859  0.000000  0.168641  0.000000  0.045346  0.040703  0.019988
8860  0.000000  0.168651  0.000000  0.045348  0.040706  0.019987
8861  0.000000  0.168662  0.000000  0.045351  0.040709  0.019987
8862  0.000000  0.168672  0.000000  0.045353  0.040712  0.019987
8863  0.000000  0.168682  0.000000  0.045356  0.040715  0.019986
8864  0.000000  0.168692  0.000000  0.045358  0.040718  0.019986
8865  0.000000  0.168702  0.000000  0.045361  0.040721  0.019985
8866  0.000000  0.168712  0.000000  0.045363  0.040724  0.019985
8867  0.000000  0.168722  0.000000  0.045366  0.040727  0.019984
8868  0.000000  0.168732  0.000000  0.045368  0.040730  0.019984
8869  0.000000  0.168742  0.000000  0.045371  0.040733  0.019983
8870  0.000000  0.168752  0.000000  0.045373  0.040736  0.019983
8871  0.000000  0.168762  0.000000  0.045376  0.040739  0.019983
8872  0.000000  0.168772  0.000000  0.045378  0.040742  0.019982
8873  0.000000  0.168781  0.000000  0.045381  0.040745  0.019982
8874  0.000000  0.168791  0.000000  0.045383  0.040748  0.019981
8875  0.000000  0.168801  0.000000  0.045386  0.040751  0.019981
8876  0.000000  0.168810  0.000000  0.045388  0.040753  0.019980
8877  0.000000  0.168820  0.000000  0.045390  0.040756  0.019980
8878  0.000000  0.168829  0.000000  0.045393  0.040759  0.019980
8879  0.000000  0.168839  0.000000  0.045395  0.040762  0.019979
8880  0.000000  0.168848  0.000000  0.045397  0.040765  0.019979
8881  0.000000  0.168858  0.000000  0.045400  0.040768  0.019978
8882  0.000000  0.168867  0.000000  0.045402  0.040771  0.019978
8883  0.000000  0.168876  0.000000  0.045404  0.040773  0.019978
8884  0.000000  0.168886  0.000000  0.045407  0.040776  0.019977
8885  0.000000  0.168895  0.000000  0.045409  0.040779  0.019977
8886  0.000000  0.168904  0.000000  0.045411  0.040782  0.019976
8887  0.000000  0.168913  0.000000  0.045414  0.040784  0.019976
8888  0.000000  0.168922  0.000000  0.045416  0.040787  0.019976
8889  0.000000  0.168931  0.000000  0.045418  0.040790  0.019975
8890  0.000000  0.168940  0.000000  0.045421  0.040793  0.019975
8891  0.000000  0.168949  0.000000  0.045423  0.040795  0.019974
8892  0.000000  0.168958  0.000000  0.045425  0.040798  0.019974
8893  0.000000  0.168967  0.000000  0.045427  0.040801  0.019974
8894  0.000000  0.168976  0.000000  0.045429  0.040803  0.019973
8895  0.000000  0.168985  0.000000  0.045432  0.040806  0.019973
8896  0.000000  0.168994  0.000000  0.045434  0.040809  0.019972
8897  0.000000  0.169002  0.000000  0.045436  0.040811  0.019972
8898  0.000000  0.169011  0.000000  0.045438  0.040814  0.019972
8899  0.000000  0.169020  0.000000  0.045440  0.040816  0.019971
8900  0.000000  0.169028  0.000000  0.045442  0.040819  0.019971
8901  0.000000  0.169037  0.000000  0.045445  0.040821  0.019970
8902  0.000000  0.169045  0.000000  0.045447  0.040824  0.019970
8903  0.000000  0.169054  0.000000  0.045449  0.040827  0.019970
8904  0.000000  0.169062  0.000000  0.045451  0.040829  0.019969
8905  0.000000  0.169070  0.000000  0.045453  0.040832  0.019969
8906  0.000000  0.169079  0.000000  0.045455  0.040834  0.019969
8907  0.000000  0.169087  0.000000  0.045457  0.040837  0.019968
8908  0.000000  0.169095  0.000000  0.045459  0.040839  0.019968
8909  0.000000  0.169103  0.000000  0.045461  0.040842  0.019968
8910  0.000000  0.169112  0.000000  0.045463  0.040844  0.019967
8911  0.000000  0.169120  0.000000  0.045465  0.040846  0.019967
8912  0.000000  0.169128  0.000000  0.045467  0.040849  0.019966
8913  0.000000  0.169136  0.000000  0.045469  0.040851  0.019966
8914  0.000000  0.169144  0.000000  0.045471  0.040854  0.019966
8915  0.000000  0.169152  0.000000  0.045473  0.040856  0.019965
8916  0.000000  0.169160  0.000000  0.045475  0.040858  0.019965
8917  0.000000  0.169167  0.000000  0.045477  0.040861  0.019965
8918  0.000000  0.169175  0.000000  0.045479  0.040863  0.019964
8919  0.000000  0.169183  0.000000  0.045481  0.040865  0.019964
8920  0.000000  0.169191  0.000000  0.045483  0.040868  0.019964
8921  0.000000  0.169198  0.000000  0.045485  0.040870  0.019963
8922  0.000000  0.169206  0.000000  0.045487  0.040872  0.019963
8923  0.000000  0.169214  0.000000  0.045489  0.040875  0.019963
8924  0.000000  0.169221  0.000000  0.045491  0.040877  0.019962
8925  0.000000  0.169229  0.000000  0.045493  0.040879  0.019962
8926  0.000000  0.169236  0.000000  0.045495  0.040881  0.019962
8927  0.000000  0.169244  0.000000  0.045496  0.040884  0.019961
8928  0.000000  0.169251  0.000000  0.045498  0.040886  0.019961
8929  0.000000  0.169258  0.000000  0.045500  0.040888  0.019961
8930  0.000000  0.169266  0.000000  0.045502  0.040890  0.019960
8931  0.000000  0.169273  0.000000  0.045504  0.040892  0.019960
8932  0.000000  0.169280  0.000000  0.045506  0.040895  0.019960
8933  0.000000  0.169287  0.000000  0.045507  0.040897  0.019959
8934  0.000000  0.169294  0.000000  0.045509  0.040899  0.019959
8935  0.000000  0.169301  0.000000  0.045511  0.040901  0.019959
8936  0.000000  0.169308  0.000000  0.045513  0.040903  0.019958
8937  0.000000  0.169315  0.000000  0.045514  0.040905  0.019958
8938  0.000000  0.169322  0.000000  0.045516  0.040907  0.019958
8939  0.000000  0.169329  0.000000  0.045518  0.040909  0.019958
8940  0.000000  0.169336  0.000000  0.045520  0.040911  0.019957
8941  0.000000  0.169343  0.000000  0.045521  0.040914  0.019957
8942  0.000000  0.169350  0.000000  0.045523  0.040916  0.019957
8943  0.000000  0.169356  0.000000  0.045525  0.040918  0.019956
8944  0.000000  0.169363  0.000000  0.045526  0.040920  0.019956
8945  0.000000  0.169370  0.000000  0.045528  0.040922  0.019956
8946  0.000000  0.169376  0.000000  0.045530  0.040924  0.019955
8947  0.000000  0.169383  0.000000  0.045531  0.040926  0.019955
8948  0.000000  0.169389  0.000000  0.045533  0.040928  0.019955
8949  0.000000  0.169396  0.000000  0.045535  0.040929  0.019955
8950  0.000000  0.169402  0.000000  0.045536  0.040931  0.019954
8951  0.000000  0.169409  0.000000  0.045538  0.040933  0.019954
8952  0.000000  0.169415  0.000000  0.045539  0.040935  0.019954
8953  0.000000  0.169421  0.000000  0.045541  0.040937  0.019954
8954  0.000000  0.169428  0.000000  0.045543  0.040939  0.019953
8955  0.000000  0.169434  0.000000  0.045544  0.040941  0.019953
8956  0.000000  0.169440  0.000000  0.045546  0.040943  0.019953
8957  0.000000  0.169446  0.000000  0.045547  0.040945  0.019952
8958  0.000000  0.169452  0.000000  0.045549  0.040946  0.019952
8959  0.000000  0.169458  0.000000  0.045550  0.040948  0.019952
8960  0.000000  0.169464  0.000000  0.045552  0.040950  0.019952
8961  0.000000  0.169470  0.000000  0.045553  0.040952  0.019951
8962  0.000000  0.169476  0.000000  0.045555  0.040954  0.019951
8963  0.000000  0.169482  0.000000  0.045556  0.040955  0.019951
8964  0.000000  0.169488  0.000000  0.045558  0.040957  0.019951
8965  0.000000  0.169494  0.000000  0.045559  0.040959  0.019950
8966  0.000000  0.169499  0.000000  0.045561  0.040961  0.019950
8967  0.000000  0.169505  0.000000  0.045562  0.040962  0.019950
8968  0.000000  0.169511  0.000000  0.045563  0.040964  0.019950
8969  0.000000  0.169516  0.000000  0.045565  0.040966  0.019949
8970  0.000000  0.169522  0.000000  0.045566  0.040967  0.019949
8971  0.000000  0.169527  0.000000  0.045568  0.040969  0.019949
8972  0.000000  0.169533  0.000000  0.045569  0.040971  0.019949
8973  0.000000  0.169538  0.000000  0.045570  0.040972  0.019948
8974  0.000000  0.169544  0.000000  0.045572  0.040974  0.019948
8975  0.000000  0.169549  0.000000  0.045573  0.040975  0.019948
8976  0.000000  0.169554  0.000000  0.045574  0.040977  0.019948
8977  0.000000  0.169560  0.000000  0.045576  0.040979  0.019947
8978  0.000000  0.169565  0.000000  0.045577  0.040980  0.019947
8979  0.000000  0.169570  0.000000  0.045578  0.040982  0.019947
8980  0.000000  0.169575  0.000000  0.045580  0.040983  0.019947
8981  0.000000  0.169580  0.000000  0.045581  0.040985  0.019947
8982  0.000000  0.169585  0.000000  0.045582  0.040986  0.019946
8983  0.000000  0.169590  0.000000  0.045583  0.040988  0.019946
8984  0.000000  0.169595  0.000000  0.045585  0.040989  0.019946
8985  0.000000  0.169600  0.000000  0.045586  0.040991  0.019946
8986  0.000000  0.169605  0.000000  0.045587  0.040992  0.019945
8987  0.000000  0.169610  0.000000  0.045588  0.040994  0.019945
8988  0.000000  0.169615  0.000000  0.045590  0.040995  0.019945
8989  0.000000  0.169620  0.000000  0.045591  0.040997  0.019945
8990  0.000000  0.169624  0.000000  0.045592  0.040998  0.019945
8991  0.000000  0.169629  0.000000  0.045593  0.040999  0.019944
8992  0.000000  0.169634  0.000000  0.045594  0.041001  0.019944
8993  0.000000  0.169638  0.000000  0.045595  0.041002  0.019944
8994  0.000000  0.169643  0.000000  0.045597  0.041004  0.019944
8995  0.000000  0.169647  0.000000  0.045598  0.041005  0.019944
8996  0.000000  0.169652  0.000000  0.045599  0.041006  0.019943
8997  0.000000  0.169656  0.000000  0.045600  0.041008  0.019943
8998  0.000000  0.169660  0.000000  0.045601  0.041009  0.019943
8999  0.000000  0.169665  0.000000  0.045602  0.041010  0.019943
9000  0.000000  0.169669  0.000000  0.045603  0.041011  0.019943
9001  0.000000  0.169673  0.000000  0.045604  0.041013  0.019942
9002  0.000000  0.169677  0.000000  0.045605  0.041014  0.019942
9003  0.000000  0.169681  0.000000  0.045606  0.041015  0.019942
9004  0.000000  0.169686  0.000000  0.045607  0.041016  0.019942
9005  0.000000  0.169690  0.000000  0.045608  0.041018  0.019942
9006  0.000000  0.169694  0.000000  0.045609  0.041019  0.019942
9007  0.000000  0.169698  0.000000  0.045610  0.041020  0.019941
9008  0.000000  0.169702  0.000000  0.045611  0.041021  0.019941
9009  0.000000  0.169705  0.000000  0.045612  0.041022  0.019941
9010  0.000000  0.169709  0.000000  0.045613  0.041024  0.019941
9011  0.000000  0.169713  0.000000  0.045614  0.041025  0.019941
9012  0.000000  0.169717  0.000000  0.045615  0.041026  0.019941
9013  0.000000  0.169721  0.000000  0.045616  0.041027  0.019940
9014  0.000000  0.169724  0.000000  0.045617  0.041028  0.019940
9015  0.000000  0.169728  0.000000  0.045618  0.041029  0.019940
9016  0.000000  0.169731  0.000000  0.045619  0.041030  0.019940
9017  0.000000  0.169735  0.000000  0.045620  0.041031  0.019940
9018  0.000000  0.169739  0.000000  0.045621  0.041032  0.019940
9019  0.000000  0.169742  0.000000  0.045622  0.041033  0.019939
9020  0.000000  0.169745  0.000000  0.045622  0.041034  0.019939
9021  0.000000  0.169749  0.000000  0.045623  0.041035  0.019939
9022  0.000000  0.169752  0.000000  0.045624  0.041036  0.019939
9023  0.000000  0.169755  0.000000  0.045625  0.041037  0.019939
9024  0.000000  0.169759  0.000000  0.045626  0.041038  0.019939
9025  0.000000  0.169762  0.000000  0.045626  0.041039  0.019939
9026  0.000000  0.169765  0.000000  0.045627  0.041040  0.019938
9027  0.000000  0.169768  0.000000  0.045628  0.041041  0.019938
9028  0.000000  0.169771  0.000000  0.045629  0.041042  0.019938
9029  0.000000  0.169774  0.000000  0.045630  0.041043  0.019938
9030  0.000000  0.169777  0.000000  0.045630  0.041044  0.019938
9031  0.000000  0.169780  0.000000  0.045631  0.041045  0.019938
9032  0.000000  0.169783  0.000000  0.045632  0.041046  0.019938
9033  0.000000  0.169786  0.000000  0.045633  0.041047  0.019937
9034  0.000000  0.169789  0.000000  0.045633  0.041047  0.019937
9035  0.000000  0.169791  0.000000  0.045634  0.041048  0.019937
9036  0.000000  0.169794  0.000000  0.045635  0.041049  0.019937
9037  0.000000  0.169797  0.000000  0.045635  0.041050  0.019937
9038  0.000000  0.169799  0.000000  0.045636  0.041051  0.019937
9039  0.000000  0.169802  0.000000  0.045637  0.041051  0.019937
9040  0.000000  0.169805  0.000000  0.045637  0.041052  0.019937
9041  0.000000  0.169807  0.000000  0.045638  0.041053  0.019937
9042  0.000000  0.169810  0.000000  0.045638  0.041054  0.019936
9043  0.000000  0.169812  0.000000  0.045639  0.041054  0.019936
9044  0.000000  0.169814  0.000000  0.045640  0.041055  0.019936
9045  0.000000  0.169817  0.000000  0.045640  0.041056  0.019936
9046  0.000000  0.169819  0.000000  0.045641  0.041057  0.019936
9047  0.000000  0.169821  0.000000  0.045641  0.041057  0.019936
9048  0.000000  0.169823  0.000000  0.045642  0.041058  0.019936
9049  0.000000  0.169826  0.000000  0.045642  0.041059  0.019936
9050  0.000000  0.169828  0.000000  0.045643  0.041059  0.019936
9051  0.000000  0.169830  0.000000  0.045644  0.041060  0.019936
9052  0.000000  0.169832  0.000000  0.045644  0.041060  0.019935
9053  0.000000  0.169834  0.000000  0.045645  0.041061  0.019935
9054  0.000000  0.169836  0.000000  0.045645  0.041062  0.019935
9055  0.000000  0.169838  0.000000  0.045646  0.041062  0.019935
9056  0.000000  0.169839  0.000000  0.045646  0.041063  0.019935
9057  0.000000  0.169841  0.000000  0.045646  0.041063  0.019935
9058  0.000000  0.169843  0.000000  0.045647  0.041064  0.019935
9059  0.000000  0.169845  0.000000  0.045647  0.041064  0.019935
9060  0.000000  0.169846  0.000000  0.045648  0.041065  0.019935
9061  0.000000  0.169848  0.000000  0.045648  0.041065  0.019935
9062  0.000000  0.169850  0.000000  0.045649  0.041066  0.019935
9063  0.000000  0.169851  0.000000  0.045649  0.041066  0.019935
9064  0.000000  0.169853  0.000000  0.045649  0.041067  0.019935
9065  0.000000  0.169854  0.000000  0.045650  0.041067  0.019934
9066  0.000000  0.169856  0.000000  0.045650  0.041068  0.019934
9067  0.000000  0.169857  0.000000  0.045650  0.041068  0.019934
9068  0.000000  0.169858  0.000000  0.045651  0.041068  0.019934
9069  0.000000  0.169860  0.000000  0.045651  0.041069  0.019934
9070  0.000000  0.169861  0.000000  0.045651  0.041069  0.019934
9071  0.000000  0.169862  0.000000  0.045652  0.041070  0.019934
9072  0.000000  0.169863  0.000000  0.045652  0.041070  0.019934
9073  0.000000  0.169864  0.000000  0.045652  0.041070  0.019934
9074  0.000000  0.169866  0.000000  0.045653  0.041071  0.019934
9075  0.000000  0.169867  0.000000  0.045653  0.041071  0.019934
9076  0.000000  0.169868  0.000000  0.045653  0.041071  0.019934
9077  0.000000  0.169868  0.000000  0.045653  0.041071  0.019934
9078  0.000000  0.169869  0.000000  0.045654  0.041072  0.019934
9079  0.000000  0.169870  0.000000  0.045654  0.041072  0.019934
9080  0.000000  0.169871  0.000000  0.045654  0.041072  0.019934
9081  0.000000  0.169872  0.000000  0.045654  0.041072  0.019934
9082  0.000000  0.169873  0.000000  0.045654  0.041073  0.019934
9083  0.000000  0.169873  0.000000  0.045654  0.041073  0.019934
9084  0.000000  0.169874  0.000000  0.045655  0.041073  0.019934
9085  0.000000  0.169875  0.000000  0.045655  0.041073  0.019934
9086  0.000000  0.169875  0.000000  0.045655  0.041073  0.019934
9087  0.000000  0.169876  0.000000  0.045655  0.041074  0.019934
9088  0.000000  0.169876  0.000000  0.045655  0.041074  0.019933
9089  0.000000  0.169877  0.000000  0.045655  0.041074  0.019933
9090  0.000000  0.169877  0.000000  0.045655  0.041074  0.019933
9091  0.000000  0.169877  0.000000  0.045655  0.041074  0.019933
9092  0.000000  0.169878  0.000000  0.045656  0.041074  0.019933
9093  0.000000  0.169878  0.000000  0.045656  0.041074  0.019933
9094  0.000000  0.169878  0.000000  0.045656  0.041074  0.019933
9095  0.000000  0.169878  0.000000  0.045656  0.041074  0.019933
9096  0.000000  0.169878  0.000000  0.045656  0.041074  0.019933
9097  0.000000  0.169878  0.000000  0.045656  0.041074  0.019933
9098  0.000000  0.169878  0.000000  0.045656  0.041074  0.019933
9099  0.000000  0.169878  0.000000  0.045656  0.041074  0.019933
